"t","x_1","x_2","x_3","x_4","x_5"
1,0.18488225992769,0.702374035958201,0.573326334822923,0.168051920365542,0.943839338840917
2,0.0203842845878019,0.720482943673578,0.182257397477811,0.00527022138442412,0.14807224406616
3,0.00401645753705515,0.574187393976333,0.276885727050995,0.0178335599020008,0.0214361986670827
4,0.00170476545180379,0.45130345822904,0.515281924836902,0.116061426200596,0.00438455804568567
5,0.00132560017477801,0.356989773783891,0.948890641479829,0.784196282108398,0.0100016195826373
6,0.00163857809323685,0.284715987180507,0.346813550974676,0.0416008036380689,0.647768416804474
7,0.00289088867503643,0.229182829103348,0.21343897021627,0.0093903846606002,0.0945429086038137
8,0.00669524469445649,0.187089174104907,0.353080267909359,0.0416399861732195,0.0149798520443668
9,0.0189370378717451,0.157737958281944,0.655290550645231,0.275479628370185,0.00541992430200315
10,0.060167648322589,0.146631894262228,1.02997996591437,1.16936247702057,0.272458055366869
11,0.180966252779702,0.184740154698854,0.229997276334359,0.0133161135999815,0.256857611424578
12,0.284678793096743,0.4072784892534,0.286057792436812,0.0248768311757993,0.0388147241272451
13,0.0856508183880931,0.669022211276562,0.513722706216661,0.145413042518947,0.00893529016573846
14,0.0165635562847994,0.604264562743588,0.918735359248937,0.891002853536577,0.0353255959116097
15,0.00578286359229142,0.487043475895412,0.307588407014169,0.0353668617291313,0.450617972243534
16,0.00371842708032122,0.388629594326648,0.265742177767434,0.0222250570153069,0.0700404477902485
17,0.00389967354291793,0.311833436870945,0.452313515738764,0.109422137609052,0.0143446949920507
18,0.00596875916074994,0.252973968598095,0.812435649660863,0.669375255809432,0.0236946935230965
19,0.0121564065881727,0.209431544004379,0.388262046252686,0.0778260719373997,0.54569600358204
20,0.0302261863020454,0.181881335281224,0.268190377656775,0.0251659605193081,0.0917682434548023
21,0.0820506556024788,0.180019547618892,0.437772994657423,0.109053409813902,0.0190111437337426
22,0.191185876778346,0.245942482524043,0.776178419605317,0.637641200259294,0.0290105812332396
23,0.201679412086666,0.466016576202055,0.398642129030271,0.0915213819895681,0.519467161893518
24,0.0645473335077304,0.603170624461955,0.281853262537374,0.0318371342699743,0.0926152080005256
25,0.01865929532755,0.537986608324106,0.456213484016218,0.134974438399742,0.0213579534024428
26,0.00890070466601412,0.44113051209905,0.786258715286467,0.724675931693558,0.0518666241455893
27,0.0070747943477685,0.357860460471462,0.35325090332354,0.0687963263030574,0.419304742027006
28,0.00852685091656761,0.292351616244852,0.305766866370762,0.0439231105328053,0.076603721379063
29,0.0141479363460837,0.243402925921898,0.503847418243964,0.19799611340704,0.0225766212466329
30,0.0294429623263383,0.211537495594385,0.796077669347777,0.82071562157075,0.148239607956422
31,0.0686621463900925,0.204096185704855,0.309207570637367,0.0494484293399771,0.286669468801452
32,0.146530249929245,0.248717282000062,0.345963413616961,0.0683380245663271,0.0557891953393799
33,0.18283616236086,0.399364958856381,0.580965343819629,0.329767806995934,0.0276120342699374
34,0.0884480051551188,0.543821048816161,0.648174207345831,0.481248913437917,0.432183594066463
35,0.0309228285362274,0.523754196735031,0.297554276444023,0.0468407119146275,0.170292647844677
36,0.0150514387001344,0.444730265065113,0.410693418434003,0.122453633645882,0.0400102384797686
37,0.0114780758781838,0.367902744573677,0.678118274470558,0.568833231477185,0.0576265074759486
38,0.0129521698520706,0.305419805595367,0.406207432940088,0.127105997627096,0.414151926875552
39,0.0198270522661909,0.258997796137087,0.324729058593585,0.0643748608548437,0.0938974685406891
40,0.0374271385873452,0.230879000720472,0.506613503009342,0.246351536584533,0.0354802815858419
41,0.0769396072164071,0.230088428718811,0.683998374357457,0.630500787287592,0.256142754969049
42,0.138594185095019,0.282313463609372,0.319157770372958,0.0650223134780188,0.22096410374106
43,0.148587763532257,0.411369575909353,0.392037448108275,0.11969767614226,0.0546695049937338
44,0.0780877959164328,0.508517098848173,0.624950786656275,0.496480306992985,0.0626126776095743
45,0.0338446666502476,0.488098795304584,0.433551762451744,0.171479641614552,0.397030311290103
46,0.0193791773635693,0.422213074526194,0.333338009977737,0.0775134714976763,0.106262898286105
47,0.0162332309532746,0.35621988205761,0.499610729738273,0.262741142208083,0.0451967249982533
48,0.0190702726465266,0.302309667547648,0.626858398726299,0.536320252520189,0.274639133785787
49,0.0290170985293056,0.264120502131539,0.329344787506401,0.0786443482671154,0.203793353049872
50,0.0517280698974788,0.246403485518789,0.409247924556393,0.150259421675502,0.0591357177331972
51,0.0934048286558896,0.261416079020974,0.617873690443531,0.528907354362817,0.0964523272795789
52,0.133802975398953,0.330855920336147,0.394702914591779,0.141383393392557,0.330404689435676
53,0.113051358713233,0.437687706711865,0.355859347241923,0.103024457553459,0.0943794073449261
54,0.0602963509093215,0.481729347372747,0.529059014061787,0.342087932259001,0.0596767198313286
55,0.0320393824757654,0.448727980453242,0.525681073867017,0.345182529846836,0.342296200345656
56,0.0224179197012204,0.391222858821471,0.337180496273806,0.0913153908696424,0.154668133530453
57,0.021630668531885,0.336579030337949,0.451109471004764,0.218821847390651,0.0605388050949113
58,0.0274698366393453,0.293902498994387,0.598013309357121,0.521806560384334,0.190501913636456
59,0.0423260123174848,0.268043283022685,0.355422704872004,0.111036092650074,0.237414636882158
60,0.0706005331833339,0.266566697532469,0.39571687903771,0.152580997017793,0.0776903550981647
61,0.107159903806251,0.303119108064,0.567932312290487,0.458189057140108,0.101939027736527
62,0.11660904319794,0.381614151353766,0.414017828964984,0.181156352162346,0.310881141498106
63,0.081342745475129,0.448893342735224,0.362503142714968,0.121147161663701,0.108735321161182
64,0.046696510463284,0.450844626741854,0.509425309090009,0.338827185722544,0.0757106270688823
65,0.0305124400750412,0.410397109421963,0.495897448885458,0.319343372620851,0.30567508541213
66,0.0259531500160331,0.360926530147421,0.350529275782536,0.112959306038486,0.153467588295382
67,0.028723304264983,0.317955807934053,0.455376051257716,0.247983259377074,0.0736793833449935
68,0.0390225715006884,0.288399162874189,0.548134997238716,0.44064100624946,0.219452957903523
69,0.0593316351261057,0.27844423785108,0.359870978920289,0.125720316078297,0.207944668837763
70,0.0882094703782039,0.297269254142737,0.41328993459844,0.189934299782939,0.0838347729829185
71,0.10660185444815,0.351073926300849,0.547131480994564,0.446916880665896,0.143649252876125
72,0.0905679344129118,0.414929922174887,0.390176731007047,0.164225478539199,0.258864900221888
73,0.0593447922566366,0.438637777488162,0.384193498277711,0.156232420275355,0.102940813684181
74,0.0391679803354273,0.416902466719532,0.517109598058416,0.384373893950383,0.105885245719877
75,0.031188909376071,0.376378420450634,0.435965175264419,0.23391938806341,0.282321517847133
76,0.0313318071234827,0.33620889800804,0.367787243273606,0.140192644254938,0.129790809003972
77,0.0384616724895707,0.30578723058637,0.480163440698653,0.313271773494298,0.0918504073625182
78,0.0536303680070122,0.291342225958381,0.481671699952153,0.321077562743517,0.261399533085871
79,0.076162763440497,0.299822721487872,0.363671428686322,0.138418628400362,0.162678907144819
80,0.0951243806846278,0.336560141455772,0.445922898491803,0.255290355149619,0.0906577776793657
81,0.0911946470249609,0.389357206038036,0.508912433543363,0.38455312568728,0.211835686477218
82,0.0678062431795766,0.421632401154766,0.371383652005438,0.150251192709576,0.197892275286015
83,0.0470859289369142,0.415107719842735,0.417770877828933,0.213465686702824,0.0974409541599608
84,0.0366725536153399,0.384796145368991,0.512302357450662,0.397784633117476,0.164515267360321
85,0.0345919779541977,0.349380623946277,0.389721484587403,0.176576789801607,0.228738893426356
86,0.0392645549699755,0.319988418399053,0.39673825320413,0.18577190945572,0.11006756362756
87,0.050793562936464,0.303387463585246,0.499093173612911,0.372569791288525,0.132921299122615
88,0.0685180502348128,0.305476679412527,0.415611124503464,0.217309452279586,0.24652987489942
89,0.0855557099931393,0.330576231143449,0.38300524186947,0.169692675394607,0.127325156610778
90,0.0878534832535832,0.372208758792161,0.478268807344692,0.331839693976526,0.115742369644745
91,0.0722231525424063,0.405253757333743,0.44340008809807,0.267212837477724,0.244923870769625
92,0.0534849432356957,0.408902875264425,0.376464469594315,0.163437207265891,0.148012749756679
93,0.0418946963855743,0.388168922324175,0.455793608178865,0.290529695738618,0.108685351728628
94,0.0380824474730689,0.358420562755282,0.466152797242596,0.313892833715442,0.225474678362562
95,0.0407677787024834,0.331269482762382,0.376829152135039,0.166046683813272,0.170402361404411
96,0.0495335842428117,0.313994570982727,0.434873446653664,0.25509750284489,0.108548815107588
97,0.0635871069634875,0.312035421613531,0.478998529596015,0.343853524051001,0.197314610365658
98,0.0782058385553827,0.329014359675693,0.383537152090204,0.177124061672993,0.191976780861718
99,0.0833159380988275,0.361247839068968,0.417088415888376,0.227405138490553,0.113394171605255
100,0.0737469548686398,0.391526024897874,0.48120786365637,0.351662804088748,0.170127254204883
101,0.0581617316923793,0.400991721040584,0.395521478000402,0.1962643507889,0.209506720931472
102,0.0465286025725409,0.388222298095076,0.403185336840829,0.207439106265768,0.122020342493838
103,0.0415295767427525,0.36425823458498,0.475147631903872,0.341234742448249,0.149032839091533
104,0.0426108242245983,0.340037800219486,0.410977048860768,0.222173892298027,0.219748882884704
105,0.0491872881548259,0.323056915444096,0.39347086020266,0.194587364450224,0.133527468486675
106,0.0603702185222388,0.318551397242121,0.464072462001792,0.320264233868635,0.13498913331804
107,0.0726864714854143,0.329732306760495,0.42738503106173,0.251816490817808,0.22071172832602
108,0.0788220128030468,0.354450059554241,0.388016226654448,0.188211062866343,0.147037519349832
109,0.0735274398811276,0.380741136003906,0.450763235920116,0.295509800580235,0.127120377884989
110,0.0612855088571245,0.392949993559235,0.441954009391378,0.280343057316572,0.212796763392222
111,0.0504188026249217,0.386280210917006,0.386718268717228,0.187798319738572,0.161508984460244
112,0.0447581040631116,0.367702150588253,0.437196884660008,0.27136709730041,0.124193380261957
113,0.0445808142551059,0.346712001874594,0.452421935621994,0.302518705611804,0.198796114486777
114,0.0493866319528185,0.330650966968238,0.389278899628865,0.192920825493741,0.175654362405724
115,0.0582749280528186,0.32461629039751,0.4246552343896,0.250195514944298,0.125138980206523
116,0.0685619087774636,0.331595780775967,0.45770277159283,0.314874739510393,0.182514659246673
117,0.0748258196582328,0.35039090406193,0.395164349504636,0.203089003346484,0.187981628163615
118,0.0723900631070862,0.372550208068687,0.41393141449093,0.233052172616936,0.129122214696328
119,0.0631743107950176,0.3855625701977,0.457959115826291,0.316883928073389,0.167160005652329
120,0.0535384261459682,0.383278029509532,0.403550056042212,0.217506249788876,0.196995620213072
121,0.0476646135631128,0.369412853625069,0.405492523723818,0.220275512715229,0.135461364845295
122,0.0465455264817154,0.351674983018105,0.454183132484573,0.310427300986721,0.154604791238429
123,0.0499131230908556,0.336918642972536,0.413321718176901,0.234830196832183,0.20153840172278
124,0.0569381435404019,0.330067567903426,0.399591865677449,0.211866445254362,0.143531099614524
125,0.0654824465300669,0.33398687417554,0.447683077642294,0.298455091900891,0.145518947776091
126,0.0714390892937504,0.348130583097109,0.423177121613974,0.253092115180994,0.201180464660241
127,0.0708484946069222,0.366458833025385,0.396310971126719,0.207660830509741,0.152679765403839
128,0.0641564529626402,0.379142847342467,0.439708983647711,0.283822636129012,0.139858238868487
129,0.055941031662362,0.379835685150951,0.431839050698931,0.269929504851083,0.19640720907729
130,0.0501990392190699,0.369909516254623,0.395595100936892,0.207424844672507,0.162188146421962
131,0.0484216114982483,0.35526092745453,0.431296366004979,0.268759968857806,0.137263429568164
132,0.0506294265890003,0.342020002564693,0.438310880907297,0.283134031394208,0.188485148037793
133,0.0561275217261139,0.334859662531852,0.397244933285452,0.210845132063481,0.171259942546064
134,0.0631881055689347,0.336560538709199,0.423235223177772,0.254791106827003,0.137279030965107
135,0.0686394059971847,0.347054395046163,0.442054256932936,0.291247308923693,0.179039156873783
136,0.0691980270808447,0.362005804905208,0.400907226929197,0.217479262931786,0.179071005789765
137,0.0645108304454865,0.373753083616408,0.416090730414819,0.242845291317009,0.139447048172424
138,0.0577205610059158,0.376341750331344,0.443022243325267,0.293877426381981,0.169578835616015
139,0.0523492746160648,0.369589560155432,0.406078159372722,0.226689261712374,0.184867765188685
140,0.0501575985697925,0.357754778486774,0.410249544341304,0.233432582465637,0.143322990590378
141,0.0514449384593176,0.346113147807875,0.441557598524731,0.29160728746352,0.161206152010381
142,0.0556876385229064,0.339003410780553,0.412123206410423,0.237586827991934,0.188107071721778
143,0.0614884207420256,0.339120678402944,0.405950315635622,0.22678200534117,0.148461454568881
144,0.0663593146789099,0.346755625500764,0.438228355998065,0.285628869454506,0.154555811535725
145,0.0675980507117543,0.35880972779446,0.418332870997827,0.249049229923369,0.188581429502658
146,0.0644528500093454,0.369334686774098,0.40330706278989,0.222940182164082,0.154399636757359
147,0.0589842628821382,0.373024920317178,0.433677198061169,0.277333699328347,0.149877231806801
148,0.0541290680202224,0.368750660180089,0.424015222710103,0.259835445003484,0.186482221205668
149,0.0517241506519324,0.359396235800188,0.402324165777547,0.221826149993117,0.160647454578209
150,0.0522977662004059,0.349346405053603,0.42851815742522,0.268017862599482,0.147166047148126
151,0.0555101601186853,0.342537412273822,0.428596677393137,0.268789297595748,0.182355395869414
152,0.0602426669425182,0.341555871708794,0.402901213082493,0.223248773198723,0.166695207360989
153,0.0645221251487909,0.346960360357774,0.423282845594482,0.258738630240226,0.146270750216265
154,0.0661278505325843,0.3565690554558,0.431701566814932,0.275059252016901,0.176964865185317
155,0.0641399691816381,0.365778895451183,0.404834661481479,0.226901699475846,0.172041131949697
156,0.0598366604257736,0.370007510279905,0.418399443533592,0.250277224552082,0.146959031064437
157,0.0555683325422889,0.367611057761721,0.433186161084905,0.278245611732845,0.171114933060298
158,0.0531077599099074,0.360384652088894,0.407829312256416,0.232355562972552,0.176239557855134
159,0.0531450626306719,0.351855527794139,0.414190471550329,0.243161677720163,0.148958458026894
160,0.0555169324926016,0.345513315776623,0.43311875089011,0.278415397323063,0.165504106681361
161,0.0593452355087032,0.343804606162042,0.411514038499822,0.23904976661878,0.178958261541161
162,0.0630554345280161,0.347480977081895,0.410881388382137,0.237715414499337,0.151968980730509
163,0.0648210125371709,0.355049447976853,0.431731400205669,0.276016062325986,0.160645527156472
164,0.0636831378802146,0.362962780387772,0.415472980787482,0.246313394451374,0.180035151613234
165,0.0603713288804856,0.367343660704811,0.408605546561646,0.234097445902798,0.155667992824903
166,0.0567057417184457,0.366327076478565,0.429350187560645,0.271716496827837,0.156852046887838
167,0.0543064873141053,0.360883921487446,0.419290927389691,0.253424546122415,0.179507390220734
168,0.0539573099015984,0.353762561594431,0.40741188283739,0.232337782820602,0.159718838430933
169,0.0556500521302732,0.347988020297915,0.426334098103099,0.266253690729435,0.154264360851131
170,0.0587154908471241,0.345836219205929,0.422600974222047,0.259695285304013,0.177600484142493
171,0.0618954033415002,0.348187363825734,0.407271300734187,0.232358899199138,0.163778474058535
172,0.0636857509734446,0.354069745597329,0.423032783803159,0.260324667097705,0.152893421330902
173,0.0631582714077597,0.360766633985809,0.425126461756095,0.264567537294201,0.174682028494173
174,0.0606677064607922,0.365045220962996,0.408082037588376,0.23398609977791,0.167514571536867
175,0.0575833729212057,0.365007483222323,0.4197576521034,0.254521346553908,0.152658551752874
176,0.0553265974792584,0.36102697664685,0.426708726150122,0.267693359538534,0.171190253965399
177,0.0547147913521854,0.355175673371927,0.409676505650019,0.236951251471329,0.170632004851191
178,0.0558660200231303,0.350019755606411,0.416765502484741,0.249303022766586,0.153416474320242
179,0.0582909461732545,0.347639432873491,0.427311192640281,0.268967349452052,0.167556807896913
180,0.0609874367543913,0.348988647862911,0.411836851830388,0.240905780673733,0.172900942756508
181,0.0627164634056607,0.353490065080627,0.414252382034956,0.244996317472168,0.154984263191598
182,0.0626157222986523,0.359081499509072,0.427002851077618,0.268507025695447,0.164151600527803
183,0.0607907769205733,0.363098858414423,0.41431221798147,0.245436660307696,0.174182005274864
184,0.0582430601135153,0.363724957116322,0.412353179552667,0.241808281848062,0.157151103895785
185,0.0561799846446547,0.360919975975063,0.42593378921236,0.266604778014973,0.161251792717508
186,0.0554053802292783,0.356189574083359,0.416841669489699,0.250095957110022,0.174445438301678
187,0.056131960866226,0.351665428435923,0.411140962001049,0.239837609466979,0.159687643231577
188,0.0580226004525049,0.349215531691791,0.424303204423411,0.263655872377673,0.159032603490426
189,0.0602853744355946,0.349821736920727,0.419182284699172,0.254446413047696,0.173771952006875
190,0.0619005787899687,0.35320245632957,0.410630719126128,0.239089837514894,0.162359368714752
191,0.0620878057301038,0.357811992062793,0.422326996097819,0.260085161906651,0.157577646491272
192,0.0607921543590083,0.361477110725224,0.421133616115521,0.258109951631826,0.172332880592642
193,0.0587240172405545,0.362525335416103,0.41078435021865,0.23948965874176,0.164938358794542
194,0.0568819757593838,0.36064631510321,0.420217229378811,0.256299649957595,0.156894565557924
195,0.056022754018086,0.356886013438255,0.422554902100109,0.26080858404004,0.17036148688993
196,0.056423111920476,0.352979026784524,0.411515757974952,0.24088886578039,0.167217749204616
197,0.0578717333955419,0.350573925481528,0.418165002354125,0.252653415524572,0.156930652745142
198,0.0597504962609024,0.350643340794087,0.42337581096343,0.2623945892916,0.168116935142322
199,0.0612225218839644,0.353123635789772,0.412699992924556,0.24307786363519,0.169028729288147
200,0.0615940574362027,0.356876357224391,0.416328245406452,0.249427172226203,0.15758970545512
201,0.0607118598361481,0.360145781810371,0.423593552224961,0.262852739921721,0.165845620411208
202,0.0590614869116659,0.361435017294398,0.41418572690903,0.245801191914541,0.170254873914387
203,0.0574497804727565,0.360270039836569,0.414826930332636,0.24682439660711,0.158744803943628
204,0.0565651116398911,0.357334547513363,0.423263344486904,0.262284901030024,0.163757973714389
205,0.0567211398217935,0.354010764882119,0.415809023025904,0.248776609819594,0.170842019474057
206,0.0578076763874705,0.351729337367141,0.413740173731116,0.244972011754682,0.160248472197501
207,0.0593503960767763,0.351424753575825,0.422484669219473,0.260882497320992,0.162012752470883
208,0.0606657080064943,0.353189682378942,0.417408031314577,0.25171794921033,0.17080344015677
209,0.0611452367817601,0.356205694178416,0.413105662031031,0.24392462797609,0.161942759870483
210,0.0605802705850349,0.359068498403635,0.421382942486658,0.25888771843206,0.160711491044582
211,0.0592861672066246,0.36046627077728,0.418840196814915,0.254365658038733,0.170211841264069
212,0.0579010957982925,0.359839255339676,0.412922085604496,0.243671933745892,0.16367082404261
213,0.0570338857549857,0.357593499534793,0.420093140542595,0.256558343880536,0.159901944012871
214,0.0570128268594663,0.354806414262631,0.419993625941006,0.256510038392722,0.169186396241848
215,0.0578061552488257,0.352699461915621,0.413153098205664,0.244146759616083,0.165286433624883
216,0.059058061474308,0.352147851539156,0.418747246659508,0.254141555128447,0.159584907738132
217,0.0602139091783275,0.353351795192328,0.420795207854988,0.258010038358188,0.167875392200228
218,0.0607462150671891,0.355742655799834,0.413732103232429,0.245232641495622,0.166664082908196
219,0.0604199084142621,0.358209394277661,0.417464036763755,0.251854292948002,0.159721914402154
220,0.059424088856793,0.359621786203186,0.421214243199448,0.258803788798,0.166435386637684
221,0.0582531310143881,0.359389250468784,0.414570814704747,0.246776908334243,0.167708984889166
222,0.0574329445942833,0.35771097533913,0.416340676553129,0.249869093711072,0.160246013909535
223,0.0572890635335856,0.355406997049091,0.421258912331085,0.258904192340132,0.165012458220494
224,0.0578480442637379,0.353503471245648,0.41556763329614,0.248602724867446,0.168363635816852
225,0.058851023943174,0.352802484970903,0.415449548119737,0.24831044995506,0.161069143294912
226,0.0598518548416925,0.353573142816428,0.420970850848164,0.258389226610648,0.16373048920906
227,0.0603978688497259,0.355439965138141,0.416617169214711,0.250524225620369,0.168611048378208
228,0.0602470471705507,0.357534731378253,0.41483549282001,0.24725236493383,0.16208965263972
229,0.05949684913627,0.358897778800879,0.420417148441901,0.257386094411747,0.162682006545626
230,0.0585220629906893,0.35894484011275,0.417620085671992,0.252363356899686,0.168474558490568
231,0.0577677028959139,0.357726019159595,0.414516107860311,0.246721171301618,0.163202276011601
232,0.0575439279150128,0.355848635357618,0.41967793958612,0.256046463973083,0.161925574732622
233,0.057918487822307,0.354161108366323,0.418492323932351,0.253966696124298,0.168010065745956
234,0.0587106995373165,0.353384346311861,0.414483565602269,0.246699697732666,0.164304779846182
235,0.0595656184526086,0.353826234638561,0.418839007599777,0.254530912312784,0.161487089581225
236,0.0600985120481425,0.355259049488927,0.419170723877612,0.255216988841382,0.167298091379531
237,0.0600731094004362,0.357013819292081,0.414707335641065,0.247132423947656,0.165305279269749
238,0.0595220178997515,0.358286407968006,0.417983619223319,0.252993002334751,0.161362367449606
239,0.0587225870599871,0.358522735519456,0.419617522590155,0.256042920240007,0.166433414831587
240,0.0580444484778986,0.357669832790771,0.415138482284043,0.247932631543258,0.166129452768372
241,0.0577740615375285,0.356162702949206,0.417185278206051,0.251565929072582,0.161522079280683
242,0.058006060377842,0.35469161607985,0.419820788265417,0.256421278057319,0.165512236321954
243,0.058621802206172,0.353893106060375,0.415716407617501,0.248993471149245,0.166725122287563
244,0.0593426725783402,0.354091142501122,0.416503311455207,0.250355134081847,0.161919056723054
245,0.0598448397366571,0.355168799838377,0.419791266833949,0.256371731950717,0.164622791433975
246,0.0599058241785463,0.356619393127009,0.416374388008834,0.250196749840434,0.167064728907645
247,0.0595136094137644,0.357777446178228,0.415980718531506,0.249435344151917,0.16249281076423
248,0.0588677291306104,0.358133372241233,0.419559761924445,0.255951904227794,0.163839016851776
249,0.0582698912220689,0.357566862025473,0.417045291203052,0.251422543555687,0.167147130430123
250,0.0579780330413136,0.356376017540847,0.415641691984008,0.248847170301439,0.163174471313037
251,0.0581021310409036,0.355113223400734,0.419171815351975,0.255247067359833,0.163214819437749
252,0.0585718535067542,0.354331417052762,0.41766849018575,0.25256150306555,0.166995254654247
253,0.0591719917108946,0.354353729124197,0.415492545433417,0.248599720782235,0.163894835508757
254,0.0596327662968162,0.355144315206025,0.418679446504333,0.254354220899605,0.162783036371623
255,0.0597500378592301,0.356327610223171,0.418194682601652,0.25352376727057,0.16664944669502
256,0.0594825746985497,0.357359525916074,0.415523874873349,0.248674777804126,0.164589048685268
257,0.0589687838989402,0.357782613951105,0.418137146558148,0.253374063817513,0.162556432874436
258,0.0584507521676322,0.357435893802069,0.418588626765475,0.254244521413505,0.166163548428373
259,0.0581558170526789,0.356511175149185,0.415711279312062,0.249028100309089,0.165200817951781
260,0.0582003410924883,0.355442803282048,0.417597400723171,0.252402490246191,0.162527881688692
261,0.0585507503177336,0.354703769707673,0.418831453953583,0.254688785620541,0.165598205176108
262,0.0590440059048774,0.354604249548429,0.416020293951398,0.249598042769276,0.165686962923609
263,0.0594577526604101,0.355165975775016,0.417105342720857,0.251520952919322,0.16267551899201
264,0.0596085381376281,0.356118029361709,0.418919920748853,0.254850541619468,0.165012871171005
265,0.059437372458894,0.357021202203302,0.41641025105762,0.250312036100918,0.16601959120627
266,0.0590353724564869,0.357472697598269,0.416696525496524,0.250792707420668,0.162965910239858
267,0.0585935322149792,0.357290911751919,0.418864372441932,0.254749070926156,0.164461124159636
268,0.0583083823407093,0.356586967252629,0.416838076152622,0.251093004951894,0.1661864416073
269,0.0582961875642869,0.355695683505514,0.416395835663974,0.250261320996204,0.16335818014974
270,0.0585504035961995,0.355015839581325,0.418687504053475,0.254426580484441,0.16398701337432
271,0.0589504653685996,0.354836498085539,0.417261270889887,0.25186452170928,0.166192978101659
272,0.0593152067413771,0.35521849865803,0.416215189619579,0.249946907232989,0.163806137804292
273,0.0594826473974982,0.355973349483181,0.418420098424936,0.253940148320565,0.16362121479676
274,0.0593843150772187,0.356751243237811,0.417643561055717,0.252561014091006,0.166058059192753
275,0.059075525234315,0.357203430582977,0.416155026202785,0.249849247929713,0.164265471595257
276,0.0587042231541167,0.357142253595491,0.418095620379095,0.253351576301668,0.163381576652431
277,0.0584374401877058,0.356618744926006,0.417956205744534,0.253130260314417,0.165809503985656
278,0.058386658220908,0.355885517910414,0.416207359610231,0.24995335575347,0.16469595113664
279,0.058564394483488,0.355273840226666,0.417748605950853,0.252724146757727,0.163273726421114
280,0.0588843513752622,0.355046910989313,0.418179646459073,0.253536580187192,0.165482951567075
281,0.0592006889597061,0.355290155909366,0.416353128712966,0.250224648999294,0.165063448828799
282,0.0593725985738273,0.355879090767208,0.417412274849506,0.252118200316915,0.163289256739606
283,0.059328048707713,0.356539205504061,0.418305742481252,0.253765169741953,0.165117942204955
284,0.0590958579556168,0.356973121050006,0.416568017543338,0.250619365359448,0.165344073210201
285,0.0587883147764836,0.356997023953294,0.417113668404699,0.251582416856699,0.163411542996625
286,0.0585451247915686,0.356618836419278,0.418334950168946,0.253817039457805,0.164750687547034
287,0.0584697939863234,0.356024199345561,0.416825877107398,0.25109050189696,0.165523232179707
288,0.0585877445013849,0.355484262153597,0.416873753611695,0.251154158175844,0.16361806407897
289,0.0588397634567976,0.355233934991549,0.41827609717687,0.253708639514857,0.164413637097795
290,0.0591100571970889,0.355372060745497,0.417099002587496,0.251588201432486,0.16559666890762
291,0.0592779082040395,0.355823290961232,0.416706192270792,0.250857420050911,0.163880776967271
292,0.0592718947319861,0.356375593266072,0.418145858418658,0.253470789466996,0.164132653097629
293,0.0591017356529861,0.35677899576418,0.417360864733337,0.2520646157024,0.16557192470144
294,0.0588506481011318,0.35686005251626,0.416615857595483,0.250700333937351,0.164169287448787
295,0.0586336887932391,0.356597093336079,0.417964937768071,0.253141605377165,0.163924613074545
296,0.0585445927273304,0.356122021456041,0.417590143227981,0.252481199146264,0.165463206618345
297,0.0586166727886125,0.355653505815708,0.416601060393312,0.250679370040657,0.164456029249714
298,0.0588117881836834,0.355397286462298,0.417754765645141,0.252760377929744,0.163798410593656
299,0.0590394841546156,0.355457757057089,0.417770590157558,0.252808520948578,0.16528971992977
300,0.0591975850814022,0.355796213147746,0.416654294886603,0.250780675965148,0.164716430946704
301,0.0592181380799761,0.35625192860191,0.417537069356613,0.252366711883067,0.163755315962004
302,0.05909743367591,0.356617645821829,0.417892073291252,0.253028259082868,0.165075115322097
303,0.0588954475843411,0.356734334631196,0.41676165136671,0.250978989858473,0.164930771984276
304,0.0587054846127561,0.356561170376835,0.417332410818784,0.251997811086153,0.163787093545217
305,0.0586106522850937,0.356187696238698,0.417951846966421,0.253135566258691,0.164844496804487
306,0.0586482913960572,0.355787499163355,0.416906696214277,0.251244621859827,0.165086307954232
307,0.0587963949010845,0.355537861995961,0.417156481860855,0.251681884604174,0.163881808189248
308,0.0589855326604257,0.355542722518839,0.417952223258946,0.253134851275756,0.164619734387452
309,0.0591304264261089,0.355789974150824,0.417072497677036,0.251547017484964,0.165176506706954
310,0.0591682205740801,0.356160748545449,0.4170209979148,0.251439817649858,0.164023927156311
311,0.0590862945064999,0.356485381677758,0.417900301718134,0.253039272093731,0.164419916099657
312,0.0589263389774979,0.356621520566976,0.417241856971995,0.251855131861096,0.165200917603502
313,0.0587628082950707,0.356516915737125,0.416932836663249,0.251283683673664,0.164194721004642
314,0.0586680198691075,0.356228524507007,0.417808123848557,0.252870960205186,0.164259613344204
315,0.0586805134277826,0.355891778839521,0.417398604824607,0.252139778050053,0.165167314980686
316,0.0587903117426031,0.355657105568755,0.416892935194538,0.251214835739177,0.164374744215237
317,0.0589452173338939,0.355623733566996,0.417689340258279,0.252654911593708,0.164147298825637
318,0.0590750025381917,0.355798386025801,0.417530892615616,0.252379558187489,0.165085679546456
319,0.0591229194060728,0.356095606719625,0.416898893357078,0.251228702130018,0.164547588817913
320,0.0590709230522475,0.356378563588057,0.417557212299837,0.252415328432689,0.164086919324602
321,0.058946389900512,0.356522173202788,0.417629786082489,0.252558347385155,0.164968687234086
322,0.0588078301510116,0.356468675019255,0.416944814217133,0.251314457964043,0.16469867105242
323,0.0587170602780277,0.356250555914416,0.417425263847253,0.252176769639811,0.164077665100551
324,0.058711874554798,0.355971349033088,0.417690662789039,0.252667877498253,0.164832268383009
325,0.0587909083490589,0.35575682161127,0.417020075951197,0.25145280772606,0.164817206623248
326,0.0589159255159017,0.355698793116119,0.41730590371046,0.251961618149791,0.164111657772413
327,0.0590298902170552,0.355816602987543,0.417713839625156,0.252708864885958,0.164691993556888
328,0.059082656557077,0.356051068965919,0.417114010679654,0.251624440713095,0.164897389526938
329,0.0590532254213229,0.356293540507837,0.417207538509592,0.251784966077756,0.164180746545401
330,0.0589581388456654,0.356436023641064,0.417701737973866,0.25268585238487,0.164560359456617
331,0.0588425149545752,0.35641969136723,0.417216381659776,0.251810843601939,0.164936538484732
332,0.0587583743904445,0.356258713377063,0.417136517745502,0.251658136440281,0.164274942162617
333,0.0587414031360782,0.356030641952703,0.417659887782595,0.252609035064775,0.164448408133154
334,0.0587960946976267,0.355839007622831,0.417316403002337,0.251992526216191,0.164936362235568
335,0.0588954260400505,0.355766752765087,0.417095435799536,0.25158561519049,0.164381177065924
336,0.0589937222199433,0.35584086671429,0.417597597495176,0.252495428769838,0.164363579361711
337,0.0590474825253073,0.356022560525463,0.417404724849548,0.25215262759355,0.164903960231556
338,0.0590346142999511,0.356226982588829,0.417083226935622,0.251565299729432,0.164487718745772
339,0.058963673749337,0.356362519497178,0.417523045400007,0.252359950792202,0.164309392929114
340,0.0588686755223104,0.356372074217173,0.417475330845577,0.252280303432407,0.164845978462546
341,0.0587927324337295,0.356256888764152,0.41709758746787,0.251592906696559,0.164585411703654
342,0.0587684466287582,0.356073493487924,0.41744422468295,0.252217137041195,0.164287053359007
343,0.0588042579073863,0.355905780706293,0.417523838911839,0.252367685979786,0.164770846392841
344,0.0588818374647297,0.355827124855219,0.417133338902307,0.25165897665269,0.164666087171115
345,0.0589651968503354,0.355868341954753,0.417369591245758,0.252082288970511,0.164293793398383
346,0.0590172206150003,0.356006305813645,0.417549150374056,0.252412891440254,0.164689271568079
347,0.059016116655284,0.356175895688452,0.41718274755093,0.25174946801444,0.16472486622312
348,0.0589646708875467,0.356300669657921,0.417305702683037,0.251967203096635,0.164323471222862
349,0.0588878813818873,0.356327237611139,0.417552746041076,0.252418703515184,0.164609955708131
350,0.0588208654959244,0.356248228071408,0.41723980300214,0.251853494738824,0.164759707197834
351,0.0587927387104821,0.356103250135042,0.417256557605979,0.251879043809611,0.164370867794477
352,0.0588142071021298,0.355959289901602,0.417536616728956,0.252388819388354,0.164539443520061
353,0.0588735844605448,0.355879758728509,0.417298591454673,0.251960351242566,0.164769929999231
354,0.0589430978779653,0.355896976966889,0.417225154744198,0.251823146676878,0.164429622300195
355,0.0589915452704508,0.355999221238491,0.417505500345759,0.252331919124937,0.164483818143233
356,0.0589984273302334,0.356137567294993,0.417352157345449,0.252057480285356,0.164758886136598
357,0.0589624571607293,0.35624928518453,0.417211551328246,0.251799487595401,0.164490567659741
358,0.0589014923559596,0.356286074649394,0.417466158218153,0.252260311253486,0.164446081072472
359,0.0588436141579871,0.356235081124428,0.417395911945143,0.252136627362143,0.16473197565487
360,0.0588142471983827,0.356122734522768,0.417214006650572,0.251804831871283,0.164547436647738
361,0.058825008027208,0.356001450906525,0.417422893481334,0.252181819021564,0.164427045462935
362,0.0588693765798449,0.355925105853552,0.417427305347807,0.252193211540057,0.164693081383399
363,0.0589262824054407,0.355925482866224,0.417230920115595,0.251836231748235,0.164595880503118
364,0.0589700570808424,0.355998817405067,0.41737997645633,0.252104190042657,0.164426835220892
365,0.0589819287800006,0.356109546028473,0.417444708254438,0.252224333169967,0.164647045801121
366,0.058958059801485,0.356207061248655,0.417257583301871,0.2518851127164,0.164631410321987
367,0.0589106988415589,0.356248949272566,0.417342765390543,0.2520370840129,0.164441422964237
368,0.0588618166630664,0.356219204704328,0.417448310516687,0.252230438430848,0.164602483730486
369,0.0588330411112994,0.356134320306053,0.4172885214061,0.251941539928379,0.164652111206515
370,0.0588360845864043,0.356034304716659,0.417315227048676,0.25198762876974,0.164466541769297
371,0.0588681715879887,0.355963981710878,0.417440027902067,0.2522150609842,0.164564174540663
372,0.0589137748490445,0.355952878124049,0.417320184388908,0.251999085843175,0.164657810111531
373,0.0589521815073852,0.356003182947986,0.417298885659599,0.251958533205209,0.164498350251876
374,0.0589667201358749,0.35608979508066,0.417422421098755,0.252182889263656,0.164535424733153
375,0.0589522020788115,0.356172763764349,0.417348013670342,0.252049508922863,0.16464981878818
376,0.0589163859398802,0.356215716684135,0.417294016309435,0.25195021105125,0.164530384433946
377,0.0588761297971803,0.356201621086569,0.417401123948168,0.252144170771021,0.164518760528427
378,0.0588493534129678,0.356139604642606,0.417368351128656,0.25208624868775,0.164633756902976
379,0.0588472104938899,0.356059286692172,0.417298238222371,0.251958286361415,0.16455764018672
380,0.0588693903080178,0.355997107275977,0.417379059480266,0.252104202581554,0.164513860699832
381,0.0589048341003285,0.355979499583699,0.417379752530207,0.252106707281548,0.164611325083465
382,0.0589371831782261,0.356011806391493,0.417311384484461,0.251982430630408,0.164577798073005
383,0.0589525100505317,0.35607696328515,0.417359674255783,0.252069226930773,0.16452034558945
384,0.0589449083525334,0.356144680572182,0.417382139592124,0.252110820293176,0.164588859879109
385,0.0589190819973914,0.356185057240908,0.417326219029376,0.252009499328109,0.164587883946737
386,0.0588873896068724,0.356181981426232,0.417346940290096,0.252046367967396,0.164532462803964
387,0.058864032926543,0.356139303360997,0.417378169159041,0.25210347397043,0.164572025364396
388,0.0588587357515813,0.356077973769249,0.417339375779366,0.252033417639453,0.164589675358806
389,0.0588727717844052,0.356025876917733,0.417340945034641,0.252035718149702,0.164545035843312
390,0.0588989028673464,0.356005252296357,0.417371477942203,0.252091272645955,0.164561792610463
391,0.0589250156473574,0.356023314842255,0.417348878698622,0.25205064726576,0.164586496053546
392,0.0589396849759897,0.356069953184466,0.417339740744794,0.2520337177489,0.164555628518581
393,0.0589371436081347,0.356123125429517,0.417364473440675,0.252078566214792,0.164557026797041
394,0.0589194979345636,0.356159188066229,0.417354667769442,0.252061114673548,0.164581148983404
395,0.0588953491155394,0.356163354762684,0.417341379040174,0.252036824530375,0.164563234866547
396,0.0588756366035559,0.356135662067771,0.417358553737101,0.252067868686927,0.164556110876613
397,0.0588687129316586,0.356090077446553,0.417357381443257,0.252066001453103,0.164575582998245
398,0.0588768550156497,0.356047565459405,0.417344265535145,0.252042150199011,0.16456783878548
399,0.0588956312929205,0.356026520899133,0.417354294520256,0.252060203760481,0.164557451482362
400,0.0589162215177874,0.356034891104671,0.417357932697912,0.252066976399217,0.164570912018424
401,0.0589295180265841,0.35606730910418,0.41734729630879,0.252047701981206,0.164569980422525
402,0.0589301283897978,0.356108202668456,0.417351706892614,0.252055575813361,0.164559761891939
403,0.0589185275789403,0.356139195317325,0.417357218705419,0.252065671346178,0.164567580035612
404,0.0589005080167702,0.356147317166015,0.417349843100441,0.252052351425339,0.164570408504965
405,0.0588843250998422,0.35613036703035,0.417350488056871,0.25205342554487,0.164562163169222
406,0.0588769383032063,0.35609723427353,0.417355960838481,0.25206339387082,0.164565579125351
407,0.0588810521243144,0.356063349191952,0.417351656856579,0.252055656769354,0.164569846767695
408,0.0588941919390393,0.356043554977583,0.417350219486643,0.252052988828498,0.164564164475373
409,0.0589100880867914,0.356045664925806,0.417354649130957,0.252061029198055,0.164564655813296
410,0.0589216330442273,0.356067465227684,0.417352741945861,0.252057633511855,0.164568869144276
411,0.0589240373907719,0.356098268135231,0.417350498709528,0.252053534420788,0.164565578701593
412,0.058916792000481,0.356124080243201,0.417353555257994,0.252059065737058,0.164564471356541
413,0.0589036386944434,0.356133919811141,0.417353238982778,0.252058541611677,0.164567859697136
414,0.0588906771500413,0.356124442324783,0.417351008354397,0.252054487751429,0.164566418496318
415,0.0588835551148123,0.356100944016315,0.417352781348101,0.252057684853195,0.164564705648407
416,0.0588850307783685,0.356074525358347,0.417353334974836,0.252058722856762,0.164567026801047
417,0.0588939453010474,0.356056894223239,0.417351537676111,0.252055468719143,0.164566800477024
418,0.0589053080886247,0.356058283874032,0.417352221690805,0.252056701943562,0.164565892410565
419,0.0589120902207746,0.356072702993515,0.41735239771548,0.252057027997714,0.1645660637146
420,0.058913245575121,0.356089076451623,0.417352428537105,0.252057089634351,0.164566146844232
421,0.0589101440848585,0.356100954737819,0.417352426381193,0.252057090674336,0.164566178264048
422,0.0589052415473333,0.356105540852875,0.417352420387753,0.25205708430688,0.164566188175899
423,0.0589008538065402,0.3561035300156,0.417352415796239,0.252057080211066,0.164566190730198
424,0.0588983730008327,0.356097745538249,0.417352412556941,0.252057078369888,0.164566191179122
425,0.0588980664311781,0.356091448311075,0.417352410046307,0.25205707768086,0.164566191160723
426,0.0588993427737673,0.356087032674995,0.417352407879358,0.252057077458219,0.164566191094006
427,0.0589012395430685,0.356085452421341,0.417352405884049,0.252057077397429,0.164566191052418
428,0.0589028857405476,0.356086347042933,0.417352403994499,0.25205707738512,0.164566191033159
429,0.0589037819851068,0.356088596363022,0.417352402187367,0.252057077384655,0.164566191025527
430,0.0589038570122842,0.356090965832359,0.417352400454065,0.252057077385957,0.164566191022842
431,0.0589033531424241,0.356092582054163,0.417352398790511,0.252057077386921,0.164566191022006
432,0.0589026375940097,0.356093124058614,0.417352397193815,0.252057077387419,0.164566191021786
433,0.0589020313771818,0.356092755313639,0.417352395661374,0.252057077387639,0.164566191021747
434,0.0589017110062916,0.356091906102505,0.417352394190666,0.252057077387726,0.16456619102175
435,0.0589016939695853,0.356091033223427,0.417352392779238,0.252057077387758,0.164566191021758
436,0.0589018853554516,0.356090450008871,0.417352391424713,0.252057077387769,0.164566191021764
437,0.0589021487358249,0.356090263677431,0.417352390124801,0.252057077387772,0.164566191021766
438,0.0589023680632944,0.356090406454188,0.417352388877298,0.252057077387772,0.164566191021768
439,0.0589024816459043,0.356090718055777,0.417352387680088,0.252057077387772,0.164566191021768
440,0.0589024855385831,0.35609103309088,0.417352386531142,0.252057077387772,0.164566191021768
441,0.0589024154482949,0.356091240804553,0.41735238542851,0.252057077387772,0.164566191021769
442,0.0589023208044367,0.356091305398607,0.417352384370323,0.252057077387772,0.164566191021769
443,0.0589022428010344,0.356091253116148,0.417352383354786,0.252057077387772,0.164566191021769
444,0.0589022028009044,0.35609114194159,0.417352382380177,0.252057077387772,0.164566191021769
445,0.0589022016507938,0.356091030512912,0.417352381444845,0.252057077387772,0.164566191021769
446,0.0589022264158079,0.356090957448399,0.417352380547204,0.252057077387772,0.164566191021769
447,0.0589022596217446,0.356090934775908,0.417352379685732,0.252057077387772,0.164566191021769
448,0.058902286899496,0.356090952915842,0.41735237885897,0.252057077387772,0.164566191021769
449,0.0589023009043498,0.356090991482529,0.417352378065518,0.252057077387772,0.164566191021769
450,0.0589023014284247,0.356091030108127,0.41735237730403,0.252057077387772,0.164566191021769
451,0.0589022929894178,0.356091055497041,0.417352376573217,0.252057077387772,0.164566191021769
452,0.0589022816170885,0.356091063560982,0.417352375871841,0.252057077387772,0.164566191021769
453,0.0589022722387258,0.356091057609447,0.417352375198715,0.252057077387772,0.164566191021769
454,0.058902267364413,0.356091044608961,0.417352374552699,0.252057077387772,0.164566191021769
455,0.0589022670724636,0.356091031491798,0.417352373932699,0.252057077387772,0.164566191021769
456,0.0589022698414906,0.356091022779555,0.417352373337666,0.252057077387772,0.164566191021769
457,0.0589022736407661,0.3560910198813,0.417352372766593,0.252057077387772,0.164566191021769
458,0.0589022768092013,0.356091021715395,0.417352372218514,0.252057077387772,0.164566191021769
459,0.0589022784938136,0.356091025968585,0.4173523716925,0.252057077387772,0.164566191021769
460,0.0589022786532823,0.356091030329406,0.417352371187663,0.252057077387772,0.164566191021769
461,0.0589022777810754,0.35609103327906,0.417352370703148,0.252057077387772,0.164566191021769
462,0.0589022765443671,0.356091034325799,0.417352370238135,0.252057077387772,0.164566191021769
463,0.0589022754934968,0.356091033802478,0.417352369791839,0.252057077387772,0.164566191021769
464,0.0589022749164827,0.356091032454725,0.417352369363506,0.252057077387772,0.164566191021769
465,0.0589022747581103,0.356091030984849,0.417352368949338,0.252057077387772,0.164566191021769
466,0.0589022750585727,0.356091029945096,0.417352368554908,0.252057077387772,0.164566191021769
467,0.0589022754876563,0.356091029568698,0.417352368176349,0.252057077387772,0.164566191021769
468,0.0589022758538924,0.356091029739218,0.417352367813021,0.252057077387772,0.164566191021769
469,0.0589022760573334,0.356091030198405,0.417352367464311,0.252057077387772,0.164566191021769
470,0.0589022761179629,0.356091030703644,0.41735236712701,0.252057077387772,0.164566191021769
471,0.0589022760256283,0.356091031086831,0.417352366804631,0.252057077387772,0.164566191021769
472,0.0589022758728794,0.356091031222445,0.417352366496485,0.252057077387772,0.164566191021769
473,0.0589022757426184,0.356091031163707,0.417352366200732,0.252057077387772,0.164566191021769
474,0.0589022756699429,0.356091031002652,0.417352365916874,0.252057077387772,0.164566191021769
475,0.0589022756471229,0.356091030824848,0.417352365642201,0.252057077387772,0.164566191021769
476,0.0589022756787064,0.356091030688821,0.417352365379726,0.252057077387772,0.164566191021769
477,0.058902275731995,0.356091030639705,0.417352365128882,0.252057077387772,0.164566191021769
478,0.0589022757776672,0.35609103065872,0.417352364888123,0.252057077387772,0.164566191021769
479,0.0589022758034571,0.356091030713815,0.417352364657043,0.252057077387772,0.164566191021769
480,0.0589022758121562,0.356091030775226,0.417352364433356,0.252057077387772,0.164566191021769
481,0.0589022758028197,0.356091030825842,0.417352364218721,0.252057077387772,0.164566191021769
482,0.0589022757836198,0.356091030843633,0.417352364014549,0.252057077387772,0.164566191021769
483,0.0589022757672042,0.356091030836961,0.417352363818583,0.252057077387772,0.164566191021769
484,0.058902275757913,0.356091030817395,0.417352363630493,0.252057077387772,0.164566191021769
485,0.0589022757546517,0.356091030795547,0.417352363448349,0.252057077387772,0.164566191021769
486,0.0589022757578538,0.356091030777375,0.417352363273575,0.252057077387772,0.164566191021769
487,0.0589022757646243,0.356091030769804,0.417352363106631,0.252057077387772,0.164566191021769
488,0.0589022757706911,0.356091030772391,0.417352362947147,0.252057077387772,0.164566191021769
489,0.0589022757740937,0.35609103077965,0.417352362794071,0.252057077387772,0.164566191021769
490,0.0589022757747576,0.356091030787391,0.417352362647143,0.252057077387772,0.164566191021769
491,0.0589022757735351,0.356091030792899,0.417352362506118,0.252057077387772,0.164566191021769
492,0.0589022757715625,0.356091030795255,0.417352362370756,0.252057077387772,0.164566191021769
493,0.0589022757697759,0.356091030794929,0.417352362240831,0.252057077387772,0.164566191021769
494,0.0589022757686826,0.356091030793081,0.417352362116123,0.252057077387772,0.164566191021769
495,0.0589022757683639,0.356091030790911,0.417352361996424,0.252057077387772,0.164566191021769
496,0.0589022757686167,0.35609103078925,0.41735236188153,0.252057077387772,0.164566191021769
497,0.0589022757691327,0.356091030788433,0.417352361771249,0.252057077387772,0.164566191021769
498,0.0589022757696407,0.356091030788389,0.417352361665395,0.252057077387772,0.164566191021769
499,0.0589022757699798,0.356091030788823,0.417352361563791,0.252057077387772,0.164566191021769
500,0.0589022757701084,0.356091030789406,0.417352361466265,0.252057077387772,0.164566191021769
