Time,Phocaeicola_A_858004,Faecalibacterium,Bacteroides_H,Lachnospira,unknown_Genus_4,Phascolarctobacterium_A,Mesosutterella,Blautia_A_141781,Akkermansia,unknown_Genus_55
1.0,1.669407572673144,-4.4830502481920105,1.2417017619397757,-4.4830502481920105,-4.0447984753022865,-4.197873514211834,-4.4830502481920105,-2.358404200330206,-3.487953945656054,0.2986241658202977
2.0,1.3208176308278987,-4.751323689166716,0.6827841790217455,-4.751323689166716,-2.158566760120043,-2.5075089722450867,-4.751323689166716,-1.8595733445048674,-1.7600856034530579,0.31648739834958395
3.0,1.1253389311017994,-4.8837655634009165,0.3100617952627267,-4.8837655634009165,-1.8140406857748168,-1.918295288382506,-4.8837655634009165,-1.712549427324395,-1.2662059665001788,0.2899278732260058
4.0,1.0391935731244328,-4.91363820586246,0.21346672247466025,-4.91363820586246,-1.7360096579834097,-1.5092877650929761,-4.91363820586246,-1.6824471796262137,-0.9427891468442988,0.2572061897654523
5.0,1.1572567091473203,-3.856781825787363,0.46170054838738284,-3.5437520410462064,-1.7606021315468992,-0.9500421086650874,-4.786656068035377,-1.7712902569830833,-0.5052808244838021,0.17404253952701465
6.0,1.4051150560077434,-2.5666748870920433,0.8880146419266215,-2.2940836207654183,-1.8577498091183484,-0.36581235905395815,-4.559277519914991,-2.070752169543405,-0.01895972735341811,-0.18799088599015246
7.0,1.549713245197477,-1.6723021079025897,1.2678673085970453,-1.5688264777498815,-1.9561371946754051,-0.08768282025168705,-4.38930373845667,-2.4285126242298083,0.2229821958814835,-1.0374802746210734
8.0,1.5052355821049763,-0.270300565122533,1.8371662657759038,-0.932590133485681,-0.8917832983330767,-0.13304189227461105,-4.206324296827834,-1.7493109878508073,-1.0636902937193886,-1.8587738872913993
9.0,1.8640813312736753,-0.7775581227682538,1.8138510198687878,-1.3634057431852815,-1.169585123072137,-0.04534471888173863,-4.065764857906139,-1.5900752986359494,-1.169585123072137,0.06747109598704615
10.0,1.4068241930253689,-1.0905960055271597,1.4657951291892766,-0.7871443315543232,-0.9806318349541749,-0.44727877638440594,-4.436624389542263,-2.2060804429338967,-0.8506172242422836,-2.5397620005390467
11.0,1.2485742778006625,-0.5963389814916673,0.9512872807004498,-0.3996257355802473,-1.5032506645917572,-1.033402079835684,-4.690007903197947,-2.8267107858527067,-1.7847559456311641,-2.4594639565895813
12.0,1.7225792366361838,-1.1531933115661164,1.6927546474498625,-0.4549300026168783,-1.0060460114024568,-0.27331752203512494,-4.172145246061435,-1.7341636387293038,-0.14778492167734303,-1.309952756521061
13.0,1.9776550120978897,-0.6976113486936373,0.9808378754331168,-1.3078801934542876,-1.0563656868979563,-0.714674439064702,-4.274432647919957,-2.061780188672975,-0.5912027498978829,-0.2994435761546801
14.0,1.9676075937172568,-0.540372490174915,1.4406521233878173,-0.18541926741482184,-1.499628869829491,-1.0931040883860574,-4.148981803820027,-2.5929516904380843,-0.37084180341028095,-0.40538613932637224
15.0,1.3229626366237157,-0.4943844483889648,1.1703702005914334,0.12632162389989343,-1.7112182031980865,-0.7088588435526564,-4.511839226501884,-2.7101368577352725,-0.8258475899576792,-2.543336902473741
16.0,1.2321155722908772,-0.9592866969862017,1.3274554870137152,-1.5015288484287943,-2.0381905532468063,-0.6874994028097987,-4.490479785759026,-2.4551284939716553,-0.9417334837318965,0.2626704547393377
17.0,1.2746177936920349,-1.1213266379340574,1.052690043251382,-1.3961219853003963,-2.1987834186654496,-0.8854062773068003,-4.65371696747626,-2.4878408629591737,-1.3606742455660479,-0.4355676088639169
18.0,1.2730139750056422,-1.2914163231575895,0.7543546627343094,-1.3563653478604754,-2.354603246767677,-1.132252511680083,-4.820998280548265,-2.5499118361337625,-1.737034710689457,-1.8516184254155235
19.0,1.17235170339378,-2.16318293291392,1.0077344132027324,-1.5636558583835258,-2.0236929517995725,-1.205326495573685,-4.772876765690189,-2.8760143766869732,-1.0463490060824565,-1.1291341063834008
20.0,1.7014919564462088,-0.9756108994290433,1.5890038987559558,-0.2570827181607447,-1.3418481892619023,-0.6446624116920714,-4.29414246968001,-2.3728253929838985,-1.7299708538157157,-2.810274662043108
21.0,1.2786812121805124,-1.696500831771826,1.0248727260876622,-0.33298504838945897,-1.0474045065435096,-0.9908416290231821,-4.6545228002789125,-2.6263822818950855,-0.9866203253468875,-2.6263822818950855
22.0,0.6530730551330597,-1.2324970164182667,0.5836519981139408,-3.8478447624918393,-2.113716360410291,-1.6912899692760401,-3.1858454600509023,-2.7808393700561287,-5.169594075844259,-1.380199482703548
23.0,1.4636711565152303,-3.0068102090806765,0.6331831794960749,-1.988291566209218,-2.176209426097952,-1.2483960980192719,-4.723299893127729,-2.67368119031943,-0.4894920565565335,-0.8877347676817804
24.0,1.1886174835738403,-1.727569752920966,0.9460679402910872,-1.6955222052005103,-1.8500037078831326,-1.3657838981426318,-4.816556162348801,-3.0518327414976345,-1.350204076789387,-1.855682605409282
25.0,1.6084429497807036,-1.2524702849930986,0.8308265734009075,-1.6679111199491938,-1.206275944451796,-1.356785234668922,-4.4482736346084675,-1.8926061228991058,-1.0097890823570164,0.6217531587203862
26.0,1.5508923605598726,-0.7414716283834979,1.267344410401651,-2.190773063675496,-1.2988997229049182,-1.1454777425669422,-4.419860528246392,-1.9257914915505872,-0.8694146154802151,0.02431784995484776
27.0,1.431662706334176,-0.4735937211729335,1.5463017497990774,-2.737491784582758,-1.5500631650626007,-1.0133525862896438,-4.434017135436771,-2.076005393509705,-0.7397857537307035,-2.1077235466455617
28.0,1.4245711239364014,-1.2207732532146096,1.3625017842789446,-2.0804724923204696,-1.8394968729277248,-1.4647822680706315,-4.523246089423809,-2.286808748040459,-0.7425940991651072,-0.9057370427977438
29.0,1.384448473600211,-1.0712837589902584,1.4389436005444933,-0.38861873602135466,-2.046589194432791,-0.8541945009047875,-4.4553263836542225,-2.178580037366648,-0.3598245865920786,-3.8537504198797436
30.0,1.6930448312103499,-2.9465631560567047,0.6653653831439743,-2.4257293300713725,-1.8565357763170054,-0.9161352216314307,-4.56989682912192,-2.2931504828343465,-0.6349475784076546,-0.431384662604259
31.0,1.5349393222221979,-1.450713303775144,1.175260567199804,-0.5082944763196,-2.4229139509484043,-0.5925047637614655,-4.493559208954439,-2.5722421322583267,-0.677175138639281,-1.4325159523784583
32.0,1.501523335948631,-1.0642035652769297,1.1494110018513006,-0.6252199177343574,-2.468840346441007,-0.6421755692622972,-4.275514790231579,-2.629882948902243,-0.6864624589390931,-1.653128632611367
33.0,1.4464668176234676,-0.8788929982326197,1.1158345237361726,-0.7287425712074374,-2.52538786973028,-0.6833163165545248,-3.7677515188071817,-2.680518586521125,-0.8158425687245803,-1.9113862275271156
34.0,1.4015004284838852,-0.7372870587892728,1.0830730992159339,-0.8282939666448308,-2.5187654308548333,-0.7607573017046909,-3.4161363171992734,-2.64330244787631,-0.8979964938202265,-2.21262636217786
35.0,1.3926579917291493,-0.5503761446395119,1.0676547190727856,-0.9576624323801157,-2.5703599319968373,-0.7713341956735871,-3.0043125886545385,-2.637208899756066,-1.0288899245578897,-2.381095610058574
36.0,1.3028787933085788,-0.5210748182893812,0.9763475177884755,-1.2495117722901559,-2.723020209283989,-0.8607182902113739,-2.845440214606977,-2.700237063353082,-1.2424964393872266,-2.746334552818517
37.0,1.2754215949436087,-0.4529825340247049,0.9374285450760529,-1.491620032346478,-2.6803006166235503,-0.9124973108860899,-2.6383897683876842,-2.6452540622869156,-1.4203382223735246,-2.9867478268949483
38.0,1.2153283416913148,-0.4637951617958538,0.885245009199477,-1.7954960039942982,-2.732055711204008,-0.9935240942955432,-2.4993000201333326,-2.724997621308725,-1.7103794409616158,-3.310356660042331
39.0,1.180186705170073,-0.39603564184074713,0.8666981782934262,-2.097905113998688,-2.7439268718960936,-1.06271569401241,-2.4239162218326995,-2.696195521751734,-1.8815065030089788,-3.5941905787990085
40.0,1.1427311383220213,-0.3919689536101125,0.8503070794476133,-2.421410855380532,-2.7370717730237195,-1.077268260272556,-2.283693707286728,-2.6467938479511637,-2.201404367349044,-3.689274072263341
41.0,1.1092590296431795,-0.3424763213461537,0.8914291833142398,-2.6995620499071307,-2.7460258626656002,-1.1348608613330042,-2.256298756972661,-2.62461219003131,-2.2730930334139976,-3.7829584184266998
42.0,1.0786207712461842,-0.40050315367758804,0.9067572514854498,-2.7220750201467987,-2.7620318661914003,-1.174197716439953,-2.259891594562078,-2.6286550390784584,-2.4346899914944173,-3.8380456484029746
43.0,0.47490022294807743,-0.18430327327564422,1.043633423080815,-1.7442803807345433,-2.106006429858505,-1.1559177436364374,-2.3331046323232796,-2.320843665730104,-2.2888642170964797,-2.6274127437353947
44.0,0.5234373070398575,-0.04027678789004652,1.1240820293038243,-1.2858348101895927,-1.7446290020460054,-0.4454561834336985,-2.5203590685673336,-2.4752000771725675,-3.682353636872828,-0.8086212006644327
45.0,1.1117804318068292,0.4232806532747788,1.6722047749719802,-1.800273744688631,-1.965603325922459,-0.9439285552058072,-2.5444702005940996,-2.2052254448051865,-4.077020090976205,1.6455752670736983
46.0,0.8182730744951472,-0.320170018275838,0.3522866491608587,-1.7421321739616606,-1.6146791433887844,-1.1514980073829466,-1.9077872457781517,-2.934135555292162,-5.01169255158797,-1.0418811793902416
47.0,0.9693268788104115,-0.597739887551189,0.3429102893355829,-1.2033960103937986,-1.782925262443732,-1.0744593859918659,-1.6521621423533512,-2.617674852408955,-4.911211198872797,-0.36553446522523525
48.0,1.1775846254723232,-1.1730087881712046,0.35955804973450234,-0.7914638557729012,-2.1362540338802463,-1.0017820243341102,-1.4091121918981262,-2.2964665483409954,-4.676092789171252,0.44277200804690464
49.0,0.929533012273785,-0.5915679323413863,1.123765444269317,-2.036753283400903,-2.336563292468256,-0.8417360325668355,-3.6245568227343155,-2.729059027276749,-4.512442842671092,1.1178636120710934
50.0,0.8839663734965184,-1.1704618559165163,0.5953625030137542,-2.553679382450409,-1.8000886876254842,-1.2723074084679813,-3.6361853370185298,-2.8235307775435574,-4.986845926231675,-0.39497244434040235
51.0,0.9532529310772397,-0.5503890772984881,0.8512846992384011,-3.0997247861030828,-2.329665408637497,-1.0718280994261415,-2.991688667903437,-2.5127073700058395,-4.612041526230948,-0.41901257221845256
52.0,0.8746796409496647,-0.9433087122388182,0.8457347469223389,-2.9498609511356224,-1.9518380304042489,-0.7521456576366874,-2.886938205787359,-2.183107418018183,-4.66424347775315,-0.25683196122006047
53.0,0.7992849348642905,-1.8713815787561288,0.8488741152220687,-2.6982014577898674,-1.4715597847855721,-0.6252374597094699,-2.993860432996178,-2.1607199551877887,-4.874081007992704,-0.07277737300506226
54.0,1.2824735439216828,-0.5012171643756846,0.6373522656764055,-2.056630058435258,-0.9159429495583469,-1.7068568427378308,-2.2374171714440707,-2.484905848773819,-4.805813872325874,-1.7168274628980384
55.0,0.692355043581983,-0.5777686296197992,0.06935582576315125,-2.7500077227220636,-1.208539414763985,-2.3690326824681938,-3.088045410539893,-1.6361570158743466,-5.192781319825403,-1.4755660763808458
56.0,0.13169821658298764,-0.7352577184072735,-0.26202699931296336,-3.596973674971215,-1.4395044973176034,-2.770103582889912,-4.255346613135763,-1.4542877234656872,-5.468768321142234,-1.378775259335769
57.0,0.570243717474473,-1.1507146328891042,0.9604182938169893,-1.378727046299492,-2.135272395832061,-1.2259397832410077,-2.3307099635018194,-2.4140283230917694,-2.841050777794992,-0.7626700622804072
58.0,0.19528785150803785,-1.09107516094027,0.8173531097758571,-1.274712302840351,-1.6858807531204691,-1.3592851624717373,-2.076443025692197,-2.3309489500066443,-2.6051943722648794,-2.82485775579873
59.0,0.44670273714206044,-1.16392969794991,0.8536625913397704,-1.3313585477311685,-1.6433758422877294,-1.2652450752361595,-1.9900193500608927,-2.2655345508355866,-1.825630764171114,-2.560998574000865
60.0,0.7374792490213646,-1.286595392989664,0.7744804879350706,-1.6742044375474112,-1.1024326196348269,-1.230053985459456,-1.5733470229162014,-1.9993001189172555,-1.9578022622035554,-2.703763900302624
61.0,0.949471787073864,-1.5004400949784649,0.5396299417554999,-2.661812843635351,-0.5587100487714571,-1.2956777774460635,-1.1234001308510906,-1.7161393142921915,-2.4926985535711177,-3.294832370354218
62.0,1.0090872874385608,-1.6689752040301993,0.35435886190047317,-4.5672991839991814,-0.37978087927928095,-1.36230415030557,-0.9709552875852168,-1.6137541671579048,-3.0242344635473577,-3.89613382058715
63.0,0.9867275205241198,-1.532030902900781,0.35937463136564984,-4.211521818582258,-0.4226016129224166,-1.3471396178348076,-1.0336653135379787,-1.646933288597666,-2.8880689854867176,-3.8873903849697706
64.0,0.9654170595149808,-1.4211689944033294,0.3971984342193644,-3.469288235446043,-0.45335402092286237,-1.322608571732858,-1.0958259308094347,-1.7103263644983635,-2.6302428888179508,-3.8675878413529423
65.0,0.9266415635990568,-1.3747998007614652,0.4589888935349169,-2.9653682828177352,-0.503364269465324,-1.3380678002269806,-1.136265150521395,-1.7899029189566067,-2.3531826659946935,-3.6719553055395417
66.0,0.8865448045838247,-1.2902473427982872,0.5400150327495692,-2.598592145649505,-0.5348183637839428,-1.3370191417379529,-1.254878262638761,-1.8806051061437719,-2.054871879303528,-3.539399548006916
67.0,0.8858660878409665,-1.3058520694890663,0.6222598376650046,-2.303114608858204,-0.565213430671025,-1.3364362955605404,-1.3818173696606006,-1.977456756539362,-1.836297621675807,-3.384900878375358
68.0,0.8855863815151632,-1.2406410100844476,0.7074245846687257,-2.047801625895728,-0.586447817788136,-1.291775297565438,-1.47521030417085,-2.118529276330748,-1.6179928357089026,-3.2566761450414274
69.0,0.8510713834411183,-1.2462134752238854,0.7559859281030388,-1.9063344770927062,-0.671741330806894,-1.2960329380847766,-1.5619725741968369,-2.1974419014508557,-1.5245977581129162,-3.3019527385228082
70.0,0.8645235518147243,-1.2219618473470861,0.819038587585059,-1.7922055666023007,-0.7297379429677231,-1.2688666294466238,-1.7029826350295574,-2.2172855672151415,-1.409243886357514,-3.1176509683168816
71.0,0.8404495590056291,-1.2289244046595322,0.8177958766417823,-1.7679386059717723,-0.844387768974491,-1.2539890022719833,-1.7942130417854814,-2.2959125941807947,-1.367343298258739,-3.211112835079591
72.0,1.3118967286277985,-1.1424397724201496,1.353946494931348,-1.73524515915431,-1.9270140361924772,-0.7825335336581922,-1.5192224717479759,-1.9945852935009283,-2.107659725844214,-3.7703945634162706
73.0,1.3268760876928205,-1.023719773292175,1.3424119735704263,-1.827281073680353,-1.9657255029552592,-0.7719472184424516,-1.5591667192433163,-1.9697467084624152,-2.0025120898417987,-3.6955919622106523
74.0,1.2744551858642517,-1.0077753926011823,1.3001967023396426,-1.9778141491905288,-1.9507522440781884,-0.8176071832131089,-1.5923798986226552,-1.973903035569096,-1.766640900584112,-3.8263724504622756
75.0,1.1842869985983098,-1.039675206987392,1.2315481526147574,-2.081848149670515,-1.981058751573321,-0.8804374833449509,-1.7282556410358292,-1.992183080079096,-1.6537758443377175,-3.6681928618930613
76.0,1.1016332750756679,-1.0094998169490883,1.1842352962096117,-2.2510255011234555,-1.9810563242521169,-0.9042972940532104,-1.806523269498879,-2.06576474484318,-1.3710467835105766,-3.513293352387173
77.0,0.9619647821806325,-1.0407843781023374,1.0984093143202993,-2.5203450424467295,-2.03011382717897,-1.0220028839611257,-2.003282963944409,-2.0968797583564918,-1.2339887492086028,-3.368146372525656
78.0,0.881692628659319,-1.0389556366180481,1.055778034580856,-2.6845115043973924,-2.036933439719578,-1.0634912664641427,-2.104944772845641,-2.13349958417736,-1.0924721559765693,-3.188317558408205
79.0,0.7801859682763104,-1.0769642583823473,0.98605322892541,-2.881916415742056,-2.0363936764561763,-1.1841408492536365,-2.2915210048873633,-2.1199947299768875,-1.0240285760144774,-2.9879301826448317
80.0,0.7275308037966453,-1.059183335680518,0.9370416376860962,-3.2055928070172093,-2.0612154548585573,-1.2300840454000062,-2.4756114317406746,-2.147343093972134,-0.9447950604997217,-2.7754214408080276
81.0,0.6841984697868988,-1.074728358694937,0.8541563303969024,-3.6096055193962897,-2.058482978969674,-1.3469390148625588,-2.777508127758452,-2.1274381940103355,-0.9582920553789822,-2.55458100830435
82.0,0.859045056528775,-1.450527581667999,0.302972973083125,-4.679485305890959,-1.6675711952459487,-1.8528351769634461,-3.8471837218081957,-1.762095865979971,-1.5968488308562707,-0.2824735411603687
83.0,1.4360264780295429,-0.7628658339281542,0.7504332562304177,-3.1145212326282135,-1.393765701933122,-0.9710976070549009,-2.3541588407206486,-2.136285189069766,-2.5745397570053132,-4.049724694565616
84.0,1.3142195895274413,-0.3141638429115585,0.9175043252625033,-3.562595796784881,-1.3398345618036922,-1.7677185193692053,-1.583106484767847,-1.9217825908375619,-4.440563753896116,-2.3729457322724934
85.0,0.8184426569333578,-1.0460774896599425,0.8590501417468082,-3.273199399123797,-1.7312867477245841,-0.8492843671518366,-1.6509361763035806,-2.186192546869652,-1.8553695626318214,-4.3783780338853395
86.0,0.9369033038292509,-1.1016699310748712,0.8129756038404723,-2.9710677181409744,-1.617575936528719,-0.8611565535650945,-1.6277040006331216,-2.314393864639037,-1.8426450399750154,-4.4509672956377635
87.0,1.1692631536375115,-1.156520566769764,0.6718322966082697,-2.747752295119364,-1.4268737636583748,-0.8830527298233108,-1.623972270200809,-2.3738435350992733,-1.8806825439980623,-4.587221609000992
88.0,1.40024097017686,-1.1598424715799367,0.4661032722783258,-2.4684733353122987,-1.2385552219246097,-0.9763747224445143,-1.597098034839406,-2.5061766666356546,-1.9643983169250858,-4.52557501657496
89.0,1.5441673326865333,-1.1937273739879415,0.24625863896441014,-2.083049667655781,-1.1253685752488107,-1.0256520804211897,-1.5929201253352105,-2.659131908160513,-2.0645087802209177,-4.617828846701251
90.0,1.5769515549267692,-1.195083682553876,0.1439309876883954,-1.7894658050929926,-1.0785344423162209,-1.0895967776683042,-1.627023301743915,-2.71060341848082,-2.3245066140810624,-4.6145603846713925
91.0,0.6696622170063675,-0.9656009177143552,0.13717836082781032,-0.9140745907151604,-2.718923720340859,-1.0991114825489048,-2.630441663746754,-1.8982295828288642,-3.144994576802749,-5.1946132796110485
92.0,0.8460845123814956,-1.5294070063586431,0.2806909121558372,-0.6616617664188851,-2.9324027339262306,-1.1799741994717101,-2.265971808010616,-2.2398420691856193,-1.2613972828585702,-5.076570232976779
93.0,0.9983380774755818,-1.6887691071238307,0.6009959890109862,-0.8416933828420448,-2.683283224469055,-0.8362148275728323,-1.657232820735407,-2.373023564039894,-1.4538121873188798,-4.69425092088646
94.0,0.840351603346194,-1.4048854999287936,0.6492692337434742,-1.1228659583222949,-2.611204735772341,-0.9798671536680725,-2.0684500168129527,-2.312624498931783,-1.8327803038218908,-4.81613435981253
95.0,0.5630233834097433,-0.9779156630979746,0.6081178130282183,-1.372549496308518,-2.591923908619029,-1.107970956040424,-2.545242369808355,-2.1896235929620778,-2.3568456895464203,-4.887418869358271
96.0,0.25160673984907667,-0.32976971279416967,0.3104853871595805,-0.8882690556627084,-1.2385583173045265,-2.147753698071678,-1.6329504012258274,-1.9367836677809724,-4.564565113387656,-4.83119233013648
97.0,1.0779056372081997,-0.7465579540277387,1.009743697712777,-1.4145596056948713,-1.245663447254664,-0.9860815715842985,-2.5393782065639807,-1.675304121943185,-2.909879767841288,-4.781674414012308
98.0,1.2961746831942407,-0.7574881469845476,1.0338359838292759,-1.5141135414738156,-1.5301398901424936,-0.9877737952217633,-1.9272277359218268,-1.7063456990673682,-2.701545181916422,-4.6951894428316745
99.0,1.3983541178658059,-0.7996975741777801,0.9364672220370895,-1.492644668370266,-1.9173160498089565,-1.141532901644049,-1.3398443692322028,-1.7938536699986267,-2.6343408406800837,-4.684201585880557
100.0,1.3905012353974313,-0.8593237994328722,0.8254040795388797,-1.4398028379555678,-2.1704444869771877,-1.2851158979579052,-1.16677901125294,-1.8471471245567455,-2.5459531218276594,-4.668292369079488
101.0,0.7971200177865798,-0.9847742012174427,0.6860591620961125,-1.127768335821257,-1.541965622799118,-0.9929443316569728,-2.125596059220703,-1.7929341278516284,-2.0142638807428597,-4.776288183842269
102.0,1.5639471705569448,-0.6836109567981077,0.7481584752123207,-0.33542838567185207,-1.60513755942844,-1.0409890941774753,-2.1581494256651848,-2.222951202541818,-1.3820950621397876,-4.59131596944645
103.0,1.490988033534927,-0.9878905053752667,0.8609152914542872,-0.7063010566421677,-1.7404897084072597,-1.1223956554743317,-2.537330776841021,-2.09735935684146,-1.899563728004153,-2.8470451731281563
104.0,1.1197814668470762,-0.3363536478192617,0.7135486307481711,-1.1244347506049484,-1.3059049416639246,-1.265030442510895,-2.7627555305205433,-2.769667268810318,-2.524819229938063,-4.73595339346664
105.0,1.1611670432617687,-0.3561936378023569,0.7436159325548597,-1.2078098495766145,-1.2243844322141766,-1.241238368311305,-2.7086989876563217,-2.7086989876563217,-2.3285364054478355,-4.020447254231362
106.0,1.2390002302722838,-0.348427530449372,0.7938986619287891,-1.309745547297556,-1.2042428224146784,-1.2344190738792578,-2.626298431898771,-2.7143823284616326,-2.043372028711036,-3.1964343667965514
107.0,1.2878068531347964,-0.39258467809448083,0.8575025636485896,-1.4520063245341395,-1.151999991327045,-1.2996965157925566,-2.7269745432629806,-2.712179402057272,-1.69344370503291,-2.5624253391881764
108.0,1.3788740430643867,-0.44189609669904373,0.9446939580317439,-1.5418402709443337,-1.1276010471216296,-1.2999009963133603,-2.734252196500317,-2.7025492939220976,-1.329104018006749,-2.0746033808907987
109.0,1.4692325249953946,-0.4988590902247987,1.0310357045029412,-1.635744643511222,-1.1034698352382954,-1.3474737018083474,-2.721865612973559,-2.704942155322273,-1.0475509486736345,-1.6859497670180628
110.0,1.5450122366779575,-0.5974789799758349,1.097946667244419,-1.651413266812804,-1.0907132909933686,-1.4477551858045299,-2.7551006994629996,-2.6078807665487083,-0.8501249068806809,-1.4427196999901497
111.0,1.6371473401061056,-0.6353249365067142,1.1582404044194339,-1.6722154948828178,-1.1066308156637032,-1.4855189920473766,-2.8320058179595513,-2.602832062262232,-0.710885641878205,-1.2748386565160188
112.0,1.6591054547615696,-0.6469275114428403,1.1519285854576427,-1.656620235835676,-1.2369749578157267,-1.542998644636553,-2.8124433846832395,-2.6198787614233194,-0.6324201711569888,-1.189774325283452
113.0,1.9290449650898158,-0.27251023114867223,1.805388762467622,0.08073269508062575,-1.7187196149840456,-1.111152909113148,-2.03364590422177,-2.1760142424350453,-3.005413932001519,-3.898482065291048
114.0,1.1443927169871162,-0.9282157627390641,0.8417191897624501,-2.18368649371249,-2.229464222323925,-1.4417494650443112,-1.4669224116441035,-2.486166574139441,-4.874921279927573,-4.722201453414563
115.0,1.3563873513842943,-1.0316183567919182,1.0339330634846726,-1.3671176734208084,-1.543716060877852,-0.9377799918371057,-1.6560267807765432,-2.1096619058969805,-2.9730651587759933,-2.1939009503598177
116.0,1.700610873262584,-0.7830656356058006,1.5904252352983583,-1.3129937080193277,-1.6088928768825594,-0.3183090103837345,-1.27743994794572,-1.8729255834747347,-2.3126432666476813,-2.763841992058933
117.0,1.163112958810016,-0.40148858427327294,1.57665753786188,-2.0678573029018157,-1.162667088878476,-1.0721463477537037,-1.3330023521261056,-2.274193558621806,-2.1578361444013563,-3.475674376744804
118.0,1.020891090276538,-0.5005349431695079,0.6329622323121811,-0.9041938251433677,-1.2225762635831225,-1.8275373224348481,-1.8760405625654668,-1.8843581871268609,-1.396264479478094,-3.8932022630259353
119.0,1.3899435288186104,-0.09853345058016405,0.5964797523173395,-0.7171741965190352,-1.5322041382595613,-1.6752406501405894,-2.3812438441927615,-2.2318478737137815,-3.8899676446573004,-1.6725929183525707
120.0,1.4354225303637722,-0.4568048117934036,0.42466868244767264,-2.406840092258014,-1.7747354006981269,-2.004943492860901,-2.1530060152160204,-2.1917432285766973,-3.2928708631855836,-4.825420753567689
121.0,1.5492839252200756,-1.4183584551543977,0.7339415725886158,-3.133977789816005,-1.036246295707456,-1.4059148598517868,-1.872812756181268,-2.0290575876474812,-1.5032506645917572,-4.491158649357837
122.0,0.4542505431297881,-2.5778021258142116,0.26819409216362233,-4.1271090585523,-2.272230629607443,-3.030388808853308,-3.397115080821325,-2.871922669188483,-1.9411236815817465,-1.541031448919253
123.0,1.1673995541155153,-0.434296229575895,0.6800230586055449,-2.0363383273695628,-1.2132373277479753,-1.0846530682369977,-1.8633221693594524,-1.8896639753043747,-1.4295501924866882,-4.566911507181413
124.0,1.397347402331115,-0.4056883695877871,0.8656291626087602,-0.7173535628563421,-1.2687426768915424,-0.15240728823039795,-2.388216266926216,-2.2865382918606407,-4.41398262681174,-4.369887621634122
125.0,0.6644397627758147,-0.9916522309924174,0.09519334484797182,-1.9517375016016731,-2.0328297730793645,-2.7686845562108684,-2.492308554779307,-2.1108835303929716,-1.324756344922919,-0.9858703496920045
126.0,1.1881849040918344,-0.1105323625225978,0.3449099128613693,-0.614825856988146,-0.7847889152380505,-1.3020510709749593,-2.256426711948164,-1.856931998399176,-4.447453829493587,-4.707735090307815
127.0,1.1108129114094205,-0.03474947939278028,0.5516869122623962,-1.2697672479130557,-1.1460319467629616,-1.4266849853086843,-2.8562878514951495,-1.7725400529382687,-4.753150240498364,-0.19933478813312
128.0,1.1350584725521355,-0.5554041467612667,0.5965339084416788,-2.3423969651540064,-1.4298674499416528,-1.6896577083171238,-2.762038316134932,-2.1478878367421945,-4.6887111394560685,-4.458534996696254
129.0,1.6317647867221292,-0.414553471881971,1.1053681089913603,-2.526261453909671,-1.302133511218241,-1.3372879075796837,-2.0595179138299637,-2.4622655434328835,-3.0559547320917892,-4.033008475889265
130.0,1.5259947781735914,0.2583120367179874,0.9955729879416235,-0.4128979258657184,-1.277660259684208,-1.4291437170406072,-1.122930257323445,-2.240132413818887,-2.4187432063578265,-4.156730955616238
131.0,1.7685824319494858,-0.7164436981367754,1.3209602202129769,-1.2626667665141817,-1.1004636177465588,-1.4064615708438746,-1.4869382486284746,-1.810235611048916,-1.0551120352156382,-2.606362796956631
132.0,0.9278440253733233,-0.7286930424162654,0.983434517933224,-1.5524602266849814,-1.7863951657069328,-1.730782572948176,-2.9376808642577874,-2.2296351533442182,-1.754582908322337,-4.882868844751403
133.0,0.474103444084113,-0.34521741950257945,0.19204544977962112,-2.3112811857812154,-1.2649402761558004,-1.7604345245450694,-3.6271041774313355,-2.223076222802976,-1.992975096642135,-4.136585425431366
134.0,1.363361250259953,-1.1332395567273084,0.779682740243683,-1.6086285995935983,-2.262341928894885,-1.1538230104203482,-2.694762452985876,-2.4444996874398552,-1.0989103582810928,-4.765407710991909
135.0,0.6943918507785782,-0.5386881028053141,0.8250414771784726,-1.7158356695337433,-1.798390429018089,-1.8528031709002017,-3.1091726229982104,-1.8811616662063484,-2.807636420452731,-3.8340670920253785
136.0,1.2335820412831027,-1.4629698015276245,0.7964436101332593,-1.5937195079042623,-1.3187670071036406,-1.4496535690831434,-2.6019030296230246,-1.8856432485378885,-1.3945109835520482,-4.767014652684775
137.0,1.0748207297067505,-0.3610674180689819,0.46772578136594456,-1.4134285198023369,-1.43783259366365,-2.2700229582403604,-3.401871232979769,-1.8522460022730174,-2.236522975580987,-4.314962537475015
138.0,1.3452803350731473,-0.33109017166297194,0.42201011307839953,-1.5427926992356507,-1.5934169878648312,-1.2833670626765197,-3.102620356209869,-1.9762255111950693,-3.357626949813725,-4.828944703783701
139.0,0.9068386900101467,-1.266157776771727,-0.41491709860536985,-2.1705812751011697,-1.8018410715079127,-1.7187619404829546,-3.9982761923009296,-2.4489692595628414,-1.5653363028229357,-4.441997896202333
140.0,1.373479858735441,-0.13628298232505554,0.9153181253192488,-0.34982884088897936,-0.6463779819325342,-0.8477287163377634,-2.3589521352890968,-2.300518150121576,-1.7709835712322803,-4.571604594536079
141.0,1.4543243548083464,-0.6381994006346634,0.9849264380424021,-0.6349374005896466,-1.2396431129690564,-0.6145215546317604,-1.6792899821199407,-1.8953776011610914,-1.3053506180815284,-4.1955236190292515
142.0,1.5156686439302383,-0.21186775433371263,1.3910155035686929,-1.6176354890053548,-0.6267581468411292,-0.8756984285383504,-1.301179464305799,-1.7015474137529787,-2.2022560073109125,-4.361368163606885
143.0,0.7117435890775561,-0.8306643664697151,1.0380682574791211,-3.5837796804068107,-1.189707393613015,-1.4209721933370045,-2.8131967472082167,-1.6726867824820255,-2.218339005152356,-1.2172504405359597
144.0,0.44470825281874227,-0.9772112139233422,-0.506412202291032,-0.39360244435439906,-2.0321089982698655,-2.5963052476649437,-3.027278053792746,-2.8286846243432366,-2.7543261067544824,-3.835713893988535
145.0,0.9541229745226905,-0.48847432170577276,0.5438649213854536,-2.3790550489993874,-0.579788794444843,-1.7753294371059147,-2.8584710293864037,-1.2809865004050147,-0.9074995323215242,-2.7953727611575396
146.0,1.0498913676800816,-0.5972261633503346,0.3599640435739222,-2.4036968052015144,-1.4819785437629789,-2.119374313494686,-1.5955390012743673,-1.661559067832222,-1.4604074589866203,-3.4395436157012123
147.0,1.132800442984849,-0.008466581346411761,1.162236988784685,-0.19417424369075942,-1.1610170747475923,-1.548533467516029,-3.150784024071028,-1.8737708093406371,-1.0587450521654134,-3.1248697896430158
148.0,1.5363324571593,-0.011958829403398319,0.9220139317337164,0.4476693935061804,-1.0033346730312425,-1.244571083335658,-2.1975840174890737,-1.727242968473472,-1.14430903026172,-3.145447574560356
149.0,1.0222297219772274,0.059930065916655284,0.42331036890437157,0.09210085615552766,-1.7025779893481743,-1.730170653305521,-2.7615017757645033,-1.4541167181288128,-2.7333669597176424,-3.9624500958063296
150.0,1.0073077334181701,-0.4255383451524166,0.4524769907301882,-0.9765522841166281,-2.613833548004245,-1.827303632945095,-1.9964250129409404,-2.1054583158293365,-2.776490747429481,-4.977035200501036
151.0,1.4579727318206275,0.3911830788651822,1.2217064531536206,0.14106247570375396,-1.3732195735167414,-1.5693625535990972,-1.8177408369055597,-1.9088382029390596,-1.899795813376178,-4.402861595473203
152.0,0.1814218206894227,-0.3513211155863991,-0.34752918463202165,-1.1458686090137682,-1.2300415767783115,-2.4272455899680425,-2.8189020544979346,-1.3597667179816584,-1.4873375818617605,-4.129516575022074
153.0,1.1746945947804845,-0.48655203184657037,0.3258861466925911,-0.5587282669289797,-1.8964145985443066,-1.473731502727249,-2.5221638833777473,-2.6086191895869644,-1.5471165380077623,-4.732645709361529
154.0,1.3728256242628076,-0.21344377062987885,0.3262734434519059,-0.5141713745769949,-2.0001078886594397,-1.4004992174663675,-2.234279523401202,-2.212882106411024,-2.4779827754454185,-4.723513419324309
155.0,1.4336222232952696,-0.02419056394800423,0.35747718788380034,-0.5002543542679376,-1.9938200116662292,-1.4047319449900777,-2.1781623781844344,-1.908057698197534,-3.9574668916970603,-4.725252845214212
156.0,0.7420165943542041,-0.8844142596521709,0.21624832344392253,-1.3978331963861401,-1.9549104000345698,-1.7081439525731215,-3.6612616554528805,-1.65274118786542,-0.8226605541895791,-2.534392662202006
157.0,1.0844923380736886,-0.9338662307222556,0.5304320762586119,-1.0828718192268956,-1.619675639965478,-1.2824370216859222,-2.9787651797694172,-1.528293574702412,-1.631966293401502,-4.916059336747662
158.0,0.9627782937810373,-0.5048375453549512,0.07008919679316405,-1.5907814780352156,-2.2057059426782697,-1.8046040929942144,-2.5532555678360547,-1.632153709598548,-1.5641213179379574,-5.0741644706205244
159.0,0.8246323663006547,-0.5416914847947005,0.2332028291703896,-1.2376748437697298,-1.7738273009985046,-1.8845357122697215,-2.3206539641221466,-2.273055388816381,-1.277358678935863,-4.97597992853538
160.0,0.9717163413528307,-0.6554270629184162,0.4225997091875777,-1.2207565911785734,-1.9500221935993953,-1.7691039352721383,-2.2535338746828137,-2.211449269401218,-1.110965860064634,-4.880607574881084
161.0,1.0768770221078607,-0.833132980038118,0.5275792634699703,-1.3026713580109328,-2.2928448257004623,-1.708003484028407,-2.2244244061759337,-2.077745106580644,-0.9933672397432829,-4.876923996218267
162.0,1.1087182487913188,-0.7992240888162723,0.5130499019612014,-1.26841349786593,-2.0112103317032406,-1.757344990848741,-2.2402550991226033,-2.0605753490759704,-1.0447492952556687,-4.763742462757014
163.0,1.111155560658805,-0.7935848063241306,0.45246778630282414,-1.242827244429288,-1.604756185351043,-1.8469060684744387,-2.195443245464842,-2.00013459634874,-1.1489276111640834,-4.680343496584282
164.0,1.1398677809531366,-0.7640148239919988,0.3872814240663458,-1.1484338287642124,-1.2499649365592058,-2.005207588081012,-2.217797551017701,-1.9903565054735208,-1.2960041795480983,-4.631285555289847
165.0,1.184807177355248,-0.6804236843223941,0.324648490139138,-1.102989511902567,-1.0142454956021223,-2.1000727965744974,-2.1376606763640926,-1.8650489912836545,-1.5513173901119348,-4.424225372349495
166.0,1.228846021241318,-0.5948542621056725,0.30485567752951814,-1.081886713233894,-0.9279442134038871,-2.177589023389215,-2.017755648569699,-1.9538423543135712,-1.924785912851723,-4.477824878068281
167.0,1.5730590569120473,0.48334311242970607,0.8058891812156392,-1.271019084389208,-1.5061387331376244,-0.8341733608649986,-1.1156786872398117,-1.795495417399871,-3.8665869212079667,-4.49785453212073
168.0,1.5643485122974976,0.36936173399722394,0.9954107950686009,-1.26939653247628,-1.5221766912524908,-0.9077681638865527,-1.271610480459024,-1.8533302721531957,-3.6180579633044383,-4.4830502481920105
169.0,1.4563374273672567,0.08797829403896795,1.106709006011376,-1.2684341681443465,-1.7282661059122182,-1.043701641153512,-1.4432113018984563,-1.8928153974959638,-3.0835601389820857,-4.542168331486499
170.0,1.3142336388875193,-0.1737742312907753,1.1158831503368307,-1.1832639461090464,-1.9044455298967833,-1.1728323703340418,-1.8622127903287309,-1.8795935309307659,-3.099740149651846,-4.6322900400339515
171.0,1.205130533895606,-0.46527443629386056,1.0505452913442868,-1.0591865925809336,-2.025612107671305,-1.3144587434062074,-2.267263536946601,-1.8907778040495207,-2.9785686619299727,-4.724276845923628
172.0,1.236944007059257,-0.47855993185405277,0.44100073841618204,-0.3891182756103224,-3.3488210509489074,-1.4517587529422449,-2.5350342673494177,-1.556876623458177,-4.519385692945086,-4.845083358596062
173.0,0.9639390524924916,0.08360177102799948,0.5761138626908575,-1.2174829562277762,-1.9008821721319225,-2.0091939434186035,-2.9156799563720748,-1.6324160669104584,-3.804240443983943,-4.914445900985387
174.0,0.9776969111445024,-0.3641351343974282,-0.5127841355311944,-0.5610682363266417,-1.037580092508316,-1.8049325583994114,-2.8546426115484067,-2.193190697411258,-1.5948221536329334,-4.806133378587583
175.0,1.0047685355687994,-0.47625268647101504,-0.21260480760812883,-0.5739265897608872,-1.1206254114766458,-1.5179091364425197,-2.8694031906279225,-2.1970523939500675,-0.8546625374095782,-4.37924399190719
176.0,0.8912095237714197,-0.8493896330766961,-0.036650003075114235,-0.9506259831664801,-1.4783223747865477,-1.744500961914116,-3.1901230523388717,-2.1760769160883457,-0.8558833159438424,-3.6519021022289637
177.0,0.6585439880558653,-1.4818248516214696,-0.008711293725137015,-1.8268935525473358,-2.092154594534308,-2.281244827073766,-3.7855281850705484,-2.1504976745559787,-1.0213111448678822,-3.24612791319327
178.0,0.5477327578164736,-1.9704200736506392,-0.01372606760288475,-2.941093148696874,-2.4548170297932694,-2.610349306970636,-4.138278605596054,-1.9795163050307303,-1.1094340978802575,-3.1357457987531436
179.0,1.1458028885563525,-1.051770112693688,0.8269305183580173,-3.113768305882091,-1.5928980691525458,-1.6930524261715547,-3.2708598975310257,-1.0036365830294196,-1.8255202746657533,-2.8216910191860394
180.0,0.9965140540643591,-0.51383926323994,1.1220328996863442,-1.8178841608125165,-2.038777879136657,-1.3619757078783477,-2.332147382765965,-2.233048430224876,-1.4799422776176092,-4.784436615278185
181.0,0.8040738116474269,-0.4769064219979158,-0.15435250797679,-1.8820022172878312,-1.4095405497533235,-1.665621418309645,-2.587339679748181,-1.6757364443203606,-1.6038314263890832,-4.554160416855506
182.0,0.8908663826528812,-1.486472958341443,0.11497438943027771,-2.2974323455681325,-1.8020903973826345,-2.282967931847787,-2.877250470338829,-2.613504632918976,-3.1440234256532036,-5.235262212265894
183.0,1.5473520765857351,-0.9318739968385361,1.0631623446902154,-2.3846991879224335,-1.8007729004455904,-1.060122880673625,-1.156370104127391,-1.532852148093272,-4.084501905607023,-4.59131596944645
184.0,1.258732660553684,-0.6568651776730423,0.8910757829945906,-3.001914868708911,-2.2093791478099636,-1.3402444224052306,-1.4582052480368892,-2.380828869418103,-3.1931012712479374,-3.9769301180509355
185.0,1.0349187549820955,-0.004155967618615364,0.6446736406154783,-1.754349824906642,-1.9525296535791448,-1.9702197338972507,-2.4639750617107365,-2.0410879270469904,-1.8631300977729266,-4.88744136067704
