Time,Phocaeicola_A_858004,Anaerostipes,Faecalibacterium,Coprococcus_A_121497,Mediterraneibacter_A_155507,Butyrivibrio_A_180067,Bacteroides_H,Phascolarctobacterium_A,Paramuribaculum,Ruminococcus_E
0.0,0.2028067992487841,-4.064436675816735,-1.2324308578571839,-3.049207103474121,-3.9624968057768806,-1.3770222855752023,-1.1522997649574651,-2.5702741010355905,-2.2443045534922796,-5.698560037464657
1.0,0.6073859666016335,-4.515958246243703,-0.6361772486060595,-2.0754905340861214,-3.9248264100846484,-1.3712338530601602,-0.38848008749331875,-1.8963346331620412,-2.2125149085615083,-5.357520368161052
2.0,1.2329744709555448,-4.525422828535923,-0.6377642447014971,-2.0858900249936316,-3.968578298889692,-0.6778235408280437,-0.020970160271855942,-1.8329829786055671,-1.4853704948574284,-4.963674601425646
3.0,0.8882460782695337,-3.884389087059623,-0.5136073866933362,-2.291895785909122,-4.0429937093206325,-0.718128999133375,-0.6271670061128927,-2.085104443263753,-1.7818843558770492,-5.206138400412044
4.0,1.226331249800819,-4.734849039336658,-1.5716169799509185,-2.9002363020585777,-4.184805655643917,-0.017969028723438196,-0.23178362643203632,-1.7061438503108366,-1.4661072512576878,-4.3465256874416225
5.0,0.3539381675491259,-4.543726161715565,-1.1798691809479487,-2.26015111472495,-3.673602105997381,-1.415054057815349,-0.8856478121849545,-2.25419495788776,-2.017361199000282,-4.15920210410507
6.0,1.2914532219243537,-4.868450840209516,-1.0959440541189822,-2.8206262136509705,-3.840984556771158,-1.0176717086942098,-0.21715844899884984,-1.783481638212075,-1.6947054115328462,-3.714196603625311
7.0,1.251690481197881,-4.493403625584072,-0.9072950740897041,-1.9622755433410548,-4.646478664493619,-0.23862052568283332,-0.1062346449061069,-1.6413981460082372,-1.5779076802921783,-2.610747374921742
8.0,0.9845527660158299,-4.213708603660601,-0.023255324233527386,-1.9858125030926737,-3.8681337008958607,-0.6837872891852113,-0.27292395098438615,-2.2173761664129916,-1.658489079594638,-1.9298441636117707
9.0,1.1543948757745408,-4.467510221609809,-0.6481064008276232,-2.522021100264215,-4.346816565764257,-2.0375397366254697,-0.10588480804698519,-1.961453702863612,-1.3113214958470725,-0.780313618576365
10.0,0.4825246416169797,-3.5085807372870788,-0.24727847912412337,-1.6106996146566166,-3.353496971976634,-2.976203088738183,-1.0203523080759078,-2.9082057873911786,-2.4297719290734467,-2.017253713024546
11.0,0.634768096296818,-3.777022114386982,0.1398764275350659,-2.074087409562339,-3.8528332192189225,-4.193609790165685,-0.6174849096525044,-2.410841629821574,-1.9146257907426845,-2.6400701196916776
12.0,0.6940126561774265,-3.3865040492188196,-0.22459348215236719,-2.7480695431390565,-3.765363223049981,-4.231981699101175,-0.9295158845694027,-2.1707924065896576,-1.9446177042946096,-3.36422843335885
13.0,0.8011938789687614,-3.653908246181544,-0.0039589756434343926,-1.9266177135460059,-3.765573203513153,-1.0159968016466576,-0.8500646602945194,-2.4776381590306586,-2.0368171305130094,-2.2176569740294587
14.0,1.339963222221845,-4.595553035025147,-0.7767078511817151,-2.687627203820295,-4.458266924918536,-1.8479447275109984,-0.35209300906613916,-1.4552773872160045,-1.3539336357601524,-3.2329528742157727
15.0,0.7452527288388742,-3.864636802777306,-0.480761086568964,-1.7968931088612823,-3.8905510372053174,-1.4446840820177822,-0.919037669387379,-1.935479233236469,-1.990870511779976,-3.3939074703971244
16.0,1.1073849770000512,-3.2161225011329484,-0.37248761382500906,-1.46225141883997,-3.974994640513652,-1.0737154569715943,-0.0593581549878448,-1.9138379577871976,-2.121761116972514,-1.3727105982887045
17.0,0.15792393212615963,-3.974726691665845,-0.407062746396623,-1.0888855217543416,-3.6372127771606895,-3.0947506229594897,-0.9729664308736525,-2.8252917255851457,-2.854794350580746,-1.8144422883510753
18.0,0.9398589578013379,-3.9106520470775985,0.23295925048476973,-1.1247410038853085,-4.081905768631658,-0.640886366333733,-0.8330714466037066,-2.496531263421267,-2.2294505201655,-3.2367684867349036
19.0,0.546737440051491,-3.535917580917968,0.06063770040540706,-1.1119196944332979,-3.826146917062886,-1.5768878664239985,-0.9972799629236109,-2.34914116776027,-2.380965008692845,-4.314918422163833
20.0,0.29048819123561764,-3.350490870410988,-0.08483019530962532,-1.091500201651641,-3.6266608075882805,-3.7790724700737104,-0.8768201395643138,-2.404541426826935,-2.3916107242693667,-5.455226779696499
21.0,1.3519642644921732,-3.348424750857535,-0.0127542881178635,-1.0623707073902389,-4.004032210090349,-4.027462373060573,0.1193222671369567,-1.9912399185459044,-1.911002526470834,-4.815484192026911
22.0,0.6490978518054656,-4.1821214161131985,-0.32984436320708843,-2.513013509764666,-3.731314847278364,-3.2396412293111716,-0.3585964944693263,-1.4294533156953702,-1.5653898945241347,-5.111437233477096
23.0,-0.3669157286229455,-2.7255878413634105,-1.3460588038507861,-4.261028193071961,-2.1894455311103376,-5.967585531520083,-1.4795761302414143,-2.742935007909505,-2.1120357746936183,-5.967585531520083
24.0,0.7166081304772053,-3.922868154219697,-0.13861847417411788,-1.3912252318042386,-3.1939680091120373,-5.015996127119778,-0.06483387544074759,-1.6788344142022444,-2.565492446969353,-5.161305078008879
25.0,0.4757709727135755,-4.261158932670213,-0.224790584786128,-1.6693573027813429,-3.505881584015819,-3.5791865569784425,-0.07202532197486478,-2.5172524091073583,-2.863394461112011,-2.3995358490261407
26.0,0.8670529220293891,-4.458692464330375,-0.536072944054637,-2.029766243526775,-3.8549894632072874,-1.3543925607934502,0.14140131095356945,-1.7773256446869752,-1.8738132539583283,-2.3403911590522855
27.0,1.2662590393591044,-4.622789265517568,-1.5239233748337804,-2.701349217973729,-4.4011519356583175,-0.5726467512250704,0.2684855695778747,-1.2302825659816463,-1.237259189393488,-2.455676766985525
28.0,1.2995815814084022,-4.112325555375955,-0.26433013271727024,-1.8076678333603566,-4.245003283102108,-0.8269014579128444,-0.05777500442822614,-1.7041045264502932,-1.7359080018390438,-2.8496814024987605
29.0,1.2102793427489487,-3.8541647848129843,0.2006239241487009,-1.4178891282597779,-4.140767734099644,-1.2949602051554916,-0.5588102511510733,-2.7055835097294167,-2.857683808155187,-3.2462666243292153
30.0,1.285117472310803,-3.896070718424565,0.22444987378604186,-1.3745684234177036,-4.098179378250053,-1.2677685195496196,-0.22364136711716842,-2.128005859083589,-2.110804506301247,-3.164842673386689
31.0,0.6891086428838409,-4.820744022596633,-1.0767254355434592,-2.5311512853491878,-4.130830724282349,-2.5603310572340336,-0.05044788742723649,-1.243522821145429,-0.854788469592016,-3.5931847671583053
32.0,-0.33067817311185954,-4.164165530378592,-0.4890703978473332,-1.5203389115130157,-3.454419213312372,-2.9231979819311205,-0.7399821263514432,-2.265320809162329,-2.265320809162329,-3.7129668049673414
33.0,0.28425302089027005,-3.519330897667208,-0.09316962645265381,-1.3414585688965917,-3.616038575524332,-5.202656487715176,-0.7694324605897676,-3.257289275086986,-2.6351140291067194,-5.487833221695352
34.0,1.0543744473503243,-4.337558074052211,-0.04639981998588705,-1.1755284706921987,-3.998645084803732,-4.767774581675147,-0.10165032464445978,-1.9944874943021464,-1.7404115907181181,-4.767774581675147
35.0,1.2776676303702685,-4.233942861273839,-0.04375342464763676,-1.5597042834056025,-4.233942861273839,-2.3101984484371383,0.4920086234271117,-1.8633195409092584,-1.6533155152175678,-2.4723171725515276
36.0,0.5298319755135357,-4.022506045933469,-0.3652334564316728,-1.4478016929992454,-3.8625531686644194,-3.5302495042033577,-0.2784764144264833,-2.733068773669511,-1.9974075559154978,-2.8557496942145493
37.0,0.9864604476072928,-4.502231135038036,-1.0016728787870335,-2.6784388526896477,-4.326247263583326,-4.798696246168711,0.517531134024618,-1.454110532464143,-1.0153158947686558,-3.0886205259121073
38.0,1.1281895829076944,-4.495454306264046,-1.2567236760027032,-3.289155492418794,-4.791919417394721,-4.930504543062737,0.4018580360766961,-1.1700458191733198,-1.513376543647459,-2.9995123846250777
39.0,1.1963394031637944,-4.781486474614434,-1.1167257209838195,-2.873839861508462,-4.825581479792052,-2.3520159952804924,0.26886523585555233,-1.551231439899576,-1.8629807025556167,-2.275246919741546
40.0,1.3482455320934728,-4.517653477366222,-0.4244590888091051,-2.32244224023273,-4.6004068839994705,-1.0971553121405386,0.32028247115917363,-1.6936195754612577,-1.1573595064729942,-2.8981631625235837
41.0,0.6713906978555333,-4.195019615597555,-0.14214176555910218,-1.689170394811858,-3.937998912117716,-1.3814342666813897,-0.2226885864557906,-2.0708588404366255,-2.221829805759681,-3.5334507880038935
42.0,-0.20184869100743708,-3.1626109731577197,-0.4210976417930179,-1.8129527748560055,-3.754182351057594,-2.4244708194227433,-0.9000031469290126,-2.8467917121510293,-2.560062744199957,-2.6302349717155824
43.0,-0.4616650625227239,-3.349068294482473,-0.4738145049212472,-1.4385836842688093,-3.746158729231695,-2.6832003766270835,-0.6110076478402189,-2.685920119967281,-2.460155683489064,-2.7361844844669596
44.0,0.47971640657958137,-3.2948643786738794,-0.11043813144073522,-1.5596626664280155,-3.188226022689345,-3.471320596380936,-0.3790666667504319,-2.537638945803181,-2.2305072142291715,-3.126925557651827
45.0,0.5082804344980678,-3.0735490831959686,0.03999142823851565,-1.785207710483394,-3.33945703639611,-4.495858440964017,0.15349978220859994,-1.8384623701744958,-1.8384623701744958,-4.3936818942404585
46.0,0.09962641711340159,-3.7700397126170397,-0.6746333971060741,-2.765721788993316,-3.43647842945749,-5.571226170895354,-0.4231616084739003,-2.428963124230993,-2.2425906289654454,-3.663975359619502
47.0,0.963434981049184,-4.821191362212293,-0.13168694400017045,-0.8586312103006553,-3.398324592901969,-4.865286367389911,-0.0038305124058637396,-1.8029754428743539,-1.947965700057088,-2.95939971194451
48.0,0.32183604382663145,-5.180450057071654,-1.2892028674609952,-3.202812035992755,-3.640009872257057,-3.818766103661761,-0.44377052429631925,-1.552695069568944,-1.2884232509494644,-3.4470803319192758
49.0,1.0011402042001794,-4.938164691477273,-0.6786406200322872,-1.8318354614708368,-4.036578287138691,-3.0627439996064556,0.2291365590472103,-1.7162108373062954,-1.8995939948988292,-2.194704783156281
50.0,0.6954546471496201,-4.808076554830381,-0.23355068968079462,-1.2453215662051718,-4.118410718142729,-3.9430826955444207,0.1951176217531252,-2.039625413223923,-1.8075008202186007,-3.2924963739977953
51.0,0.4092456297479925,-4.400019146246488,-0.2545273463590152,-1.360398558036832,-3.603729148869083,-1.8473756680780549,-0.076489828090617,-2.213812808272735,-2.203916195248082,-2.737682477681414
52.0,0.06566468739011722,-4.777918089336693,-0.3672908306851175,-1.5093495587045973,-3.622988383188712,-2.260801715672481,-0.529256971272382,-2.4308643627640922,-1.9127324784565245,-2.7360832104603254
53.0,1.0352508676822776,-4.70665766200644,0.409620527287462,-2.5338005197755216,-3.997398804397064,-3.523850264749073,-0.17779804981629388,-2.589581730554076,-1.9259850355882926,-4.290422644802182
54.0,0.3648300610913602,-3.900147933615499,0.08228043989320977,-1.5715891532801691,-3.613026425868311,-2.609249187470054,-0.551326882666592,-2.8493197742328773,-3.1310159156415294,-5.292051107912944
55.0,0.6508642425251998,-4.3844557884343764,-0.06034257298502954,-1.4801357078691446,-3.8909502497234527,-0.40289345856172853,-0.14753276189422992,-2.927626128225894,-2.506784684347881,-4.999521915438518
56.0,1.1002807230902443,-4.475063448662537,-0.1446830323533277,-1.3486061494954233,-4.517295923624985,0.5261222579613143,0.38657661772221674,-2.6032669339715677,-1.776842008221002,-4.3955997884787745
57.0,1.670441668199516,-4.498048453726785,-0.9937982734313842,-3.3889858790700234,-4.548867284125487,-0.005530430896143024,0.6073429011499494,-1.6162291770584858,-1.3998729549274875,-3.809419944366027
58.0,1.5003644555040467,-4.208997223304784,-0.028677016045222103,-2.080502920325456,-4.494173957284959,0.767678018444317,0.6536023267272828,-1.860496432293968,-1.1442784576900964,-3.583906616214243
59.0,0.45537792760081053,-3.5640747780490827,0.1105295461428133,-1.8340527692684028,-3.91847977431945,-0.7393177242388436,-0.5522442665193517,-2.52322745711779,-2.35935505659862,-1.743427172151933
60.0,1.3346244090165444,-4.663386025996143,-0.06923242690677966,-2.2048991899148516,-4.352285934783213,0.13074973990805194,0.4782968588892387,-2.6673076261388533,-1.605644218282836,-2.7484240049190096
61.0,0.8489510083385714,-4.432134131312044,0.023379737440564652,-1.8081441139598382,-3.9120510473546304,-0.7173698145730152,-0.2558450391549616,-3.237510396076675,-1.767749430217841,-2.1088389828842873
62.0,0.25369431084908745,-5.021431256482806,-0.1958365702796987,-2.057161806165399,-3.8472567332446412,-1.7917805544405057,-0.7051107733599902,-2.8745622708048875,-1.5475687509222609,-2.772184023814052
63.0,0.658452930406678,-3.859990886020758,-0.004211568673964772,-1.3991207115289257,-3.75204328272949,-0.7766343397971316,-0.6000051704624598,-2.57303200176509,-2.3205659390815967,-2.7920708139242283
64.0,0.8640916711523338,-4.137541265844929,-0.17358514731739638,-1.6144068023483094,-4.158083469858248,-1.5330079047362184,-0.16857874789967164,-1.9014465421446394,-1.690626807358909,-2.685094835201149
65.0,0.7400355327686805,-4.395506007535143,-0.06433020620263696,-1.7273079152466035,-3.5982456427153107,-1.5066474869605813,-0.16841203856402998,-2.19954271291538,-2.1300298288924346,-3.2591561253610166
66.0,0.6575898922689928,-4.324254287584416,-0.8120364693938451,-2.0003908536640487,-4.225519762653229,-0.8615332438076768,-0.292625122071021,-2.3493902992994755,-1.7266118574765255,-3.766258495724946
67.0,0.7316709200740689,-3.9661984708505176,-0.17866107118230357,-1.2167207088517116,-3.8033145022126216,-0.9077135438286077,-0.4618384881879978,-2.3336402347600447,-2.000029374685049,-3.616861084261578
68.0,0.5056175124004121,-4.0621944302513295,-0.12380221321975715,-1.0964062320931398,-3.75997484686684,-1.0159490746322097,-1.0418059232203922,-3.227529721851934,-2.677996171355216,-2.7131997842636184
69.0,0.4757297941312615,-4.574837483754818,-0.3774334706819671,-1.4203971065367158,-4.132855705545175,-1.2719337654591016,-1.159291079746502,-3.3350938593568804,-2.519637977747624,-2.63587187160366
70.0,1.0901401276384985,-4.627717411222042,0.03880308300826263,-2.7587542268493306,-4.341710460136019,-1.6799451716689693,-0.15828472374144553,-1.6551669905798456,-1.7293934312530586,-3.284132487270178
71.0,1.0508360806309092,-4.317669636294877,0.11341925621238813,-2.671784552852525,-3.975250132810585,-2.582389807715004,-0.4309327895331161,-2.0218395343848985,-2.0505110751806277,-2.085490778844522
72.0,0.783085512707959,-4.254415796588014,0.031828264495040726,-1.9757779357818168,-4.214555575863618,-2.7646136076299737,-0.674500698322952,-2.33229047234418,-2.1988267462544075,-2.4455542020852397
73.0,0.9661824378158193,-4.337722193066855,0.22845543970376214,-1.866001160206359,-3.8662331679156177,-2.1187813189825704,-0.48778139403081733,-2.3199697781591446,-2.042069621477491,-1.6464830610388281
74.0,1.1902885880022571,-4.478152644391368,0.021584787438640562,-2.3201802961986964,-4.324863682236842,-1.1189963548770356,-0.3346407851789508,-2.4250381044977694,-1.8399612486312547,-2.082729689122493
75.0,1.2922271118303077,-4.608731459680397,-0.14540572893864367,-2.618935828453086,-4.735579871491264,-0.6730969468584063,-0.24745738209736268,-2.5921507100885366,-1.644171872865815,-3.0883468066262187
76.0,0.9721535572451969,-4.406177419189749,-0.0377621033315807,-2.410802210829969,-4.602987697845656,-1.9449477643418775,-0.777857728982082,-2.3276099390768508,-1.5505648712959992,-3.293742797710375
77.0,1.3855163287456613,-4.278130667025184,-0.5988036035247015,-2.730373696954874,-4.751251068802725,0.5160052769329433,-0.032359313015636104,-2.377749708368913,-1.5157233528838554,-2.821913543918131
78.0,1.9565187240224047,-4.153398644772216,-0.21116663241515132,-3.1772838865243163,-4.285855552239383,-0.4971964918056546,0.21227611821749193,-1.2472848556609382,-0.6769189479927045,-1.474858341820573
79.0,1.9642157973767846,-4.015442694053974,-0.22444118717909145,-3.2041442460892946,-4.015442694053974,-0.48908794750391715,0.30524510448695796,-1.2445331928350125,-0.5120728864537263,-1.5459890694240657
80.0,1.8499535852046107,-4.210839204050604,-0.3087212076630803,-3.1742666246783586,-3.6544538161134326,-0.5241302678700057,0.29529298350784705,-1.249728071176154,-0.549310420842271,-1.6690065910419851
81.0,1.6275823549986175,-4.480491512998791,-0.4599889003593325,-3.1117741023655197,-3.8863531241284313,-0.7147340423715387,0.12060582064596082,-1.4459790449035115,-0.6718345181231755,-2.029987832848365
82.0,1.422550427096816,-4.199434422058394,-0.6326070027046669,-3.372093840466744,-3.8771209866471392,-0.8692311493799587,0.021280337259070414,-1.567435180227219,-0.7260859144856746,-2.237322974729144
83.0,1.2669460337997989,-4.646875382533047,-0.6599188805325837,-3.353080476474381,-3.4607343625432465,-0.9255461860020799,-0.03142655135913608,-1.6520897573444404,-0.8356351400227557,-2.4609990215011974
84.0,1.0017190673732674,-4.61374244282517,-0.8623318943952738,-3.3652955075190034,-3.649238752694621,-1.099149864870267,-0.20853565080075676,-1.8160621690040217,-0.949259665921095,-2.682574899332466
85.0,0.8743690915152805,-4.624552327648999,-0.951408195589537,-3.227025678482101,-3.7760474216393964,-1.198070251802344,-0.22115067952593503,-1.8284131941928081,-0.9867480735648517,-2.91878165622267
86.0,0.7014593655110122,-4.729206080524795,-1.0647805240282555,-3.229536497380006,-3.324027229580139,-1.2777895830504653,-0.28592855340929324,-1.963887097045322,-1.0623951822088051,-3.3869499749284016
87.0,0.5745169841556609,-4.786544693299805,-1.1008531678749212,-3.2461036031073025,-3.528954396052833,-1.2964828379451372,-0.2972152593368933,-1.9440736960114753,-1.0800300392933175,-3.420226211182805
88.0,0.5037001732637627,-4.628374953589827,-1.1103098465093733,-3.195616454035422,-3.5414341458776546,-1.282512788316752,-0.3362047553607934,-2.004685818030465,-1.1141015158171728,-3.924843153137002
89.0,0.4374940040307058,-4.993669371956174,-1.1544308159781653,-3.105627556054687,-3.5771943836165745,-1.335504168355431,-0.3339555952789661,-2.0385965391920795,-1.162092620287879,-4.321715687844454
90.0,0.6359176778631659,-4.873934987617308,-1.0210514004363653,-2.686440057864968,-3.7446200960336506,-1.3956825725638562,-0.18377727797405052,-1.729232184585427,-1.1375006087107167,-4.624056549379218
91.0,0.9822608574236553,-4.665481958216157,-0.5895388389723744,-2.2085605334049028,-3.837970964808048,-1.5220275771507672,0.14962880681012125,-1.4253020668144303,-1.1822429609797944,-4.496629543396704
92.0,1.0909224831432196,-4.671169515885583,-0.30444443301843305,-1.9618732126169662,-4.091353964978187,-1.7972289514444764,0.32918092742956695,-1.2772733135016188,-1.1375443307305233,-4.671169515885583
93.0,0.7369238366660662,-4.737951253410045,-0.190720804705252,-2.1735220589861672,-3.9266528054453644,-1.1754677889844738,0.1007372939208675,-2.309815054512164,-1.329760765755202,-3.631569450543493
94.0,0.49149357283632744,-4.4717088898989354,-0.46387019646594596,-1.8890169672812884,-3.907180741990441,-1.865994142617654,-0.2812745338653988,-1.1782732254129102,-1.3891305506961327,-4.036518955161931
95.0,1.0510350423402661,-4.224537761675405,-0.8029223742669169,-2.3023689927703757,-4.487954082788498,-1.980700829454052,0.17089485876519084,-1.7435016625478743,-1.4854004786876855,-4.985170913213266
96.0,0.4305980610479081,-3.7458713381826994,0.04630595110724345,-1.7246753192488495,-4.021988203932484,-2.896582460877099,-0.4414325548235487,-3.413109653816974,-1.7586679706659227,-5.35829763431059
97.0,-0.1538218820274888,-3.8872895129433394,-0.48387892595028914,-1.8321041984222115,-4.309322316096261,-2.6784002187455327,-1.1177878381086417,-3.1162695715305997,-2.3431635549079877,-4.8770239892850915
98.0,1.4230781066323024,-4.21483918515019,-0.9038474924664839,-2.6037118164980577,-4.732274557060425,0.04751738988744636,0.2192628948574804,-2.0688132294573554,-1.356200615773509,-3.675609403009991
99.0,0.8208163328539154,-2.114823754423928,-0.11448631020449862,-2.567624372687607,-3.729984143708623,-3.312725797331535,-0.23878083996023314,-2.0236733497995494,-1.8456336207955304,-4.186076893277482
100.0,1.0583301961845646,-2.7064077974732683,-0.3230091805740323,-2.810638379319986,-4.071823098889125,-4.346306121003789,-0.31349007413083707,-2.3396388507356702,-2.1100870203549995,-4.593058104024654
101.0,1.2907932507673863,-4.878925367020899,-0.8832892016605378,-3.4665099815824707,-4.757229231874687,-5.1218696260386265,-0.33789284811910325,-2.856475300417501,-2.390436792490644,-5.1218696260386265
102.0,1.2169607827354518,-5.055057923400554,-2.866769879011681,-4.61680615051083,-5.001517620449545,-5.055057923400554,0.34284701868706846,-2.7726835295215784,-0.8172713502233193,-4.950698790050843
103.0,1.2190232334992992,-4.424681271848724,-2.0586318560115457,-3.062517517156028,-4.941225259611726,-4.9873546869388266,-0.025448475824769945,-2.1820525449447494,-1.6858190294794593,-5.140074513451836
104.0,0.8630773314644081,-4.32727321415781,-0.6961160888962381,-2.4715678537407753,-4.534041359163295,-5.301827312680447,-0.3650268153058267,-2.178370180938214,-1.646642586058919,-5.301827312680447
105.0,2.1240528453097465,-4.329539645312381,-2.613049961265326,-4.176819818799371,-4.329539645312381,-4.329539645312381,1.1278004650793632,-1.5156374197380993,-1.0853945661064812,-3.0527875886580285
106.0,2.049363979090118,-4.226237166666918,-2.358460392921813,-3.9946007356377504,-4.226237166666918,-4.279777469617926,0.8660789256065937,-1.5483446360699422,-1.3390379342040042,0.7363007622069178
107.0,1.7712737925817037,-4.210708620610058,-1.9104727659309924,-3.3672437404476905,-4.559291577700842,-4.61283188065185,0.5311009327205838,-2.0402278710160595,-1.9253328750933707,-0.14986789773438636
108.0,1.5164071938444588,-4.426031016908992,-1.3197759999896146,-2.69640773936507,-4.932845080748418,-4.932845080748418,0.07370641492101826,-2.5290662028681186,-2.539057195247288,-2.795142481377258
109.0,0.8005984669295189,-3.3595883378948184,-0.6381803575571472,-1.7497192682549279,-4.5038948521625946,-5.2968824948730635,-0.4776586944178338,-2.0898853822848507,-1.9843427699358576,-1.890706176469596
110.0,0.6306730713972746,-4.323507265708625,-1.0516980747934073,-1.8988260552954463,-5.262704826325255,-5.415424652838264,-0.5455556281173755,-1.7934952665343282,-1.786171179335016,-1.9840300412398937
111.0,0.8331143110562008,-4.454153743935645,-1.1390814886013665,-1.89340181392124,-5.2020896220732755,-5.308727192954276,-0.441929755592291,-1.7005866817468331,-1.715953328085356,-1.8660414681480524
112.0,1.1846849063473779,-4.46800739341892,-1.1772312350751244,-1.9698253930077583,-5.00132899905018,-5.107417537484347,-0.2980225349376273,-1.5971597108096887,-1.6754101769136713,-1.6918228260258357
113.0,1.613025659540146,-4.349589409215933,-1.145716850780759,-2.133265938183184,-4.71932574140217,-4.8240328764760765,-0.10658720274944677,-1.4765610642224054,-1.6293801401140526,-1.4497456131107307
114.0,2.020911955306051,-4.16002191007262,-1.048488713935198,-2.4232267881535114,-4.419115789922387,-4.52290548235611,0.07765185071716729,-1.385783240235487,-1.5732036026608283,-1.1804997195141218
115.0,2.207246214434909,-4.022613718013774,-0.9847328889705822,-2.6707644281306604,-4.282894978828002,-4.387254112177715,0.0795069063246876,-1.4971685760254076,-1.547307220144409,-1.0490051143109373
116.0,1.330503526845701,-3.992190129791357,-0.29612288745386683,-1.6950947802704448,-4.528492455424271,-4.966744228313994,-0.8014064648643342,-2.55307319135449,-2.098285700371739,-0.5498419843109903
117.0,1.753941376304061,-4.065949690068873,-0.5316481138395073,-2.258788464621922,-4.613985350892344,-4.667525653843352,-0.24268781536011774,-1.918341839952737,-1.3157021900077557,-0.35774252731844136
118.0,2.109687040864537,-4.278783080150462,-1.0332467139053105,-3.565572425173502,-4.230422386987164,-4.383142213500173,0.20873126839109757,-1.4869624786661717,-0.842336469454124,-0.06306625571806679
119.0,2.296448351021744,-3.942360830537528,-1.5126345971389816,-3.6084681909975163,-3.942360830537528,-4.04671996388724,0.48247787935758124,-1.1566344277349327,-0.7982938911068809,1.3531744436556723
120.0,1.7390957361188055,-4.344841438793743,-0.9173542263334458,-2.447893752005637,-4.693424395884526,-4.746964698835535,0.14626615130934617,-2.07835684974098,-1.9700188652196582,-2.892237937606213
121.0,0.9609068747860997,-4.766945575432743,-1.0544077727926031,-2.793455013373443,-4.835507866382448,-5.273759639272171,-0.19925113376349857,-2.469801742233441,-2.298748852962794,-2.528100903130643
122.0,0.23529661433806592,-3.77878850746388,-0.7186696892133155,-1.6406626442849777,-4.161619463187181,-5.607354479572097,-0.9047942068170043,-3.2085586204421914,-2.5034491737622786,-1.839326019066287
123.0,0.36122516929879367,-3.878273084662447,-0.8205679089152982,-1.488577808149071,-4.28791272976471,-5.564664786419062,-1.0189880527715003,-2.777503732626461,-2.424407876978575,-1.6940976853328786
124.0,0.34008836465307635,-3.8704544063393547,-0.7184409432468346,-1.5495249790804486,-4.290227700539016,-5.566979757193368,-1.0654581472065634,-2.890772567045949,-2.4805016139386975,-1.6160332705206129
125.0,0.34705418708441993,-3.8782778634783255,-0.6216166520706412,-1.5879950493730512,-4.1548780713846885,-5.533637507934481,-0.985628659176359,-2.8920915639522664,-2.509326245030368,-1.3907496637871364
126.0,0.5770975288189872,-4.323192375339856,-0.9204091666973597,-1.985617202831242,-4.473903892880596,-5.469000195416552,-0.9332960790026448,-2.195266032074398,-2.2664655632675426,-1.3243674272149462
127.0,0.8300258754708536,-4.848488438411483,-1.468113789205443,-2.5415443749298343,-5.235177982046876,-5.3878978085598845,-0.917354117432299,-1.8567047197870599,-2.038002308965021,-1.3099454747651484
128.0,0.8498128196851961,-4.56841302882229,-0.7617544767009703,-2.339765482537218,-5.361400671532759,-5.361400671532759,-0.9299976057491837,-2.1723742218526096,-1.9461446400970106,-2.0752486669847086
129.0,0.5927782980773919,-4.500243554983053,-0.4519601158738329,-1.8075367785995256,-4.6148324516572785,-5.432402239983951,-1.074997319513558,-2.6053928929951558,-2.5546176635519333,-1.3895351699296992
130.0,0.33826696783359966,-3.7879657661774093,-0.5604691921645224,-1.7042673238590949,-4.147856845769703,-5.580550803846105,-1.3783326752193106,-3.475814894560595,-2.613998349380436,-1.511960239134472
131.0,0.34621213776670956,-4.7482278209356625,-0.5042067704476965,-1.189463541459571,-4.413050392442125,-5.541215463646131,-1.3357110527167668,-2.679022974105757,-2.437310157836313,-1.8334002751671328
132.0,0.37293108998720714,-4.902953711138986,-0.46360036128522575,-1.2209518902546184,-4.376364603709458,-5.5045296749134645,-1.2564718689186924,-2.7106159901888107,-2.2842633735897175,-1.5172224203203326
133.0,0.44688250379782857,-4.763361269844476,-0.34964397850678663,-1.2581265323887698,-4.313258838836986,-5.42346429583843,-1.2114195428764236,-2.7028352932795334,-1.9956335943230399,-1.088865673802665
134.0,0.5402307715064387,-4.578357451371284,-0.22703969677866231,-1.254525276320379,-4.52730249151605,-5.320290134226519,-1.1540988968156898,-2.6826706607577053,-1.7465496376772711,-0.6662909813576527
135.0,0.5811216624830378,-4.388687999982632,-0.17592406891065004,-1.4140651473217838,-4.388687999982632,-5.276574019919408,-1.1001975106717248,-2.7424886531711508,-1.707472597092688,-0.4515946345689128
136.0,0.6285839732142824,-4.268294557898319,-0.14019012272210118,-1.4824715184708346,-4.268294557898319,-5.242848656420956,-1.0852251156867951,-2.735292157650112,-1.6106805021563537,-0.38060619922716654
137.0,0.3181197242806897,-3.3553573307073536,-0.5243588151145935,-1.4598589665404953,-4.220353352638307,-5.512330579378499,-1.2371326342675566,-2.7953289488244186,-2.130154734497581,-1.1451091609994344
138.0,1.423021739995479,-4.707967578774797,-0.5554843064009958,-3.5448215679666824,-4.846552704442813,-4.950911837792525,-0.23496967275446612,-2.0189268308788133,-1.3527866533103892,-2.073127261360508
139.0,0.6473302714285131,-4.7609986841329714,-1.3008602380505898,-2.415348669160104,-4.634829803818737,-5.476391925736084,-0.821869125457172,-1.8240554655313408,-1.8254826467608856,-2.025619661529915
140.0,-0.38595350933140016,-3.382432268347081,-1.3964347066199168,-1.8916886452238943,-3.5671329042561037,-5.950828969228885,-1.7428669144912574,-2.7686256593981335,-2.803457663641689,-1.8018471654088584
141.0,-0.3529117072615524,-2.7927189958752336,-1.1841649092772002,-2.1429099516220664,-3.2517670430939307,-5.861460875870199,-1.5893276398895608,-2.8186149706909047,-2.251362762146352,-1.3777893869333795
142.0,0.6325012974866056,-4.135368021038236,-0.33914947661582406,-1.6273615046945238,-3.9509244968813944,-5.39665951326631,-1.2563947774415902,-2.2121766467666673,-2.223626752005557,-1.5949066033066759
143.0,0.8700565798210779,-4.572150746651292,-0.5825097026930233,-1.7942231546177934,-4.521095786796057,-5.314083429506526,-0.8742095027208445,-2.0320535954315972,-2.0763944009960746,-2.161997157703299
144.0,0.981721561588604,-4.858540397703833,-1.1222004395364162,-2.839484726894991,-4.7849290189780485,-5.2231807918677715,-0.44104548080837325,-1.56657496850551,-1.371128838572934,-1.5371891553235677
145.0,1.0126188664367979,-4.792490019569256,-0.8767340273945943,-2.634684675878022,-4.593037315836569,-5.1946132796110485,-0.46352435851615525,-1.5845151658872012,-1.3965518547348699,-1.5815441988522447
146.0,1.1192784823050705,-4.647107555447412,-0.5019529442113762,-2.2119701237374443,-4.877283698207226,-5.120227957224953,-0.44395596084837385,-1.8423373562719656,-1.6470286634923672,-1.6747033779021605
147.0,1.1649485104523056,-4.04734851580268,-0.2900078138125268,-2.0853932858892676,-4.69953148661248,-5.1016547466542725,-0.5426420234490839,-2.1407811897147524,-1.9903726359899547,-1.9217362017457864
148.0,0.48934715753804037,-2.6657443611627922,-0.3218052465837038,-2.1585971514325104,-4.510531509777772,-5.442690194778669,-0.78190492081834,-2.3363199027095476,-2.77790378274657,-1.8370651474134536
149.0,-0.04024251605103024,-3.5194443800435646,-0.5269413537240499,-1.7846792958035944,-4.140165759959056,-5.707732424432438,-1.7441698880272332,-2.683421161528324,-2.6780904024759753,-1.4105918607471486
150.0,0.18904757159941687,-3.9794830093829328,-0.7270445633860574,-1.5366195251284065,-4.811016075349374,-5.676008360236946,-1.6625211250145777,-2.6870574229067143,-2.6953981726768506,-1.7805300424414376
151.0,0.16968506815909667,-3.236306039247955,-0.6053763503547995,-2.253000189272016,-4.2060260299148915,-5.664634222419305,-2.0620023738428475,-2.91545040852869,-2.799303805781366,-1.0964480801641177
152.0,0.36049930049830015,-3.5521785897042975,-0.7782736111425699,-3.2975502296249406,-2.599872409710376,-5.696346088754846,-2.1748589559898566,-3.5782928057161536,-3.3279813218502134,-1.9131884029323105
153.0,0.3690942266600037,-4.312513940280603,-1.0072412176164156,-5.095701483122765,-2.334805600325674,-5.78383169425058,-2.2178349866574987,-4.5704099862441065,-4.227801580868638,-4.193583686720277
154.0,-0.4869210649670339,-4.900854280636507,-1.8587696175032913,-5.0200748432199145,-3.132571447653675,-6.265662983424074,-3.0151032668894358,-5.270566680888117,-5.036028729974173,-4.445971603004684
155.0,-2.4592904193043434,-5.5070938187067915,-3.621990336090871,-4.987958538059784,-5.642476501909507,-6.7526819589109515,-3.6611935589714055,-5.5230477054610505,-5.69837572805936,-4.823344434026356
156.0,0.6202819940047724,-5.665967890769613,-1.2260939639839328,-5.665967890769613,-2.6965880356368728,-5.665967890769613,-1.4955201757468632,-5.665967890769613,-5.665967890769613,-5.665967890769613
157.0,1.1411061146830517,-4.932395474687846,-0.5376889715347517,-5.085115301200855,-3.8395271609966954,-5.085115301200855,0.35040842815925766,-4.980756167851144,-5.085115301200855,-5.085115301200855
158.0,1.0238794974735905,-3.869003072343223,-0.19148427433190873,-5.098637325793124,-2.181415699013334,-5.098637325793124,0.28118204199043495,-3.9884318687916807,-5.098637325793124,-5.098637325793124
159.0,0.20168418192720583,-3.337758157627019,-1.3098586528003635,-5.794771466604044,-2.1367465631514753,-5.794771466604044,-1.0232909058968465,-3.582119007357064,-5.794771466604044,-5.741231163653035
160.0,0.7235023936140246,-2.4067151702340874,0.13585863838970758,-5.173340355047107,-1.0824270607448665,-5.173340355047107,-0.12956930491995955,-2.009563020295033,-5.173340355047107,-5.173340355047107
161.0,0.5796087448284746,-1.7009739503394126,0.6616946198439475,-5.058559104447573,-1.1076126177748173,-5.058559104447573,-0.024411457316340757,-2.0920066499819043,-5.058559104447573,-5.058559104447573
162.0,0.583534109008935,-0.9915670348426575,0.11667570598354637,-5.115946962395798,-0.728692850218084,-5.115946962395798,-0.007951848703190656,-1.5118173945205067,-5.115946962395798,-5.115946962395798
163.0,0.819216582037595,-0.4945312508458011,-0.05079237027271466,-4.980064149727907,-0.7071638554735704,-4.980064149727907,0.31350816347055543,-1.8162868149758327,-4.980064149727907,-4.980064149727907
164.0,1.067304756054231,-0.6622612317772165,-0.49820901421015096,-4.945839016436063,-0.5898443524487433,-4.945839016436063,0.23865669754290186,-1.4407408039561158,-4.945839016436063,-4.945839016436063
165.0,1.4154502902089678,-0.7614584518773024,0.16696229530483508,-4.691017911464981,-0.828509038867359,-4.691017911464981,0.49286131426650726,-1.1744193139221655,-4.691017911464981,-4.691017911464981
166.0,1.1221299820688317,-0.5631188469316339,-0.784148729041156,-4.848969907529238,-0.6725933982815553,-4.848969907529238,0.6015445301648399,-0.9670025399842874,-4.848969907529238,-4.848969907529238
167.0,0.5601238333941208,-1.1697293685656496,-1.782571710971382,-5.337625371748938,-0.7424133266850041,-5.337625371748938,-0.15745307810081166,-1.4567922001271032,-5.337625371748938,-5.337625371748938
168.0,-1.6548532143394514,-1.3945179007484902,-5.8455973669388355,-6.352411430778263,-1.5748946773589456,-6.352411430778263,-2.4602937754479166,-5.8455973669388355,-6.352411430778263,-6.352411430778263
169.0,-2.091966704683976,-0.03662290755509878,-1.2015966234789417,-5.786198086390045,-0.9108569351181535,-5.786198086390045,-1.4853225013274902,-3.13296439498286,-5.786198086390045,-5.786198086390045
170.0,-0.36109501270859923,-0.2225592470503852,-0.4817575540006187,-5.478690681155866,-0.8075543228869071,-5.478690681155866,-0.6974773767146916,-2.269469773849202,-5.478690681155866,-5.478690681155866
171.0,0.7161023490977283,-0.8541216763503985,0.34417472157285434,-5.003971022198558,-0.6430491371579548,-5.003971022198558,0.06743690003154068,-1.547978467610469,-5.003971022198558,-5.003971022198558
172.0,1.1200750740406078,-1.0375586709106837,0.9998342405991525,-4.7040560236215,-0.9989428750068554,-4.7040560236215,0.2763861004886159,-1.5733644008014198,-4.7040560236215,-4.7040560236215
173.0,1.0294563905111596,-1.2146464195327864,0.9717517134218803,-4.716434368064929,-1.0886414269065865,-4.716434368064929,0.46651941210076275,-1.3860257499985078,-4.716434368064929,-4.716434368064929
174.0,0.8393512948709059,-1.5471302399547224,0.8010143051679248,-4.818779687998271,-1.1909867468399287,-4.818779687998271,0.5249084139878222,-1.1953811865873702,-4.818779687998271,-4.818779687998271
175.0,0.704622406735874,-1.7790581845143305,0.6705247593042276,-4.890340295178647,-1.0984617902292007,-4.890340295178647,0.536273470703444,-1.1838752140046753,-4.890340295178647,-4.890340295178647
176.0,0.052957729785380936,-0.7328016659862475,0.09260463043630462,-5.181718518981075,-0.6061404438228115,-5.181718518981075,0.17761453130993266,-1.4712085719870733,-5.181718518981075,-5.181718518981075
177.0,0.2660368565061779,-0.7936643489529229,0.317023144696702,-5.025876247778109,-0.6912776257423439,-5.025876247778109,0.45899480678713567,-1.1006496351745645,-5.025876247778109,-5.025876247778109
178.0,0.6020213166209285,-1.425293515794749,0.6704717430674034,-4.811199441867348,-0.9034944292190064,-4.811199441867348,0.7761714274527529,-0.6656953520969702,-4.811199441867348,-4.811199441867348
179.0,0.5877988982893956,-2.2704749118816254,0.7430350831822763,-4.91202085586384,-1.1593540348815625,-4.91202085586384,0.5375484428176289,-1.1894735602192,-4.91202085586384,-4.91202085586384
180.0,0.6412711374221503,-2.6713648668226604,0.8223344902817922,-4.847244417025497,-1.1489184836950828,-4.847244417025497,0.6743676236720255,-1.1949079568207535,-4.847244417025497,-4.847244417025497
181.0,0.7395898761332245,-2.900319050947521,0.8734832792939486,-4.755045812176844,-1.0787538149137328,-4.755045812176844,0.8764437988242935,-1.222244183591401,-4.755045812176844,-4.755045812176844
182.0,0.8487826246564281,-3.166780945200782,0.8591903176915767,-4.722811058582724,-1.035441407721224,-4.722811058582724,0.9063108383833953,-1.2276766939732306,-4.722811058582724,-4.722811058582724
183.0,1.158780452217031,-3.092975035233839,0.4458870965639028,-4.779366736990454,-0.8147600125230925,-4.779366736990454,0.572956360063537,-1.003745052416817,-4.779366736990454,-4.779366736990454
184.0,1.049205880557381,-2.7284975570625676,-0.27850038496950735,-5.0330726409820485,-1.105677258192898,-5.0330726409820485,0.2112283717436556,-1.3651701660500228,-5.0330726409820485,-5.0330726409820485
185.0,0.7343979073822018,-0.9315438062801187,-0.3225023083678482,-5.236140514230307,-1.5752834777108058,-5.236140514230307,-0.2321694920317514,-2.278118545723221,-5.236140514230307,-5.236140514230307
186.0,2.117869244780635,-3.4353228942963288,-0.7175443210161805,-4.150716135899441,-2.6301163917790555,-4.150716135899441,1.7072938546624707,-1.2515031725987056,-4.150716135899441,-4.150716135899441
187.0,1.6206333176076764,-1.5406480530472866,-0.5817375906323634,-4.501521609986806,-1.6144971572185693,-4.501521609986806,1.3206570554415933,-1.2573765307809066,-4.501521609986806,-4.501521609986806
188.0,1.1763403821923806,-0.7606942263804619,-0.333017605307127,-4.803561296434713,-0.9811435300942777,-4.803561296434713,0.7313793747707205,-1.216031323712417,-4.803561296434713,-4.803561296434713
189.0,0.8669093235590024,-0.6693675874912504,-0.3442572969084019,-5.018991369306573,-0.8761035251592275,-5.018991369306573,0.25730156871394305,-1.2689079216964119,-5.018991369306573,-5.018991369306573
190.0,1.3366520911317195,-2.676657587125838,-1.3095127376339302,-4.801303634987642,-1.8461414097292916,-4.801303634987642,0.9214716218235666,-0.9716931624855514,-4.801303634987642,-4.801303634987642
191.0,0.9506281769685256,-1.5611172814423748,-0.4885498076008232,-5.037722677544773,-0.6760988814425473,-5.037722677544773,0.20686855349266575,-1.140010176223888,-5.037722677544773,-5.037722677544773
192.0,0.7819525974961317,-2.0785561920685893,0.335951020271956,-4.950133076740289,-0.742171022002662,-4.950133076740289,0.5132872426371657,-1.5887251563442126,-4.950133076740289,-4.950133076740289
193.0,1.0587480628799817,-1.2503490501057537,0.3550862166708788,-4.725252845214213,-0.9803562524211418,-4.725252845214213,0.9552691917855058,-1.3027919378143746,-4.725252845214213,-4.725252845214213
194.0,0.8455075964912735,-0.7851954565652393,0.11387358401601833,-4.905117785290555,-0.9006154981121619,-4.905117785290555,0.6406170398770805,-1.7343908621535644,-4.905117785290555,-4.905117785290555
195.0,0.736854997206988,-0.95586333348135,-0.06394042033811598,-4.956346249865758,-0.8571887497050121,-4.956346249865758,0.724738566922817,-2.145747824899595,-4.956346249865758,-4.956346249865758
196.0,0.6859283915081116,-0.8310133217523179,0.46634488016319975,-4.983460787030342,-0.761685033383243,-4.983460787030342,0.1923693131299713,-2.000062612608631,-4.983460787030342,-4.983460787030342
197.0,0.7934163722615606,-1.2599575087889188,0.17116212846671508,-5.035579193362557,-0.6469581969976852,-5.035579193362557,0.1399400274462197,-2.0577647872711466,-5.035579193362557,-5.035579193362557
198.0,1.1290212298976456,-1.284793745780613,0.09385036877459552,-4.847676068855204,-0.7971179989681367,-4.847676068855204,0.5245100275379686,-1.5371416306041081,-4.847676068855204,-4.847676068855204
199.0,0.9674692640177771,-0.31293461123736943,0.3157454689754957,-4.797226955218536,-0.6370253891191009,-4.797226955218536,0.5592561174052693,-1.5339601024745972,-4.797226955218536,-4.797226955218536
200.0,0.6486665339855111,-0.9669763570118066,0.7206501386258619,-4.804913450769634,-0.9377919280196414,-4.804913450769634,0.7764665092413392,-1.3842489016225055,-4.804913450769634,-4.804913450769634
201.0,0.6762311211150953,-1.2565067123543365,0.34302109409041504,-4.996189406534232,-0.9718290821501399,-4.996189406534232,0.41825633730316114,-1.685654968283136,-4.996189406534232,-4.996189406534232
202.0,0.31493863842149095,-1.6930437141127994,-0.10857919807443883,-5.225845342698243,-1.0105463901180989,-5.225845342698243,0.29532667160625814,-1.6053872329763181,-5.225845342698243,-5.225845342698243
203.0,-0.10176927118094659,-1.9707489544119952,-0.44183518619111495,-5.421521218618164,-1.1236325337929158,-5.421521218618164,0.18401459438432188,-1.6371130355288148,-5.421521218618164,-5.421521218618164
204.0,0.21340383309107192,-1.1560533354227114,-0.18164391425832416,-5.286640706742218,-1.0951781991460483,-5.286640706742218,0.12584433960616237,-1.6691316601161534,-5.286640706742218,-5.286640706742218
205.0,0.5199509913693392,-0.8801924043439919,-0.37629499226794016,-5.092237157305998,-0.46800872124197723,-5.092237157305998,0.3765311638362363,-1.3499441157310208,-5.092237157305998,-5.092237157305998
206.0,0.672407497155936,-0.6476353510138648,-0.31430544533084515,-5.073131655225476,-0.578957697940516,-5.073131655225476,0.17261960752483962,-1.264036406470085,-5.073131655225476,-5.073131655225476
207.0,0.6876154509648862,-0.6885801087476375,-0.37366962225905587,-5.138139766664866,-0.7166007762251576,-5.138139766664866,0.024234473661433942,-1.8417560698826811,-5.138139766664866,-5.138139766664866
208.0,0.6502558057714045,-0.7498318017640309,-0.4440223711979041,-5.233503290700851,-0.9783959317139403,-5.233503290700851,-0.20294350069520717,-2.337323555866849,-5.233503290700851,-5.233503290700851
209.0,0.8120571153459026,-1.069902367508201,0.02168427050350541,-5.094262691892292,-1.0817698068743444,-5.094262691892292,0.03740074985580377,-2.130545654960474,-5.094262691892292,-5.094262691892292
210.0,1.0738188816439225,-2.4125708696476793,0.4906450309872683,-4.860113602827415,-1.146916139530223,-4.860113602827415,0.45315740898886725,-1.6824850549483656,-4.860113602827415,-4.860113602827415
211.0,0.9962558781268339,-2.729801291624274,0.08400513289549294,-4.989470912665,-1.4518591310198352,-4.989470912665,0.31345193576851993,-1.1223493899150072,-4.989470912665,-4.989470912665
212.0,0.39412402399549773,-1.2376040819084102,0.14503317777481683,-5.241103039936726,-1.3422753159104162,-5.241103039936726,-0.15394774184972038,-1.4667428954987998,-5.241103039936726,-5.241103039936726
213.0,0.9050039899007105,-0.9073655858381422,0.3658234150404944,-4.939560009405384,-1.0362837903187414,-4.939560009405384,0.2155418900684427,-1.4975492483834068,-4.939560009405384,-4.939560009405384
214.0,0.8555713451450757,-0.9169336303547293,0.0738638741473463,-4.995817338700698,-1.0793131507575227,-4.995817338700698,0.35311298918874057,-1.874783381552407,-4.995817338700698,-4.995817338700698
215.0,0.21774774182270118,-4.4603850840344785,-2.376179387856404,-5.370652425105194,-3.157999965858214,-5.370652425105194,0.5583159527152688,-0.6948928072985447,-5.370652425105194,-5.370652425105194
216.0,0.11571956227768965,-3.4849886701174686,-2.080563655568609,-5.445779784344331,-3.1803854587232046,-5.445779784344331,0.436140000560612,-0.8324022552735422,-5.445779784344331,-5.445779784344331
217.0,-0.028683125388847097,-2.113788555567738,-1.1215387341450587,-5.662534857594867,-2.2222856466904224,-5.662534857594867,-0.32016161726343273,-1.5579187391093852,-5.662534857594867,-5.662534857594867
218.0,0.12352647190895305,-2.1100936247952653,-0.9248815017541037,-5.567820237816356,-2.1170479736101875,-5.567820237816356,-0.22255658054622152,-1.4390024934749137,-5.567820237816356,-5.567820237816356
219.0,0.40429492498715214,-2.136641991650218,-0.6160012037954066,-5.40410892550624,-2.0835880252821055,-5.40410892550624,-0.08489545465931658,-1.2551271216862139,-5.40410892550624,-5.40410892550624
220.0,0.6865154886248712,-2.1869679718364097,-0.3100535320786133,-5.213948166386498,-2.020398684334845,-5.213948166386498,0.10310849383631249,-1.049464605938072,-5.213948166386498,-5.213948166386498
221.0,0.941206113389252,-2.3557892878034643,-0.03506335079563794,-5.031996477950884,-1.983917451722143,-5.031996477950884,0.26708673294486895,-0.823216549005491,-5.031996477950884,-5.031996477950884
222.0,1.1101251678918334,-2.4910092542898883,0.1683524446252005,-4.909589915599563,-2.0043379580327803,-4.909589915599563,0.3703509389548043,-0.7562779083994049,-4.909589915599563,-4.909589915599563
223.0,1.2770247941224053,-2.5560298296851824,0.3482542232464283,-4.768682288932164,-1.872502554098161,-4.768682288932164,0.5193485882040536,-0.5956893567342645,-4.768682288932164,-4.768682288932164
224.0,1.3173580003105043,-2.683408032534784,0.39505676815577084,-4.733026735343085,-1.8490727649689132,-4.733026735343085,0.5494318270254306,-0.5152940638237333,-4.733026735343085,-4.733026735343085
225.0,1.294677443586612,-2.871980530510592,0.3713074986852636,-4.752201105507119,-1.754978411456387,-4.752201105507119,0.5424758195083725,-0.5843051023238299,-4.752201105507119,-4.752201105507119
226.0,0.9060247979330129,-1.948423356559712,0.02263286170024048,-5.019718329610404,-1.3716695382063113,-5.019718329610404,0.26997820501356107,-0.9596289525760939,-5.019718329610404,-5.019718329610404
227.0,0.33827711235818136,-1.482619344432521,-0.5506409356947193,-5.374736999762868,-1.1079897097515394,-5.374736999762868,-0.13918193445443539,-1.552319233422433,-5.374736999762868,-5.374736999762868
228.0,-0.07592350819142824,-1.4029555066375574,-0.9660218009412358,-5.5902502370052565,-1.0197838286324077,-5.5902502370052565,-0.3709308185104192,-2.1307925673053463,-5.5902502370052565,-5.5902502370052565
229.0,-1.5054960238956014,-1.8731024574032435,-0.2029933823042075,-5.996592453388738,-3.7719768396631035,-5.996592453388738,-1.4255567900008157,-3.8021574273318346,-5.3653248424759745,-5.996592453388738
230.0,-0.8912919243308122,-1.3546781417813616,-0.25032929483377475,-5.868327124831849,-3.547419101279794,-5.868327124831849,-1.1280668476295164,-4.122618940838194,-5.026765002914501,-5.868327124831849
231.0,-0.9194284273943749,-1.2129164117388989,-0.3814087672699553,-5.896842748661132,-3.3803648670692397,-5.896842748661132,-1.1917907992793029,-3.9206882228552313,-5.103855105950664,-5.896842748661132
232.0,0.831738206905305,-1.2027455414274515,0.06361531543372667,-5.125798670056294,-1.0478463362615584,-5.125798670056294,-0.28244752703909537,-1.8604295716727686,-5.125798670056294,-5.125798670056294
233.0,1.5045194697119353,-1.4111265317350141,0.9556727328120469,-4.532160488883305,-1.4111265317350141,-4.532160488883305,0.589709137155322,-1.1043297873679148,-4.532160488883305,-4.532160488883305
234.0,1.4236338371675745,-1.5769266479969053,0.9097935824130303,-4.582353237754934,-1.5714945382614784,-4.582353237754934,0.5797059111366953,-1.010156709124408,-4.582353237754934,-4.582353237754934
235.0,1.2877511353158857,-1.7500406203127352,0.8628315652702574,-4.673193779566006,-1.8759208020134661,-4.673193779566006,0.4929538342067865,-1.0337758753521444,-4.673193779566006,-4.673193779566006
236.0,1.1701586367642824,-1.916518244588755,0.7795602082142032,-4.75646513662206,-1.9133098433272555,-4.75646513662206,0.39418408701437513,-0.9437188362365205,-4.75646513662206,-4.75646513662206
237.0,1.0192636033479625,-2.045327319165505,0.718294963796198,-4.845948342469303,-2.107377260799783,-4.845948342469303,0.31390238207907406,-0.929444154526128,-4.845948342469303,-4.845948342469303
238.0,0.7822559730877603,-2.3507470664228385,0.5328009144830179,-5.019354915517395,-2.3133150225240517,-5.019354915517395,0.11781607222408907,-0.9687968456303269,-5.019354915517395,-5.019354915517395
239.0,0.6236115944276321,-2.34163482917633,0.47236397855368617,-5.101319926939274,-2.348623417836088,-5.101319926939274,0.03455789390052533,-0.9831862163181353,-5.101319926939274,-5.101319926939274
240.0,0.4670720004395732,-2.398580419603519,0.4439642401805777,-5.165205604416539,-2.4160217905259236,-5.165205604416539,-0.0006284995887737566,-1.0188309516177794,-5.165205604416539,-5.165205604416539
241.0,0.2938162625152998,-2.495407417146823,0.37679664769129295,-5.244591231037439,-2.401435937742633,-5.244591231037439,-0.08221699071113919,-1.0028416888846141,-5.244591231037439,-5.244591231037439
242.0,-0.07716574618128891,-2.048407740505941,-0.5645623960657475,-5.4490963939810495,-1.801047602576957,-5.4490963939810495,0.13435345360852513,-1.03551932423264,-5.4490963939810495,-5.4490963939810495
243.0,-0.2587542612069822,-1.9017676407463926,-0.7760586243709799,-5.516318901573312,-1.787146274435295,-5.516318901573312,0.12458589993515479,-1.1181816755088538,-5.516318901573312,-5.516318901573312
244.0,-0.5230093211618729,-1.8033077959532164,-1.0288298214612128,-5.611183059216147,-1.7720620878091298,-5.611183059216147,0.06557899671173728,-1.2273543540499805,-5.611183059216147,-5.611183059216147
245.0,-0.7846727781015035,-1.7469717779145977,-1.354767005579536,-5.71989298576798,-1.807778707317709,-5.71989298576798,-0.028731919079810098,-1.4027470423870734,-5.71989298576798,-5.71989298576798
246.0,-1.1045224275059655,-1.6667450283003329,-1.7264023177675973,-5.834641031483622,-1.9606401833174592,-5.834641031483622,-0.132769234354273,-1.6040276214936586,-5.834641031483622,-5.834641031483622
247.0,-1.4563732379126362,-1.6371921450267044,-2.10948418657249,-5.946235999453421,-2.019924413811676,-5.946235999453421,-0.2736263172442486,-1.7981224909442493,-5.946235999453421,-5.946235999453421
248.0,-1.8245045067308787,-1.5765243763135168,-2.4743572336904482,-6.052715382295669,-2.175292537332544,-6.052715382295669,-0.44455366693821674,-1.9841248175840374,-6.052715382295669,-6.052715382295669
249.0,-2.1944023385137217,-1.5930781953462612,-2.8668338650888785,-6.165251397531882,-2.3097016407054176,-6.165251397531882,-0.6676822836328947,-2.1975186349544487,-6.165251397531882,-6.165251397531882
250.0,-2.4980308665332904,-1.6098872245323836,-3.117053294184532,-6.259687297292977,-2.44330322697782,-6.259687297292977,-0.9188941764501486,-2.366448165778028,-6.259687297292977,-6.259687297292977
251.0,-2.7333309220403392,-1.602967303945785,-3.3605997883524794,-6.3523155873355845,-2.7230621138323365,-6.3523155873355845,-1.2476524972652134,-2.481748486249401,-6.3523155873355845,-6.3523155873355845
252.0,-2.8918681952278824,-1.5708568905461027,-3.545649486505696,-6.432673939273932,-2.927575726793984,-6.432673939273932,-1.6924136620716,-2.610256172933497,-6.432673939273932,-6.432673939273932
