Time,Phocaeicola_A_858004,Faecalibacterium,Gemmiger_A_73129,Anaerostipes,Fusicatenibacter,Blautia_A_141781,Faecalibacillus,Bacteroides_H,Agathobaculum,unknown_Genus_79
0.0,0.13041697378183614,0.456125430351245,-1.8863634266681348,-1.7380581922272986,-2.3950315972089267,-1.7926623111809392,-1.8211247676509728,-0.4377877492006621,-1.6280887767798844,-4.698777520355328
1.0,0.16819483463355134,0.4776803229671205,-1.0921958210297924,-0.9570780129235463,-1.8286978290311287,-1.3217556920524482,-1.1845197270797607,-0.447354807413316,-1.8688145082974943,-4.782962522548935
2.0,0.3930044010435916,0.5327402003547699,-0.9983697126454967,-1.1509103849178328,-1.9316355878983313,-1.4474119229266393,-1.4080299786625479,-0.4376078446036069,-1.5151111287995516,-4.858660782810377
3.0,0.5983093649599571,0.7466646188543471,-1.0606974988263487,-1.2965020530167168,-2.049546079461672,-1.3006876622380974,-2.0061543942729614,-0.41498338179164374,-1.6075471316705772,-4.817301460726851
4.0,0.7166209023272496,0.9112727635061595,-1.1442189623912715,-1.3679430134416717,-2.161494315319687,-1.1753425336683136,-2.938650727433072,-0.44609300661267914,-1.788548154947775,-4.754433224948206
5.0,0.38769058309701654,0.5274194493436943,-0.8300879213585226,-1.304517580736872,-2.486488023575622,-1.8051550437456738,-2.4132440257857626,-0.8913842727592027,-2.095286706500161,-4.833205096276315
6.0,0.9848969360973872,0.08414445326441444,-1.2820066624506243,-1.9517250561264785,-3.7706254417814185,-2.579044696996739,-1.9541423731364012,-0.2646112993496825,-3.1807371158754183,-5.024059201927625
7.0,0.7393473716339238,0.26521026247787227,-1.3776050780633293,-1.260150527862219,-3.0825985193091077,-2.2576158265652113,-1.2469874358117983,-0.28868673044128745,-2.4242650171760376,-4.8384202049046925
8.0,0.22356656256111052,0.6224989486522523,-1.094850908186423,-0.5132084289600667,-2.1505328413643174,-1.722607672524389,-0.7764511144940314,-0.43607560122415556,-1.8436580745821627,-4.54587096752903
9.0,-0.18915112751678365,0.5878663457024063,-0.9790516956827551,-0.3641634357579999,-1.8951131023727505,-1.4129888176255694,-1.0468340819660509,-1.8539704398696903,-1.9714557510761268,-5.1604822007562765
10.0,0.841601109868622,1.0274484382801703,-0.9627828986457914,-0.37009585388161614,-2.631028429433029,-1.8223124417349044,-0.8786979067471377,0.001968328294808863,-2.134483827322439,-4.715449719628069
11.0,0.554539345858428,0.6826377778096848,-1.3268840193791867,-1.128080029641717,-3.1492273262461685,-2.157316037647597,-1.4579330234656533,0.10766229145764306,-2.6302428888179508,-4.6131529041904455
12.0,0.3726642303330354,0.44956487808900736,-1.6031169591177852,-1.6290007503020902,-3.253750896790265,-2.018869865395096,-2.0261570759643965,0.06320811812393812,-2.92367507112457,-4.5110593862245665
13.0,0.020193939473279077,0.6762817394027985,-1.0728493904023695,-0.38796782931991713,-2.026961691905055,-1.3256576730760494,-0.9728363656263321,-0.3647321059029134,-1.3298553504893278,-4.756216717026387
14.0,0.6020457109432955,0.24528644666930788,-1.5860859887640095,-1.252309134709546,-2.9534412280512288,-1.97404100538232,-1.4575546363002951,-0.6566376837679133,-1.9967598593395777,-5.172093154063987
15.0,0.032323579406750014,0.3257886167515447,-2.125922967586459,-1.1122590839655353,-3.1884214099468764,-2.027188159120712,-1.795326463281485,-1.0439418255577255,-3.2848463166874637,-5.38285643600378
16.0,0.31233168263323696,0.23620743790098286,-1.6772752944112255,-1.5435831863206002,-3.3776021939594583,-1.8671128264130603,-1.9669598568052553,-0.1150628105649778,-2.44516790139618,-5.079609128675772
17.0,0.4747835987036775,0.2900305128130203,-1.2645960557394957,-1.2727197471467,-2.5629333124728246,-1.2406135974989123,-0.6609757487296468,-0.7860392890545609,-2.4210650353437773,-5.127104928337119
18.0,0.3717803614088082,0.5864263148739728,-0.6660595155065792,-0.8900062952471746,-2.903090671325306,-1.6547161769931484,-1.9676881108638262,-0.5719730861078702,-2.2884271525272837,-4.7532725558771665
19.0,0.3932276030214643,0.8385408344012528,-0.6856467111548579,-0.5810040779328958,-2.6970259197922406,-1.5051223165847412,-1.747292538788209,-0.33643505312957966,-2.299795577951464,-4.790130282950617
20.0,0.4721158381147419,1.0587836899419185,-0.8889937474727638,-0.36233338451695696,-2.3885362743431346,-1.275855424882201,-1.3779532667676437,-0.10967629758393072,-2.312735961347298,-4.802207311302638
21.0,1.093703396901534,0.5450022630110589,-1.4292948708119604,-1.329157346252551,-2.087048322622129,-0.9072376430469777,-0.5690063918555399,-1.0335054231717007,-2.2155796283451354,-4.857125572327352
22.0,0.79084426371332,0.6011193805057009,-1.1611277512626361,-0.4350201928906441,-1.9139885048220657,-0.8426206341611651,-1.1045574112851155,-1.6670661196668988,-1.2907530891508725,-4.857670895921788
23.0,0.3055908624479615,0.485358320724536,-1.2792670851869357,-1.5259724159471149,-2.335802972602414,-1.6412664277657956,-0.40362836929595725,-1.102115756221096,-1.56137805026137,-5.0660302313830075
24.0,0.3004027533368352,0.4637908518216851,-1.1244408161358836,-0.8012739159712683,-1.7775227965232214,-1.1747160908378866,-0.5313171008079243,0.15314114085281205,-2.142257666281469,-4.899315788296622
25.0,0.5141227741106602,0.8148270408720462,-0.6125982864360116,-1.8933110164617122,-1.9168982686565537,-1.0051202968744133,-0.4632219599958818,-0.020837024433844498,-1.488994627381504,-4.2295649193849965
26.0,-2.416667238615154,1.4439352256483584,-0.18207699505967767,0.21185000042364832,-0.6686856601836308,-0.2928927813474096,-0.2197608942120084,-4.433564494441008,-0.32650471846239437,-4.586284320954018
27.0,0.3774717665669094,0.3948125399955482,-0.8480910706674742,-1.585607817339401,-2.1782842585192563,-1.0265730288459074,-1.7445122816464917,-0.5458464610597935,-1.9403349888593011,-4.799120189707969
28.0,-0.44293540533242615,1.0749317422262268,-0.6274714412658593,-0.7866547437265385,-1.1083743188271602,0.18663891835057922,-0.6721838455170235,-1.1715370772822422,-1.4315068807119187,-4.147958359526916
29.0,0.5746873282208182,-0.021681617373969786,-1.792902834177424,-0.9148964690681634,-1.9282821770659313,-1.182115086658338,0.45942967880696073,-1.3010773915930762,-2.714152797745335,-3.3680003798361646
30.0,0.3944844492853361,0.2340652248429984,-1.0528362834877507,-0.011927786238481675,-1.6848907715299521,-1.236562893320584,-0.5082701944367449,-1.9520037815869795,-1.5013371981543795,-4.370816129551101
31.0,0.4686355765780168,0.631070108073458,-0.9346803440702534,-0.19699855874635208,-1.7490497310646176,-0.9118620846387531,-0.18354330892784176,-1.6804014749484293,-1.5997094744618097,-4.529414796500221
32.0,0.9486278572246669,1.1759755862050647,-0.7515056888512466,-0.8090804432670335,-1.4815937951159341,-0.42277171673150393,0.1920093596206196,-0.9021794160367227,-1.6760119997879888,-4.320092193538496
33.0,0.6075603483702157,0.9598234596282065,-0.8020945507803496,-0.3882735279142202,-1.5628079523950822,-0.7141308490871303,-0.38339438815752613,-0.7426009303895418,-1.6853565954915695,-4.700558172535526
34.0,0.6662283558234312,0.8082896562914703,-1.0673909377368593,-0.8432327161929916,-1.7763745045280355,-0.39654780238108556,-1.208513453638493,0.11027794568706906,-2.4215734664768673,-4.5910889795413885
35.0,0.7558685853215035,0.8006282904850519,-1.138671329681984,-1.268502393991172,-1.661581168465879,-0.6212020661110031,-1.4357856100131605,-0.16138432954361237,-2.2796128624323346,-4.739425344946917
36.0,0.9505887506262618,0.8628143814262736,-1.1235387384857591,-1.4665051176933046,-1.571828202221767,-1.0599187818936389,-1.5989311502503716,-1.0164956764849924,-2.0148249134750134,-4.659130952929708
37.0,0.307085182477401,0.2391249302559595,-1.7849638570090791,-1.3765245775811725,-2.357390855440673,-1.773897348982243,-0.9956793024409216,-0.4952452356184507,-1.0118130401210261,-4.889409268477175
38.0,0.8724073966692281,0.863200513312492,-1.6781488666301723,-0.12051666907470393,-1.3977890124682726,-0.605412453335771,-0.8196282411262588,-1.1696035889078567,-0.7368822797010566,-4.672687589907903
39.0,1.052242523216844,0.2016043983869933,-1.7937250349719691,-0.8689109753287063,-2.0278392627172366,-0.9704786564730914,-1.9117452434022066,-0.7404724031513794,-1.6215752717641712,-4.192038316113797
40.0,0.7290843762722661,0.8965113119537433,-1.5310170653173438,-0.6386338562002192,-2.643344250252393,-0.8535739771171946,-1.2061547196964253,-0.10871191871891162,-2.2466197908194383,-4.312409736615802
41.0,0.06472000289348334,0.8200954101526463,-0.9169324359614754,-0.7888963661215471,-2.5840052581074358,-0.66813664975456,-2.154521001772135,-0.3249964741191884,-2.014278120645229,-4.7547320360492105
42.0,-0.6884577987548504,0.25528875382598226,-0.9728547971485115,-0.6741512713784816,-2.3907290541934842,-1.5971748202562819,-1.8500657566436587,-1.0841462522562395,-1.5127398074651035,-4.231943838122219
43.0,0.35220466753375246,0.92951210522076,-0.7289577394747497,-1.1543145024012498,-2.6277717396363154,-2.053942318802934,-0.7085346606606104,-0.31811443541146645,-1.0145837853023458,-4.4143209588994985
44.0,0.6524809892463657,1.0252049279257793,-1.0843193077085935,-0.9724267390073114,-2.0968171634254875,-1.2498958958678807,-0.4186326619564156,-1.080380650950226,-1.3719215866615913,-4.532269432004208
45.0,0.7235509610544519,1.012851499318499,-1.2536795547745747,-0.7849609090223173,-1.7364622943074757,-0.8540813282912394,-0.3266323697888107,-2.5449095331045055,-1.6868467269833984,-4.611454604885521
46.0,0.22670799104322947,1.1647722959180649,-0.8838816012740476,-0.16768243821110573,-1.1795243008349878,-0.45924620274186934,-0.38509456782383245,-3.1564838143105396,-1.620008297708611,-4.284762047662667
47.0,-0.19573748928576507,1.1356278216653635,-1.0305820558025154,0.14935736833892443,-0.6436598252500154,-0.25038088666827907,0.7306414204084422,-2.722801515477036,-0.6306045536055103,-3.2384146998407703
48.0,0.22695472967094643,0.9762749181255936,-0.9785513681370364,-0.20932264839398673,-1.2118281164672045,-0.4927325491579211,0.16260386811479766,-1.5648400571439254,-0.6223405496339915,-3.7218300264111965
49.0,0.5255281267500778,0.8278403402975354,-0.9309572500269012,-0.6943293486454345,-2.2628684349033175,-0.8444052850210912,-1.4722492678188486,-0.6834749416716575,-0.7363349727636113,-4.591422974608156
50.0,0.13923346788333624,0.5264715893623044,-1.3837180346476041,-0.5700500794000585,-1.8279921618610915,-1.1885633240748679,-2.5207523756721866,-0.22955838718908672,-1.5319346773780842,-5.027140676454205
51.0,0.22067292435347619,0.8834891929282771,-0.8562795814603179,-0.09547734420545106,-1.6152652888768815,-0.8930221022423726,-1.7493686800400736,-0.23700982274824023,-0.9445865891801235,-4.8333322498988815
52.0,0.3846193925400818,0.962251173489588,-0.9545951612267767,-0.6996641339408476,-1.3302300576577593,-0.5934375818118136,-1.084524623059195,-1.1418980104137328,-0.6422205256215703,-4.633168752349793
53.0,-0.46682583168905034,0.19369872496329688,-1.4314317467867268,-1.5669147666693053,-1.8659668627421293,-1.0654881629211206,-0.3738862739406097,-3.689618313668081,-2.075562775413922,-5.376010015424696
54.0,0.6126319554331898,0.9577255946774623,-1.138692348769753,-0.6935182028921831,-2.048950507487051,-0.8387594747837603,-1.5734837977670888,0.09427150814997587,-2.2382057176446395,-4.798134321377666
55.0,-0.11512666525956705,0.1852909927298645,-1.2674735558716435,-0.3037037849883186,-1.7291402269128813,-0.31909440080893536,-1.273378978035972,-0.6012898829982765,-1.7404146852411586,-4.423185860665985
56.0,-0.13832771398409882,0.02904861668102643,-1.2494900758121008,-0.4882587779504197,-1.077095674776023,-0.734377781802539,-0.8426337914283799,-1.4525502188187955,-0.8782146579067418,-5.167088736582487
57.0,-0.08140741291375808,0.835618445892556,-0.5759312312425908,-0.9360203643542044,-1.1960823990269003,-0.4646817223482522,-0.28578852482457306,-1.3521836741623232,-1.7929991605599775,-4.921285096989043
58.0,0.4732925610809937,0.5025443234226705,-1.13100855985308,-0.9815679393625643,-1.744893527539677,-0.9757606208275802,-0.8889247416039505,-0.4782181871302451,-2.6049566539223266,-4.8197784370417205
59.0,-0.6966974540585098,0.06100184363433381,-1.3099865070487469,-1.352539108284999,-1.381630513461638,-0.9122872187335118,-1.1467829021010076,-1.595254044056312,-2.4573080746115776,-5.437918262171673
60.0,0.2383529385317953,0.46100616580686316,-0.9513373374592866,-1.8926396396013365,-1.6912989310799673,-1.2689464184919605,-1.516794882348999,-0.8847828442111749,-2.7551052722799785,-4.907910145631934
61.0,0.11668456042136266,0.7016687812022193,-0.7902054884858594,-1.8962912952213438,-2.5523428115456,-1.6713659689786609,-1.889309358983647,0.10096186583242517,-2.238213446625947,-5.055408593642625
62.0,-0.13700589223490445,0.6648801426554325,-0.8458842609330952,-2.1362840082919776,-3.0847864915768675,-1.977377926995653,-2.2034268443164162,0.2450947703899644,-2.0680786089801204,-5.105663863424719
63.0,0.035734001852295805,0.50351460787411,-1.291245672104731,-1.8580218648006332,-2.344714532787383,-1.581590918459995,-1.0446898723616656,-0.1782133060160167,-2.2746368569355884,-5.11076746953994
64.0,0.1943895682711092,0.3123026834089895,-1.9834726945185637,-1.6569676005363234,-1.9749289561803394,-1.1905580222051964,-0.5815064159387526,-0.9850775189119207,-2.5252586590036037,-4.984673514706735
65.0,0.4555809974767535,0.5755733884242209,-0.9223435226412624,-1.370101173985251,-1.7296828767766428,-0.693845003818665,-0.3573029922438722,-0.8624107049385623,-1.787582044816463,-4.563087332653721
66.0,-0.8016075564518135,-0.281696489570336,-0.827473368362271,-1.411725524853696,-1.397934865537015,-0.40648328438533454,-0.6075725955812403,-1.2977693326557358,-2.135037450778433,-5.299564108849424
67.0,0.7700274144005113,0.7885816950227451,-1.4040670047863713,-0.6109360229950895,-1.5132260861141726,-0.6489035779986145,-0.2898507499152805,-0.2061012798934816,-2.3236705515623997,-4.761652158894531
68.0,0.41154939495222975,0.12041377266490438,-1.532378548429334,-2.070498864664059,-2.9958787079666305,-2.618121993266362,-1.5654107629954495,-0.6192285150798722,-2.8318882400246883,-5.316786731518683
69.0,-0.7853336435551768,-1.088023165343246,-3.026064066406604,-4.342371793886564,-4.099425970758585,-3.6349756101420483,-2.318253548649177,-1.7505102051541175,-1.4889409559144875,-4.148542920646653
70.0,0.9623683066985844,0.6486764808933787,-2.061636409365778,-0.7161985149497241,-2.0473597312548235,-1.538921202968309,-0.5889099907894733,0.021270831052188743,-1.4630156643132666,-3.6263362284115357
71.0,-0.006011111007035108,0.44279738899484977,-2.265917420727286,-0.9319123286710858,-2.2430711624342328,-1.5375523953497174,-0.8879960724128664,-0.9228226101287451,-1.3180916661674773,-4.886753351915998
72.0,-0.7423397330821808,0.2598934840239606,-2.4134421027115804,-1.082561669770666,-2.2369468496099945,-1.6540303551185105,-1.1137879953072163,-1.681629318704452,-1.2387894825614338,-5.4483866173429805
73.0,0.7348557357370582,0.4041329366591071,-2.1447111335938347,-2.2857973758940844,-3.329940502016549,-2.282578647651939,-1.9775200800857025,-0.3599331696728425,-2.8919815930768786,-1.9990684079430114
74.0,0.6048889301798095,0.023880552574336855,-2.2699906120344266,-2.8147341424968926,-3.3544446534972727,-2.7228389429104145,-2.3853900194879674,-0.4584509885462511,-3.2571221920317153,-2.149901066434947
75.0,0.13831095217991685,-0.5337735602369926,-2.1697806548545,-2.799722703215517,-2.6335654273807974,-2.341213218207506,-2.44167449860599,-0.9307057582161027,-3.6557220705260747,-2.6363527077901114
76.0,-0.39943192700063235,-0.9204905797222482,-2.138833643516773,-2.596783736383693,-2.4040580345395437,-2.1754388684448385,-2.206288981637141,-1.545843270366561,-3.9307130642430366,-3.0831047555117532
77.0,0.18974853432889627,1.0605805208290398,-2.2927359253614097,-1.2326765859636035,-1.723421239487874,-1.3760687353969097,-0.36300301352141373,-4.135924001073818,-2.000072107497037,-0.1584741744179401
78.0,1.00318406401908,0.3344692930191393,-2.619154416588696,-2.1293339546612025,-2.920590429261857,-2.1465667490863076,-2.263198164611927,-1.2558304834900997,-2.6053090201067253,-1.5446298704935393
79.0,1.093840453360655,0.28294284866493036,-2.218222776132271,-1.8077632233723437,-2.5623059031372413,-1.675923704692599,-1.673638939770334,-1.1083488664703767,-1.8724440751793732,0.23842044229120885
80.0,0.8086885755608102,0.13921759568690684,-1.8154759399656113,-1.8419515997702804,-2.4571215338094428,-1.1258983304875816,-1.0041502129774544,-1.4731253426638413,-1.2702146876170124,1.3009509566661321
81.0,-1.4392100377114152,-0.8648316049778633,-1.7907951715696642,-0.642031682364314,-1.7518177078500299,-0.8007942192902233,-0.11736115161510963,-4.096091067392681,-1.8459469734102723,0.69145786227751
82.0,-0.8333364540829393,-0.7766182814602987,-1.732062702408494,-0.7519289320684508,-1.8136704653992752,-0.8593491675270766,-0.1356020108914855,-3.056209774564892,-1.8712947650285154,0.6682935181588274
83.0,0.0385159066013383,-0.5697815368059398,-1.9024047320884854,-1.0331640288260708,-2.106579200759807,-1.0787082495976918,-0.4532294631785956,-2.123713568417899,-1.8594779395097458,0.580190407176026
84.0,0.6261057224669586,-0.3790961192005158,-1.8359618953271846,-1.6364021371628636,-2.5634314528498012,-1.443623462600509,-1.0219776053710716,-1.543839365724431,-1.9239710827823577,0.5107991937906013
85.0,0.8385340154546818,-0.48303708813817536,-2.032943753828964,-2.5915514301023648,-3.5604230359373186,-2.206337232583954,-1.9895343801181586,-1.2966145969683547,-2.2972552183261024,0.36095307488717254
86.0,0.5910339745202253,-1.118449709358341,-2.960903418038932,-1.530667596258883,-4.312642908307504,-3.0507596654467926,-2.9085853026830297,-1.2186064421185097,-3.1430295077795933,0.18735210229497112
87.0,0.28914720447788,-2.3805953907127995,-5.489424607821723,-1.1497924735379121,-5.124784213657784,-3.753361376133949,-3.753361376133949,-1.2405810595384907,-4.124615905034157,0.027115401494405278
88.0,0.5073515489696663,-1.4850566081723435,-5.436003094845098,-1.338671775713941,-4.997751321955375,-3.3048074621878047,-3.42981221785307,-1.2596265855974156,-3.6807420956995056,-0.19548260487752867
89.0,0.18412311316222696,-0.8062004699919016,-5.416360988323109,-0.9162561755029863,-3.021477415728887,-1.305048401337069,-1.1721814390223633,-1.6458635862184876,-2.8432365143265876,-0.6658120707214656
90.0,-0.43860401628491785,-0.4662292254483926,-5.3778995151928966,-0.68018874934118,-2.4397240191608005,-0.74244294436114,-0.5850592641501926,-2.320157707479589,-2.4762775928855554,-1.2202102724415522
91.0,0.273330520436442,-0.2962589064363965,-5.416158206241486,-1.9110599937615391,-3.527582105894423,-1.6082829429785566,-1.502944642411613,-1.9094089619326584,-2.688313696104318,-0.5620296195052306
92.0,0.3568136374634763,-0.15630693931063577,-5.376518768276463,-1.9648847351291725,-3.4879426679293983,-1.8261918930074879,-1.5397669553955307,-1.8373087302569184,-2.68528398206138,-0.5689064814709817
93.0,0.3093295789657724,-0.13008084486676985,-5.418111722002988,-2.2473847988659967,-3.4650917427286556,-2.220059573321319,-1.604151360672677,-1.8139821541276953,-2.630950668210386,-0.6668606532002612
94.0,0.23529380538294076,-0.10179486417533234,-5.458277936799138,-2.3421080156262057,-3.5864832906281174,-2.5590649734984012,-1.7264674190062361,-1.6565250268395022,-2.734034672521518,-0.7820059404225586
95.0,0.13327806073634774,-0.13975591813735377,-5.518307113469907,-2.4807218590253095,-3.5969900367737955,-2.6751518201751026,-1.7878146711963134,-1.6569547355542438,-2.7110234404011972,-0.9264336315786352
96.0,0.131069763605693,-0.11461268724846496,-5.518968973296552,-2.491988778746463,-3.4277301866838608,-2.7662724641933663,-1.8809968204584633,-1.6046573311885945,-2.7839606463780395,-0.9547858512745975
97.0,1.4144224990469472,0.6132994046692288,-4.661305380786594,-1.2885160683939598,-2.6404280089387426,-1.0018634081786808,-0.843711655312462,-0.33685043563248573,-2.2675174952854626,-0.6320415569619628
98.0,1.1617134203556303,0.8796862739988578,-4.437634324602548,-1.54977829732197,-2.5531939762438594,-0.6876945985981551,-1.3111770254354345,-0.7113135134857296,-2.5041591325699653,-0.4362033862866639
99.0,0.6459860018439061,0.6094810745210293,-4.053935977752514,-1.127059294392043,-3.5147769087834346,-0.9461270363540064,-1.0684960019830239,-0.8823862472954926,-2.3804546379182216,-0.7286484532842057
100.0,0.6245329480168973,0.21982027900818601,-4.280678656731954,-2.2357837725443197,-4.216391899280033,-1.944658130948045,-1.9817250904960078,-0.3668499337345221,-2.4382494886994843,-1.3377267500661445
101.0,-0.07349270578972256,-0.4976827247388089,-4.778414430502579,-3.0026051605872364,-4.415798108877883,-1.6849704355169224,-2.316021859660469,-1.008019867086309,-2.7369395339762046,-0.9279419511864306
102.0,0.17491208848451234,0.14603761013811356,-2.9372724915556923,-1.7500511825819973,-2.266240059955548,-0.8764847661542794,-0.5359610263136096,-1.6629131495187892,-2.007125321807167,-0.1368032117680078
103.0,1.1021224610301688,0.17784122651608647,-3.64970228850523,-1.5609539368180445,-2.7772371456706963,-1.4427750380183886,-1.451521215172919,-0.475735983315726,-2.5065357229212584,-0.20781201822526674
104.0,0.348067510159078,-0.6126679882737882,-4.722319902435033,-2.47654212709872,-4.1683565425997635,-2.699562786951325,-2.825319443920084,-1.4130857649759787,-3.824294827624133,-0.39584316405989095
105.0,-1.0076752680987258,-1.8318139154879454,-6.032051490088423,-5.629596559598707,-5.421017381835023,-5.141314320902179,-4.353026808043792,-3.4489116178796553,-5.368624669920983,-0.5550306634271621
106.0,-1.2095681034925578,-2.8009808661543527,-5.894548906495969,-5.804324473991251,-5.894548906495969,-5.762091999028803,-5.25428109029851,-3.226791472302189,-5.721571067358003,-0.053690318277593296
107.0,-1.2191159481482434,-3.6447298385066547,-5.928168015209636,-5.877349184810933,-5.981708318160645,-5.928168015209636,-5.508587916383102,-2.7121479405343356,-5.828988491647635,0.11453520074054058
108.0,0.13070384430642057,-0.7369844798665002,-5.383305518323254,-4.444107957706624,-5.383305518323254,-3.1472706390481324,-3.8195356607892093,-0.2730331772765322,-3.9457773373059615,-0.7729632005561247
109.0,0.0012329996668432042,-0.2749338078318879,-5.535476934387404,-3.9232062090103623,-4.95774962642565,-3.388472784266858,-3.1087126114396852,-0.5627799372741242,-3.8149200935565926,-1.2704052136342423
110.0,-0.09269142670019637,-0.07210794045321545,-5.586387875318563,-3.5762427633601845,-5.068952503408327,-3.5022255788984102,-2.7590541471963217,-0.9807048498271167,-3.726696397811934,-1.692160731347659
111.0,-0.20699544332465347,0.011516058963352949,-5.596593830159786,-3.556785464458949,-4.985559721906386,-3.755764983015882,-2.632211083514532,-1.467145126938301,-4.035141935181447,-1.9744252039017665
112.0,-0.29017989652336906,-0.024774845570404214,-5.647140575827134,-3.54488292765283,-5.063369498049033,-3.7753451833709453,-2.662513299749011,-1.6369528609335653,-3.9141372114606914,-2.193307225104201
113.0,-0.3591029106986753,-1.410159512878801,-6.031145021856114,-4.38634714739988,-6.031145021856114,-5.926785888506402,-3.6835946123196783,-1.6667184979486889,-5.832295768016004,-1.4878058547959503
114.0,0.5392498473965474,-0.5107974441695902,-5.4671436940353475,-3.248491768022589,-4.927734323886945,-3.1248652787925106,-3.033977150254083,-0.4746812101062494,-3.876895686505047,-2.059144825751879
115.0,0.0789881374165371,0.23855892534995338,-5.300624680283267,-2.7399834539913615,-4.793241480802323,-2.3846026268013105,-2.700647997693091,-1.2404852105962172,-3.5320274301001646,-0.9702942586042671
116.0,0.5061822453246434,1.0691234227839743,-4.339284420427832,-1.4366830295542599,-3.6817518123295323,-1.4349245770397658,-1.4743433498067526,-0.57335451677843,-2.1911947850177564,-0.4711300404510057
117.0,0.897191402593632,0.6254974053632776,-4.1703235175134274,-2.1529575798834215,-3.4028498929940487,-2.211856103820154,-1.7782471782814224,-0.6695885410853335,-3.2385181570308137,-3.059443592836892
118.0,0.5413797108341678,1.496904293273982,-2.293117597922321,-3.128505595291469,-3.3030185895862045,-0.8071741774644932,-0.7880160900576931,0.11404984576700494,-1.2826216471606533,-1.9041389003797287
119.0,0.9149897928708925,0.30100605239328715,-3.3449133975510352,-2.4446055302978285,-2.6165769770344096,-1.4610630039876473,-0.7833509522025479,-1.212122722290426,-2.1830778949905123,-0.5097932562481642
120.0,0.8915136920895388,0.14556418433744134,-3.1347505546681464,-2.4129269134457427,-2.671754083222176,-1.3442860645228956,-0.841284952122596,-1.019964799956082,-1.9552017668340917,-0.26647394519988343
121.0,0.8617301711526055,0.19165102995387118,-3.0672103436524787,-2.5001374982113886,-3.0511045992255217,-1.199790133851415,-1.234246293233456,-0.8151043606604569,-1.7690023563771304,-0.08556327190430135
122.0,0.6894374396596357,0.36919916451175894,-3.1129971038056494,-2.710788545978965,-3.3544998483527086,-1.241831032303054,-1.5064150425725176,-0.8035351959810306,-1.6953184943141077,-0.0496495221856168
123.0,0.49262214619829336,0.5212681028942776,-1.9828012542809155,-1.957637909763479,-1.5841375799708628,-0.6567136635331463,-0.9889302944827454,-0.2844151348473132,-2.7488092556750283,-0.5391129069352745
124.0,0.7682968316916841,0.658683802215883,-1.807539394081354,-1.7917985558431928,-1.7763016567456122,-0.7478981293995943,-0.9753623859627631,-0.02059956751516312,-2.4486960232116237,-0.9403179595381705
125.0,1.0673973261856493,0.8269357199660581,-1.4595008996476087,-1.5833428322945315,-2.27366077096159,-1.2031081212296915,-0.9872617409269133,0.22154970988267464,-2.139640676984455,-1.700172907299926
126.0,-0.12102425174027354,1.2227683468040929,-1.1712149547894468,-2.1781570820515803,-2.163931179458034,-1.4518633025784713,-0.7878821622137917,-0.7950430673562827,-1.6740621996806928,-1.4518633025784713
127.0,1.134994418955513,1.7103995188609984,-0.9119827587526492,-0.6484086268373099,-0.5900734963462497,-0.4435035036348296,-0.7444081380224237,-0.15064422621893225,-1.0842349691095188,-1.7465004997719404
128.0,0.9306203064813865,1.3189250679798028,-1.2234337348769864,-0.7476426857355025,-1.0195119395566064,-1.2399879078321816,-1.908981050721557,-0.475434250945316,-1.518327942616137,-2.4537305030776166
129.0,1.3077846204958345,1.5478259357772668,-1.7545596997426034,-0.5312877864856902,-1.5789104967081404,-1.2922003379149998,-1.7161203301497419,0.2734848659051883,-2.17745371771206,-2.419951117918918
130.0,1.2813597733647768,1.495968682705692,-1.8685114271826828,-0.5663040916225013,-1.8900935721437877,-1.3128968282277285,-1.8104476652070307,0.35979783902747897,-2.1306425924282024,-2.613441614276926
131.0,1.1043037055281815,1.2692413937052354,-2.1754117692980564,-0.8274263754978732,-2.2521043266035696,-1.455991270487162,-1.7459275129627554,0.30785223660260863,-2.3644671925319263,-2.539464103449261
132.0,0.7250153923978786,0.7767066626950376,-2.3400713884065665,-1.2964069697651157,-2.7598918308158957,-1.6493981456310183,-1.8952298904914995,0.15316171384181398,-2.4740914823837015,-2.734762035973663
133.0,0.3433801469930997,0.13744815539582644,-2.7290759009044256,-2.1056173370115268,-3.2726007159085837,-1.7990922789147505,-2.0230360789147266,0.07972499158986412,-2.5025319582672063,-2.898824624693889
134.0,0.11973855579484383,-0.3310758905883504,-3.0462805647427578,-2.822315971051718,-3.5432060612406735,-1.8787469642682537,-2.001583897992437,-0.05292522923839882,-2.519876659349123,-3.0925180407074535
135.0,0.5627485851395739,0.33197318909078644,-3.221292417607213,-2.3154312812906532,-3.0949011596760707,-1.772680648512858,-1.7469525414381684,-0.1395952052788847,-1.9832532798610472,-2.646559435553157
136.0,0.16887013363704284,0.8698748722170151,-1.138114117417531,0.08799547955446752,-1.573160623434072,-0.5292437939011063,-0.6017286660250307,-0.21685019420710905,-1.7331456809587613,-3.9240311115051583
137.0,0.5608827408155692,0.8552989935434769,-1.563206062619841,-0.3516991019707367,-1.7652414764347748,-0.6563441309810178,-1.031844533034743,0.06019031120437068,-1.8809669697958524,-3.7189330475310403
138.0,0.7627251627277154,0.8785233462307067,-2.158259352814945,-1.021955168239916,-2.277899812024985,-0.8264451565426705,-1.6649782836970353,0.22294750320016332,-1.9454197972651062,-3.627426176854112
139.0,0.4550034585874305,1.224113908835239,-1.4740262428495225,-0.7282479039378891,-1.4976994520286224,-0.6848135377728752,-1.096003184589605,-0.09068506440882107,-1.6891298059490474,-4.187305690245242
140.0,0.10806094008748834,1.1852656975922327,-1.655998100520086,-0.666299858853046,-1.9402708641956083,-0.06272610069922324,-0.6800529387684793,-0.6053636464616798,-1.2940809174518164,-4.402639817020463
141.0,0.4072744582440586,1.0006627132775336,-2.148962240453388,-0.5104299639028977,-2.0236379691314967,-0.5332797451468405,-0.6302878495770261,0.5377439517434226,-1.4779857464611652,-4.696052707483165
142.0,0.5174155902447535,0.7614440618954634,-2.036794524728233,-1.1938738656539614,-2.9616928572903625,-1.3267904856380808,-2.1639786873500944,0.5115334827024982,-2.2892931814923383,-4.845446711317598
143.0,-0.9580782949824413,0.472857463233185,-1.5977864046414558,-1.2286108068788912,-2.297808906004633,-0.7387196231249782,-0.8130972044773024,-0.41265860444663116,-2.754416323381089,-5.010026872245255
144.0,0.24689344431685,0.5395215278239307,-1.7949331342811832,-0.23712726885315338,-2.52608404052745,-1.0570455708083746,-0.7887635444407042,0.1824402264999947,-2.4326375628048247,-4.791944875324115
145.0,0.6051773671401504,0.8464229635189007,-1.4267590978475355,-0.12810567606054324,-1.8522743700165054,-0.6437970257225971,-0.4184917008437332,-0.05995805594584036,-1.7503478854545094,-4.199889452636338
146.0,0.8330955608447534,1.1172807179688813,-1.1245822106054764,-0.10472520320803147,-1.361579065164518,-0.24297424102282772,-0.20848034368214075,-0.6523210170364009,-1.3792715187223807,-4.110919478527844
147.0,0.678113777552819,0.8866557843314071,-1.0999423700671507,-0.4400465426018898,-1.8488716073497051,-0.27778391091419197,-0.8272090434053814,0.08964751336779786,-1.065696628106282,-4.3663292349935325
148.0,0.617711738260003,0.7272813147923962,-1.6753832029079,-1.2980505002086027,-2.600130652363399,-1.0679239794687565,-1.2302311147071283,-0.1046939251564043,-1.660569167275017,-3.8741697608743886
149.0,0.5325683627119289,0.5439777473797023,-2.433899448005879,-2.4125601442524323,-3.324381460426893,-2.5162869005394004,-1.6209382140969981,-0.3218662740677627,-2.6631891502611538,-3.6904262041730718
150.0,0.6940686243419814,0.6266608893175609,-1.7971659903357822,-2.144144276115564,-3.2126319143271784,-2.1539906878984914,-1.825258910364327,0.35158983191392523,-2.87665412686008,-4.307789887478818
151.0,0.5314340571644554,1.1614502534354192,-1.2422142447565263,-1.1937650288909714,-2.2885294959572433,-1.3003617617762577,-1.463569722143189,0.5939336029576161,-2.5053790133995313,-4.607636661573835
152.0,0.10421223239287514,0.18723101690596278,-1.3132975997073681,-1.5843529332906967,-2.5038293787179127,-0.9950959735875311,-1.6207109514389764,-0.22137441628752308,-2.585909278275361,-4.2003056890055435
153.0,-0.27598487690896656,0.6384682690852517,-1.1803020828913144,-0.7343365627942999,-2.5681279124439027,-0.8019259912899415,-1.3659586663968502,-0.7665160901438655,-2.38032770485863,-2.234287594217403
154.0,-0.3188439315369793,-0.18594745068760665,-1.374628175130177,-0.740057358123317,-1.8502477963630364,-0.5071609530621779,-0.19794672121884904,-0.3399535536817688,-1.176376629806084,-2.112917465509988
155.0,0.4882810827063473,0.7008894506590309,-2.502047207820134,-1.884015513853678,-2.5586623249135845,-1.8771923740042782,-1.5366368662937528,-0.10369776596606206,-2.563153041587403,-4.664095563642636
156.0,0.4236003378372666,0.40922037895974284,-2.121523974719393,-2.3135082158607396,-3.422866551448293,-2.0764586972087047,-2.0741421760345062,-0.3362184898652456,-3.3539818315206196,-4.957381197887507
157.0,0.624989802204079,0.6174414315164682,-1.8311931963000199,-1.903922443884947,-3.1243164865562933,-1.8224629852046432,-1.7411142865036828,-0.07510318951017769,-3.148573432462352,-4.689013617276949
158.0,0.864112119759199,0.8860578610771637,-1.6753983118512399,-1.5366176128903843,-2.7180337081529253,-1.5082286189436784,-1.4424640437259826,0.21815969618980402,-2.6283345913815315,-4.4206463573966435
159.0,0.8502945250702323,0.9037200892852562,-1.6876437553977128,-1.4287132327695216,-3.228087370687492,-1.1688553202298548,-1.139262441853654,-0.01884154944882166,-1.6828496752925934,-4.0764026953625585
160.0,0.3141973275784995,0.5539099412449977,-1.5856878761677748,-0.9182667162018285,-2.538357151788709,-1.145047135747816,-1.3947590850208678,-0.23256483446168108,-2.164184685049457,-4.873593264696856
161.0,0.8685484004656738,0.26954161338115834,-2.065528995365244,-1.5398013150749421,-3.0868716270873886,-1.6126378892433053,-1.8747027033996002,0.3693951946740759,-1.9780560856983118,-4.451852209418981
162.0,0.8139417965760545,0.6684970700849773,-1.3538905103233136,-0.7334542253895,-2.3796393308312256,-1.3723883192750312,-1.510492900444675,0.10060856516761318,-1.6108467459408344,-4.448569165801459
163.0,0.7635040116645047,1.0632744815556883,-0.868762077055659,-0.1628800228087135,-1.7371426255046964,-0.9937400859852485,-1.095972366300861,-0.7164898751403501,-1.2747078206916607,-4.610597898246395
164.0,0.8952875843157189,0.5632218273312597,-2.335361824976362,-1.5453949291145261,-2.4012670361752453,-1.3901922162294413,-0.9624936097202408,0.07336754248042521,-1.8550713895956652,-3.8800654243082717
165.0,0.19223175368756218,0.42709113364315376,-3.544309426722352,-3.02579215249047,-3.220604977150443,-2.0323281897802743,-1.761276599663196,0.20280538589189723,-2.9704553751658276,-1.9557455792431968
166.0,0.7343886593751145,0.8306915441106295,-2.84115613999721,-1.5892707597186637,-3.232608920865405,-1.5834979824304585,-1.680117202794081,-0.013081502486637087,-2.6021877796595367,-3.3831361459315854
167.0,0.6812193407368292,0.741821373833857,-2.737146666118287,-2.2796726931778952,-2.838824641183863,-1.7834778957407151,-1.8453732938874967,-0.4788387919983943,-2.6302737111282326,-4.524030884761094
168.0,0.5053923302459751,-0.039019621289300366,-2.7047667060681686,-2.552398965325729,-2.8035384511762675,-1.7618306146523037,-2.0830457973064442,-0.494330279820155,-3.500230331345228,-4.68620962405643
169.0,0.0538797729099918,0.005613810860449764,-2.9633167178576,-2.336306153243452,-3.496548996164882,-1.847241996667896,-1.3374177816664277,-0.7335516215614779,-3.585545464220724,-2.2889243545585662
170.0,0.7194877060285934,0.9826502632015452,-2.2795716529118137,-0.6930618350142863,-1.71900425551121,-0.9553748956504182,-0.2605112654087183,-0.6321162721567539,-2.1035198288553434,-1.5117813268616862
171.0,1.0136218928382168,1.291848181741895,-1.4207454102280268,-0.8524031766029467,-1.6967591087346987,-0.945983076477229,-0.8213601260250956,-0.16927869079123958,-1.5814180551289767,-2.64955048790876
172.0,0.7635230826296562,0.9913975635335375,-1.1074641628793076,-0.6119902995634194,-2.3910131900195637,-0.6688678576989675,-0.9191566584120139,0.1805558764762223,-1.7928044477786989,-4.262810508376484
173.0,-0.3749095833780898,0.5747161247100954,-1.1301446218226971,-1.813170197521975,-2.7111262529209714,-1.857361475021453,-1.2758126252710487,-0.23584574917120849,-2.3118433648106747,-4.946858421725264
174.0,0.8004342848852595,-0.838600256261792,-2.846468209741996,-3.704109133319559,-4.306558200377482,-3.2763906309081428,-3.414056927996345,0.2896669993016465,-3.4227767489853456,-5.206598943750492
175.0,0.9334826086210006,0.45607952325807055,-1.3334715927090626,-2.428578411688732,-2.597505883744189,-1.330505032453705,-1.1023920751652625,-0.07814624832396122,-3.048193904277409,-4.659879559300448
176.0,-1.0171409226234953,1.3570213377996403,-0.9063562227295758,-1.1112936527980826,-2.1465180219968167,-0.40214262693299396,-0.9672238292955835,-1.5535555801094612,-2.16069350896892,-4.264434224974668
177.0,0.7553742506172283,0.3833471375358226,-0.9348199287621108,-1.3483864226849764,-2.5648801257206664,-1.2824144371393311,-0.9224232568144295,-0.34476793172868403,-1.9538187650738799,-4.929920484079334
178.0,0.23288796559610536,0.9336656808998778,-0.7713079138466488,-0.03811055881012804,-1.7296682811547535,-0.6079253387364894,-0.017143148399533903,-0.24534074814109408,-2.2176059530899597,-4.486688833104533
179.0,0.5864119040088507,1.0559407970597612,-0.9055913671036753,0.2172309358012039,-1.6552277571581584,-0.2474853723233914,-0.5160319725029301,-0.1493402955952754,-1.9590018673512954,-4.511742180747965
180.0,0.430400300870049,0.7035757819998356,-1.5679446855955141,-1.4998639113883325,-2.2626506738921464,-1.2342955782290919,-0.5598593549837412,0.2023522240276654,-3.318832226858813,-4.931258522986703
181.0,0.47483747568999957,0.5644655149127156,-1.7417213197188692,-0.9631543602270458,-2.8292478169727118,-1.659950707253425,-0.18683382839042695,-0.8202674946922044,-1.7272786088960257,-4.913176728011871
182.0,0.3856880018729405,0.8704194110285424,-1.4562211556414626,-1.1766285031968282,-1.630006842604855,-0.9746628330173461,-0.1712939984464641,-0.6121513505168026,-1.8668557580564076,-4.891167020960522
183.0,0.8234152108670969,1.1847384881037335,-0.8888492379909874,-0.6771081221164077,-0.6853368605442514,-0.26548921235610834,0.45776904965436294,-1.6490368143970602,-1.1924848989377312,-4.4732810878780676
184.0,-0.5070661876348901,0.7931330819419786,-2.6035368732601283,-1.7958353091834673,-2.014690851819374,-0.5502949184974157,-1.4535935872512795,-0.5508338039502936,-2.5868824495761302,-4.933196623878191
185.0,0.8156393826936643,0.715016821744046,-1.4942678619672622,-0.9707889689675029,-1.7377856207665952,-0.39798863773464044,-0.04434191573368551,-0.439094722934823,-2.332100796277846,-3.377564181522181
186.0,0.8646812638336128,0.8487461342956069,-0.8382096645162251,-1.5404447440106068,-1.7973250233235856,-0.5308147449600873,0.09675672256638856,-0.2846535758739943,-2.139633438698862,-3.6843370380307707
187.0,0.027447941716310487,0.8974970291179392,-1.4985881920847874,-1.754151808217733,-2.2503345075354657,-0.8925916117539554,-1.1750290867573443,0.009729953018514648,-2.571671797494475,-2.8739260694002313
188.0,0.03664234801680988,0.7108773731216655,-0.7932659285322292,-1.3736095898105285,-2.1758537163249825,-0.9119497690115352,-0.9503914504757733,-0.1174975274392378,-2.039146026381958,-3.6665536329356714
189.0,0.02484434654437928,0.6068112135260799,-0.6571134383691708,-1.1555589209539308,-2.136423458856438,-0.9350462278615101,-0.7212151865984897,-0.11805210756918671,-1.9774426125902644,-4.136761590606806
190.0,0.3267511364800635,0.5332839695171179,-1.3050047259365045,-0.6452116423809255,-1.6307883379202206,-0.9505422456564321,-0.18751120992859693,0.008206244917869476,-1.8617584078207767,-3.303807183133858
191.0,-0.2938257322195672,1.059243103244736,-0.6530603661605983,-0.42084330902965394,-1.280121250505684,-0.5792979985824318,0.08205209743675912,-0.13504691577243344,-1.5221502318423767,-3.8875852225132426
192.0,-0.4520075242792645,1.2221745981142738,-0.19051765761505335,0.14062488146535346,-0.4814164898024411,-0.969386116050992,0.583890416358682,-2.4808795844828384,-0.6419323928354714,-2.523085288991276
193.0,0.7290432521333643,1.362129099621649,-0.9511947347178307,0.22859699399085054,-1.5549880131471165,-0.47030309904307543,-1.2467082148751425,0.02351372798630358,-1.1496981461512084,-3.994707546147377
194.0,-0.49621886255856484,0.3446124898620364,-0.513006741096155,-1.4043373155366177,-2.1763939489587996,-0.7229870010821235,-0.50510231967157,-1.0193694078143305,-1.2459903532065666,-3.006413264395196
195.0,-0.14871109894929968,0.5665578523703148,-0.5657526211094914,-1.2886599317258927,-2.1341641512150993,-0.40961878669044727,-0.04771193138329921,-0.19215140194178404,-1.694716114004365,-3.337829828409453
196.0,0.41239168688550465,0.9813144723854015,-0.8986053601759121,-1.281158907543499,-1.7201060550382197,-0.9360155942112911,-0.7344902107843234,-0.29666622753316396,-2.2811865156893436,-4.256404242995339
197.0,-3.7097202697533613,1.24722555761421,-0.6019113283548538,0.4180771969919259,-0.7621812669167554,-0.3552712824581987,0.3400736398562665,-4.168758552976717,-0.7724590611733544,-3.606922431493907
198.0,0.8762545084621312,0.942584795887923,-0.6319973425750507,-0.23070513320614694,-1.1192943762417151,-0.9186747283530359,-0.20502547151229455,-3.401057646050771,-1.2405194820999625,-4.494185618950852
199.0,0.1961313736152448,0.3477040873619244,-1.1599750173044203,-0.1486887073215566,-1.354165309943126,-0.7138417159461481,-1.2610956473263117,-3.567620026602596,-1.8678338628047078,-4.786281276359629
200.0,0.5051879980280232,0.43326646927426626,-1.138875870579646,-0.33161310381500875,-2.082424004619866,-1.3625039921994009,-1.7500143320856292,-1.0492194308735854,-2.7888524691235297,-4.883539561747262
201.0,0.42490157561854947,0.5834607191303276,-1.0412198949233502,-0.9374689296919685,-1.845486222839057,-0.8003806051725812,-0.8557861190904055,-1.52673890407092,-2.772332736266744,-4.901987303632709
202.0,-1.173953102926208,1.1996559779757003,-1.6689315183555107,-2.2572018135153535,-1.4981366803735883,-0.21625677619285089,-1.0747728005373256,-3.145571546784168,-1.7921499569745594,-4.080566600807215
203.0,0.09524937147098012,0.44668384028407826,-1.918071127731471,-1.7871993525678889,-1.7908678565103453,-0.6949322478428823,-1.5190137656707638,-0.46935728074307814,-2.575989302090006,-4.174495571373903
204.0,1.3186364761278389,-0.07265148507677432,-2.0584284729148647,-2.6634447877549317,-3.530860230151129,-2.750935494101898,-3.015027249136785,0.7591572398095361,-3.7726557635451288,-4.807612286805481
205.0,1.2298479092452577,-0.23323925096236686,-2.1816223447733964,-2.2975611048761104,-3.1346960432462296,-1.9807474840752362,-2.7703078322437795,0.4356675058676793,-3.521190811089082,-4.873740777963915
206.0,1.2738319733977583,-0.9907740213974803,-2.461900969816772,-3.123924229082712,-3.992125043891996,-3.1764840218128323,-3.321410318099901,0.49101000619172597,-3.9522648231676,-4.987221346427951
207.0,0.5859399507039984,0.8103294002628405,-1.7771342481243286,-0.8670883889620644,-2.422755068068244,-0.8478514243632562,-1.6359292678943322,-0.45890833389430097,-2.4539127349668455,-4.753618289008631
208.0,0.6712283456572137,1.0094973131140352,-1.3359439297077413,-0.7786692680203631,-2.309988825189533,-0.65676775911736,-1.1459873142711063,-0.34549640898049994,-2.0513157086204905,-4.605162963883567
209.0,0.7515542575005778,1.0996985856778319,-1.2567237902308723,-0.829163864511123,-2.619899405913564,-0.576769655219687,-0.7754630399772799,-0.2103058446767152,-1.6962743362343398,-4.6643692222788715
210.0,0.9839828475420349,0.641331393011702,-1.69524423571373,-1.2176312128265558,-2.7954471656942257,-1.0276364291994002,-1.0405368047766155,0.3568792206975515,-2.5328206802181423,-4.279918571813848
211.0,-0.2210913204921683,0.4763178037369955,-2.2459558228780265,-1.357052365017402,-2.7926462533389804,-0.3193350349807771,-1.2365881541851125,-0.2541267579089519,-2.585181721467162,-4.840449948121816
212.0,0.36928311298285665,0.39947114691044505,-1.8713056755513084,-1.267108411167534,-3.0220645790952885,-0.6924254527780465,-1.9730464562674934,-0.13361733328093117,-2.5281826071403373,-5.1133033657079805
213.0,0.576316002237609,0.9881319796969508,-1.4103320399187802,-0.24043991373421703,-2.609545025327907,-0.3264976682548837,-1.5315197506785392,0.12912836673568684,-2.4416697111553023,-4.740740657985203
214.0,0.6794287890681099,1.176318807182843,-0.9393040212167767,-0.2749104778152329,-2.056367271270396,-0.37670524534139194,-1.773318277016135,0.6161161720056942,-2.513590759145478,-4.523735871103856
215.0,0.8130423330283651,0.7852834423634933,-1.4836568611252046,-2.1747440275684298,-2.4224019862990733,-1.0179249373881991,-2.2174274947772945,-0.26793750044645503,-2.5061009421600238,-4.830069991981662
216.0,0.3869783927747181,0.7001098841707647,-0.9988326924767263,-1.6045924948125396,-1.8055901595640975,-0.6781018305849851,-2.0574186128255874,-1.0760123166875974,-2.545940977705493,-4.778482623512952
217.0,-0.19482366746505297,0.615467740538417,-0.7411762006423759,-1.1154515639732887,-1.5002344637511658,-0.386269978700593,-1.701163706400317,-2.0465899732637687,-2.6257067155921985,-4.682298788595151
218.0,0.4849662069807459,0.9306759895706151,-0.8546062303535682,-0.40683940427628995,-1.5442287337244798,0.12248345511624503,-0.5689185231592413,-1.1141397901334225,-2.3792707452930975,-4.6051626229272005
219.0,-0.4563312204425307,0.8715784808126394,-1.0867414084302667,-1.2452438627467781,-1.915353659772819,-0.08586544928730033,-1.7580522023460288,-0.24080837123702925,-3.3489804247444983,-4.899980935850943
220.0,-0.044483301821365284,0.9206666450838443,-0.7061379410303537,-1.4654698461683076,-2.186800496916654,-0.48008827288922884,-0.9076369147980441,-0.5616648868545364,-3.187184243253912,-4.817848232135246
221.0,0.14663116069503235,1.0700920381499182,-1.0288959955018777,-0.7223990157064009,-1.506536481125755,-0.29959630084068545,-1.4025340725699373,-0.887074631213459,-2.5351594524355576,-4.8774378676783945
222.0,0.03169806299241462,-0.08275150429304201,-1.616426255577223,-0.5312139470783901,-1.1107664783750577,-0.08411103971380007,-0.708211708647795,-2.1977075182409878,-2.410221704617104,-4.6630927385406205
223.0,0.4462781669759226,0.30416594730972757,-1.7785692662013062,-0.9437112862583776,-2.286382617449073,-0.47129713683549546,-1.164342211823948,-0.22444186096439167,-2.972038576959254,-4.583339465376752
224.0,-0.7755626310220514,1.1225194090488515,-1.0596026027611192,-0.2686932891126186,-1.4223051465984322,0.7144072483182984,-0.3321883509493566,-1.3742172233955996,-2.362961472199883,-4.108935917961839
225.0,-0.2438082917914739,0.4575172616679861,-1.3963329583300976,-0.7828659559976061,-1.9854316494753177,-0.3112263192535618,-1.1535331279035685,-1.974287783737823,-1.625969342615555,-4.417941597953659
226.0,0.3761045010031776,0.6564717225095744,-1.0754065128608692,-0.6560473525946915,-1.9517251818803716,-0.24216861131576395,-1.9036109666191379,-0.42605894940971667,-2.34199616007161,-4.752840739007769
227.0,0.008750147437815547,0.13384943924697623,-1.5122032904581708,-1.1182147919872416,-2.270667652231189,-0.4034844442253229,-2.270667652231189,0.23426686366459348,-2.617685198051935,-4.3121425487575635
228.0,0.47152744211873143,0.05877419025267816,-2.347470382730287,-1.6080793635413742,-2.82779018743597,-0.426436667063151,-2.5780966244927113,0.5766334530008148,-2.277507150155323,-4.863358405311833
229.0,0.509892827485968,0.19156776088964445,-2.251274141602971,-1.072794899400502,-2.2548624650137845,-0.37809575137976603,-2.3064997850035343,0.43271767768730984,-2.3140991260563974,-4.739762716133226
230.0,0.396432584800392,0.26682940985492265,-2.1623793696135696,-0.5216765638840961,-1.7952922517036334,-0.38845304637587796,-2.092006649981904,-0.21998708427716585,-2.4943874885832775,-4.905839277934562
231.0,0.314062723975987,0.3422184185146344,-1.988613095450799,-0.20058062893143602,-1.4675013911547865,-0.37503923212354073,-1.6181418351787238,-1.2070324037924502,-2.4598470256864635,-4.792422770898457
232.0,0.18948747934714083,0.4695162877473751,-1.8729841361241089,-0.1192533885878122,-1.469851936036955,-0.43090565383925994,-1.3470546065711957,-2.6994625519467252,-2.55047623857374,-4.620130035670313
233.0,-0.34077040537812997,0.7064221350977897,-1.9063132789414585,-0.9530472883515662,-2.0880816040303936,-0.8056461808705648,-0.9777132364530956,-0.28372565334931577,-1.9841770163816952,-1.5017709043641354
234.0,-0.5860202547920386,-0.7882752801768484,-2.4037376601382214,-1.753578541636085,-2.9587197671540353,-0.7838800593484314,-1.7382756725534665,-0.8394866113472168,-1.3901856234820285,-0.8923759211175835
235.0,-2.926491024501303,0.7101630088075814,-1.9031400474850977,-1.3031923750195773,-2.2470612394876497,-0.2977649065384531,-0.6034200931776108,-4.012749941809663,-1.7221364797968373,-3.597887124414951
236.0,-2.7576810772963007,0.5844364013716393,-2.389021684610406,-1.8190154249757968,-2.497475514779187,-1.0140623612851456,-0.7147828343441065,-4.03315715916669,-1.5198409210483883,-4.94582367619811
237.0,0.8583048814309464,1.3731122062020504,-1.8487106783118166,-0.8623158943325624,-3.264264490183525,-0.38101538697631865,-0.4367792103264536,-1.0279413102216561,-1.9084441904121952,-4.3033755273201155
238.0,0.9720111765583657,0.6902701840864198,-1.944923984320349,-0.4505221744936949,-2.375130144921849,-0.14817990512318646,-0.82926675030695,-0.558255281181157,-1.6952101544675,-3.9658385671841616
239.0,0.41550893828431534,-0.26511787537323883,-1.6293457989420383,-2.053815212629572,-2.8261265617874187,-0.45403828243435673,-0.5213538159384579,-0.8464329313936252,-2.5324154417300706,-4.588646836375786
240.0,0.42781827681356344,0.5498367465056533,-1.7905407326925267,-0.33075860344000674,-2.392120384453202,-0.3657836301870736,-0.437794012399801,-0.011379650367794536,-3.057327495527807,-4.724299049434188
241.0,0.7435584421013679,0.09902065875430299,-3.350528050729128,-2.0252139715489763,-3.973277452901815,-1.6438675447280808,-2.0712624015604755,-0.06822997684596332,-3.434156199460743,-4.599243756287273
242.0,0.6757135438615558,0.21257626678561348,-2.9514615403519917,-1.455110875831332,-2.7072989838550967,-1.5367155498636318,-0.7520168806574132,-2.6854336877654497,-3.185697444680393,-4.031265908392863
243.0,0.7935745342522404,0.5586042321661557,-2.0405673967896076,-1.3937658114983693,-2.552051291766567,-1.0344197726415236,-0.9728064590107579,0.06254035409102698,-2.572974529020521,-2.970064963769743
244.0,0.8509475070101549,0.46349475097824033,-1.981664225803101,-1.5795054626489242,-2.7069198403647845,-1.1546272337040793,-1.0373255204249188,0.2886683134328969,-2.3545529735952395,-2.810010539906855
245.0,0.9536778754365935,0.23500218353804492,-1.956116662225531,-1.7537128102985537,-2.8801931044281526,-1.4139995565429304,-1.0596444234987614,0.41704003933903455,-2.1842069298731257,-2.72418317840825
246.0,0.9755576516720887,0.050808409094274865,-1.9805455615751222,-1.865407381555075,-2.999968020292931,-1.6127599746799204,-1.1444034617582308,0.4336400120680495,-2.094275750000249,-2.7207406439174875
247.0,0.9492930202634977,0.001932997720259122,-2.1628948152278547,-1.563445579963712,-3.051849646156552,-1.386112429824486,-1.4434386619391488,0.35301250031806974,-2.0395770146657384,-3.3228712020454356
248.0,0.896982104945028,-0.09156584269420054,-2.399041046559576,-1.38358092463294,-3.123680443619853,-1.2506210221886442,-1.7824731557437643,0.19323324166778577,-2.0622085681327205,-4.785816763580661
249.0,0.9102774753738422,-0.15499151289089697,-2.1236226001814207,-1.624209010952891,-3.1428268344515993,-1.3956129974060376,-1.7330010868562034,0.09767518366029715,-2.4313165277875295,-4.66511441004479
250.0,0.8565535557250007,-0.2458609741966724,-1.9449107462838662,-1.929204156787107,-3.1008499775879486,-1.570204561782239,-1.524616568803758,-0.07729272008475863,-2.9728861206872033,-4.343213626664851
251.0,-1.6593568181855292,0.23009914200632742,-1.9894676574552383,-0.955409649693254,-1.9251180016798057,0.3142319422990607,0.4483319038506879,-3.1779889624536786,-1.5514602931413755,-2.8395576114374457
252.0,-0.774076010211951,-0.6406893077209521,-1.6272743331214985,-0.984021587054688,-1.940520857729805,-0.16015412948519048,-0.47744057489065894,-1.8746189087922136,-2.2633383810350365,-3.906919589929921
253.0,0.9828063508423774,1.2061868914316287,-2.152513444655548,-2.4533630004504126,-3.2182409106205254,-1.1319678725589482,-0.8457930174106183,-1.0910411259803934,-2.475200077172568,-3.64610595279846
254.0,-0.7159531595878579,1.1662821906844962,-0.9759178165329905,-1.595254595876658,-2.365989361106937,-0.047594301445425646,-0.24853517037575434,-1.816786461929357,-1.6864809285807696,-3.424384081917456
255.0,0.12079736436158739,0.34814452695647136,-1.5674126492800862,-2.7917270242507595,-3.671976667130548,-1.8461452381475456,-1.3701679823422568,0.27826479035062923,-3.004602179836054,-4.778358469997099
256.0,-0.5416298329303895,-0.2170942971997165,-0.9682943397932537,-2.540968474864443,-3.5930031884215596,-1.0215331842430087,-1.1306274187899445,-1.0771311240666388,-3.319539242902416,-5.2530144349349985
257.0,-2.0266334110712503,0.9111137860773961,-0.559205763609744,-0.5623669579756381,-2.8079462960259987,-0.36633332555658504,-0.30770646625166775,-1.407613556743512,-2.7669286009980327,-4.5197841581993305
258.0,0.5248685312746888,0.4043788778075743,-1.2934016111762228,-1.0352368440066386,-2.4714626665445616,-0.7010672291843472,-0.6418683032255275,0.15629892123234068,-2.6573895311070856,-2.519738786300157
259.0,1.0989816959388703,-0.6939119308059398,-2.735958007734352,-1.8655142740072868,-2.1824258208904306,-1.023947338392845,-1.0942638230098738,0.6521220556029468,-2.7961036108097055,-1.9300198445911003
260.0,1.1680298020205069,-0.5686791907015483,-3.2902537199517563,-2.396492266192745,-2.1873403129441154,-1.4921785523239879,-1.3212004719708377,0.6427812064395488,-3.0946233245575985,-1.9558757115506924
261.0,1.1359969635622613,-0.36364766614914346,-3.8653403530924813,-3.056478737700843,-2.2787611317268883,-2.5473255767986007,-1.56459510551499,0.5349688346028476,-3.5729386599239907,-2.1152757454811733
262.0,1.0828702627478388,-0.30672510070943604,-4.16572543048477,-3.439720887928736,-2.3579346184115817,-4.07512886740122,-1.7674418724997008,0.44369912002629186,-3.8791224811981104,-2.3273022388270403
263.0,1.0929336004729044,0.08777871366347423,-3.884125720517221,-3.1536117719661645,-2.284254264612704,-1.7424766634688735,-1.8114517658127745,0.4933533774426999,-3.7907887782950658,-2.89730079447327
264.0,1.0571448556772434,0.35737244406603974,-3.573238033241701,-2.9358777350972973,-2.23946855733983,-1.0488311896667346,-1.8329184771385103,0.5148575494146526,-3.7020705688904814,-4.263639296207414
265.0,1.0855517164187511,0.1528996495990329,-3.434697069011212,-3.4475602091775257,-2.0899203841096887,-1.6223042409544028,-1.2232884922292029,0.4905589369969805,-3.8977523236076617,-2.749522185702571
266.0,1.0704609142069408,-0.37322701842652695,-3.428936594848855,-4.478152644391368,-2.0269447397237097,-3.329607063774641,-0.9267763388124726,0.4146792324742121,-4.143404586313449,-2.2571221980936276
267.0,0.7768452554151648,-2.2395657849503467,-4.5748578962167965,-4.7834370739804815,-2.705130379252265,-4.472681349493238,-3.108148094306532,0.43252411899129894,-3.554187906132133,-2.93745638221611
268.0,0.5551438687348624,-0.1772175742177282,-3.5309832571936326,-2.0873858720617458,-2.2057327140896925,-1.6878762113168009,-1.196997288491932,0.21106405502499936,-3.780252631823946,-4.6153672267885435
269.0,0.42753635013388447,-0.2450456709339024,-3.7305274267897244,-3.6624600460698455,-2.2640276427042796,-2.6100999301656356,-1.3335074552509982,0.24297928789660084,-3.37802395319452,-4.872763082155943
270.0,0.05306519930424569,0.18082095826863798,-3.5383607897850244,-2.196288012393913,-2.3601636531487364,-1.5021441858702111,-0.9466329859945297,-0.4142912026604102,-2.374628066869082,-2.491980672860056
271.0,-0.46900007091046314,0.375963054645992,-3.0040343382598813,-1.420844297991576,-2.520169744781871,-0.8985099286859644,-0.5337929825643539,-1.5862323617183747,-2.0176997327243416,-1.952675509110449
272.0,-3.9812971082604234,0.4100039148877277,-1.5611082207440392,-0.46684003185494727,-1.6539056346045335,-0.15997765834286892,0.3367815717397884,-4.467001902343165,-2.2555280436654197,-4.072798697485528
273.0,0.3895881669985475,0.7179912403699582,-1.639759585431749,-0.34329991886458266,-1.7629139118060144,-0.19983225567566887,0.21689703553303508,-3.9498425952671985,-2.2185823237522877,-3.8453594684138803
274.0,1.3463129842385402,1.051473656482218,-1.9802453549289054,-0.4562993391857373,-2.220134994418767,-0.6974186919767225,-0.4736581440951775,-2.7591961186905745,-2.071148681045781,-3.59869787551878
275.0,0.8057788934478469,0.1192938173752982,-1.8502969035697212,-2.0703918666902785,-2.9521465450337674,-2.3083036308171465,-1.8424256668680565,-0.6223678961504338,-2.019983047361089,-3.7310271423744856
276.0,1.0091724727254305,1.130134626086106,-1.5073366035315239,-1.10271519141095,-2.523080523777784,-1.146506176650746,-1.4271592151964692,-0.948193652301399,-2.0293812061085292,-2.5349725443733906
277.0,0.9169060256116557,0.8332973833617818,-1.775823142658493,-1.449982302809449,-2.9158385380255245,-1.390205115299282,-1.7930360342433822,-0.5282664857865687,-1.873041129336106,-2.357907697083168
278.0,0.812923639837849,0.5141641105873278,-2.2768757325149718,-2.055258234890638,-3.367261612653997,-1.7387269247796977,-2.4521067486764174,-0.21118829978445608,-1.8128063396583005,-2.316071010427968
279.0,0.7480512114437536,0.36039180678155436,-2.373970879907513,-2.464879906427596,-3.6359916899619957,-1.8292307840828832,-2.656618275134278,-0.1479787550513112,-1.7641912643999877,-2.119589096157032
280.0,0.5072776459598927,0.6779101262552512,-1.4630552171123272,-0.9503717993154817,-2.4357190946728986,-0.7610245324757632,-0.3569725807693056,-2.0261636989067426,-2.5610672721997245,-1.4305944234016124
281.0,0.8626006921661588,0.4868081157026731,-2.3630799734380963,-1.4883051108468088,-3.009101731335501,-1.3812948094689539,-1.6575311148091403,-1.1176175999814706,-2.191913115171638,-3.6940277096950958
282.0,-0.32152187739960514,1.0240126186205782,-1.3079779662513515,-0.8014955397837649,-1.9281354337899606,-0.33144662085492493,-1.4747475170038284,-2.0879721290193944,-2.8339612727875267,-4.374402699865129
283.0,0.4950109797264828,0.6430646202824113,-1.2998248410010278,-1.0381214426546557,-2.1956323013292502,-0.4975196156986146,-2.9175259103238638,-0.7280155247248461,-2.6318003154822556,-4.496169823214154
284.0,0.5469898097588355,0.7338282836352039,-1.2548503921803842,-0.9482830829347122,-1.6889591376717943,-0.6726080726778003,-1.1509658063433565,-1.243049792879001,-2.9644654626061264,-4.700166100473802
285.0,0.49549188420147017,0.7296985662778004,-1.4631392669489411,-1.7112831595178024,-3.0202283543180592,-1.213780785311331,-1.9831040872675176,-0.22035454319524872,-2.313160437578184,-4.8349401862969685
286.0,-0.7372115951694158,0.5146690485822492,-1.3616643225518046,-1.7170202282684164,-3.0540815394147747,-0.9761356447395988,-1.6463884112219418,-1.91151698663087,-1.8560543078440275,-5.2027826951110985
287.0,0.6766758409814215,0.38334678666672506,-1.2934125471542437,-1.383707435940178,-3.055692861128928,-1.3728108471176887,-0.8067417084187603,-0.9363054971520586,-1.9482842965477132,-5.02302993002577
288.0,0.8321064717747202,0.8535927218169961,-1.5983819933672514,-1.4513621830320416,-2.3119299882795112,-0.768192110286241,-1.3357876958881723,-0.595659919239556,-2.282964281291639,-4.780174864565591
289.0,1.0058325713127019,0.7501306212712688,-2.0273332088585385,-1.517352023245305,-2.6283714390029806,-0.6215400006317084,-1.2000046366759096,-1.543709864894479,-2.5013389074102554,-4.905117785290555
290.0,0.42086092699030786,0.2982971159562666,-1.7712220000600056,-2.09611981551402,-2.709967125233874,-0.7401876565841614,-0.9544757750980866,-1.3388939857412607,-3.2926567393815804,-4.590726653353412
291.0,0.5435912209669651,0.39180883715482406,-1.8048890082746207,-1.276223594605547,-2.7411134709099807,-0.9758778078530543,-1.3703763247801342,-1.0483554513701017,-2.5290378052274205,-5.050425374519773
292.0,0.7836470825585571,0.8815859131045392,-1.8180682772448957,-0.7015942405371152,-2.530166920614713,-0.8416922554755271,-0.15436064008616723,-0.8500240576191498,-2.8517502002668262,-3.9022739734229708
293.0,0.7003032289164701,0.8466281125795243,-1.5561278740337103,-0.7080684319909536,-2.3759161825168977,-0.6865211150652919,-0.15856605679786728,-0.8962388019466663,-2.6574102753456827,-3.931582775598333
294.0,0.5109054990845427,0.6477869736821189,-1.2543621687256619,-0.8405288869833822,-2.212116664375538,-0.5214020223510802,-0.28197192387783554,-1.0636724012142644,-2.473386462717482,-4.087571922873181
295.0,0.350406229054927,0.4354881887013482,-1.0669438702623897,-0.9807321345454965,-2.0994032757301264,-0.4085023601591036,-0.4036365961233359,-1.2035967628793778,-2.3560556294531825,-4.261123382236613
296.0,0.2504499274435097,0.26638782256815463,-1.0359212871752914,-1.1179839834089573,-2.0910681358018097,-0.40178005600857314,-0.5065779296344919,-1.264665378451452,-2.344168434689882,-4.339543643049662
297.0,0.33233129777745196,0.2161185899678304,-1.7799024732576005,-1.6929186602550832,-2.3370013831863883,-1.2356051236270948,-1.4579100579821187,-0.09041192473605508,-3.1761594899559995,-4.154764052514668
298.0,0.9139618016219039,0.017710975538164142,-1.215080262653992,-2.3302543057208505,-2.8357497456426373,-1.3911141007487442,-1.7257597604630976,-0.015486418572274951,-2.1554201676409424,-4.40502658780143
299.0,0.5616739813721268,0.5130910719571946,-1.2241333857951817,-2.0966782633452516,-2.4263571311323084,-1.316271877419394,-1.672725590519093,-0.31165324365833014,-2.373126353316326,-3.5051119740184222
300.0,0.043949977133016294,0.8195687156039595,-1.2961770503547143,-1.7196764134326448,-2.1670354113814265,-1.2643227893702322,-1.6405047415592735,-0.6999980054250687,-2.6890310928585115,-3.0725789338314766
301.0,0.5462509430803926,0.8486859094409089,-1.610697593882769,-1.0537119046281516,-2.178753495986764,-1.3435363924231207,-1.6804912236434377,-0.29344636245733624,-2.6634501108884674,-4.220588374863132
302.0,0.21747183099695921,0.6491502883746896,-1.525418168593394,-0.8268930247906816,-2.0003229062023693,-1.293512480361823,-1.1753367465942142,-0.5071204142480346,-2.110447433688706,-4.709524076456585
303.0,0.32420735961712666,0.745834489577319,-0.638847568083359,-1.026310026347003,-2.3433552169539444,-0.6578786234833427,-1.4135122147982646,-0.2892513981987681,-1.3702834914489428,-4.928475975521588
304.0,-0.8545654664092552,0.9126789069507906,-0.14962864344131965,-0.7533144306103328,-1.5123152933246313,-0.11528729973388518,-0.09971861213603539,-2.452391974546745,-1.0655390830780291,-4.150669769903137
305.0,0.888829065883807,0.8906618498407775,-1.0076738940255279,-1.109214532998564,-1.712893453237708,-1.164847623625271,-0.7542383045788994,-1.1749097773993484,-1.3158609912802226,-4.072394998757976
306.0,0.3332186740974903,1.1182538445168368,-0.7221918585265281,-0.3006885379920079,-0.7980695410653609,0.12382472249393262,0.48983559190544135,-3.3678055188814247,-1.2767328892273206,-3.122619034383483
307.0,-1.5966008826342029,-0.11892559607441888,-1.1820380468750524,-1.7937959482885433,-2.027700499180148,-0.7286425542177517,-0.4070125735284862,-3.666943397566391,-1.8406247240268148,-3.0857252339728705
308.0,-0.0029893909994229695,0.10549124746696958,-1.349126936808633,-1.7836759676083709,-2.183358257254105,-0.8730688149307793,-0.6665892584744406,-1.907293752913687,-1.764480967065035,-3.2340871973873626
309.0,0.8640075204448225,0.38597396870334477,-1.6633843877114352,-1.584543097203066,-2.2791335719659833,-1.20357837204731,-1.0446522073147326,-0.9675527965477042,-1.7122525831703057,-3.6322740860197142
310.0,-0.35905042132947007,0.06997240233498947,-1.6673863381341871,-1.4106960675014129,-2.6101465360103173,-1.3243834023404226,-0.9897067718475785,-1.857903130984275,-0.7821744079376491,-3.885409034833576
311.0,-3.2389687837929886,-1.356143269184112,-1.3459627104499654,-1.2007593851429668,-2.328986579998441,-0.5672934197872119,-0.41824066285326755,-3.81365327377988,-1.586037096822879,-3.921689391979526
312.0,0.8177377581636059,-0.328692029823473,-2.4040245458848934,-2.5333763489608634,-3.222237461131116,-2.0912606810936616,-1.5895209429954418,-0.7580494021310129,-1.3971587317784182,-4.385385694627372
313.0,-0.2030921076464558,-0.343819556968638,-1.9389100620425763,-1.7325736722562497,-2.3934093713950158,-1.0187727111914815,-1.6881311294203591,-1.753771335925903,-2.468353956933229,-4.6990728335098915
314.0,0.37376623751173055,0.02638042563732501,-1.7613108693415935,-1.625474020375367,-2.6793707565074927,-1.2792340932319715,-1.9068121052651754,-2.1488006256734495,-3.3329687627790783,-4.772346409872349
315.0,0.5165632969617089,-0.5573924675433741,-1.4510920614189777,-2.239749208127015,-2.7864126487887733,-1.9335920956313217,-1.6300794815934576,-0.5272507729394718,-2.2792427700104403,-5.1202620808515205
316.0,-1.0006646859170814,-0.5987617919177572,-0.7447828527731648,-0.87349331645391,-2.239850209722551,-1.143962077066199,-0.18629816441349067,-0.8064899042618747,-1.7085477066660988,-4.672753955743028
317.0,0.851607813144813,-0.44373430040465456,-2.034266351808818,-0.970844838286701,-2.378898817844613,-1.5038461642840106,-0.519533398393802,-0.18187274165642187,-1.0403046610340492,-4.088286076825931
318.0,1.4761816436186392,0.4491769256293259,-1.915877333602407,-0.2723597102335713,-1.849230912086524,-0.9426915927964177,0.09714381314179033,-1.364800972675849,-0.7368212297123513,-3.7630939573078352
319.0,1.2467753102376078,0.5636990022357677,-1.8058497781024463,-0.365676571403188,-1.7331305605449252,-0.8348547501220542,0.11363214636948715,-1.9693775293904978,-0.8962099879889429,-3.6137360367912286
320.0,0.8646862481805295,0.7689648371144735,-1.715484908660562,-0.2749271506139417,-1.5309668531284255,-0.6706543470596111,0.29294090303235687,-2.4731535121797417,-1.1572572355554236,-3.623532332498429
321.0,-0.04374633955538165,0.9165955206049736,-1.4395148274950893,-0.30157789217783115,-1.3922489386844283,-0.550988105647733,0.38912564530259575,-3.108931069520635,-1.5290370567855054,-3.3668125610632758
322.0,-1.2944255270194924,1.007913314314786,-1.427703105104745,-0.3501311194872021,-1.4573384165915684,-0.5479884049140193,0.40502802023159346,-3.839748959812568,-1.7876848985950367,-3.1975298398101457
323.0,-0.09802388875188428,0.8864965550487758,-1.5258821524507964,-0.3060676962304003,-1.8134574690315939,-0.8623699151373654,-0.3270748643545758,-3.2514032294257182,-1.3028026601300795,-2.7982758311339087
324.0,0.8543002668593933,0.8325564890366346,-0.8140430637366061,-0.3670242892461979,-1.4675236913754426,-1.1847884515500984,0.2926023599519718,-1.8042694239653323,-1.8163841036389505,-3.5125794032854114
325.0,1.2181891440974644,1.1604486688877051,-2.4918193096662336,-1.7504111414986756,-2.764478284282225,-2.109148465982657,-1.8891759212960748,-2.09039899338884,-3.011258512348256,-3.81080155760744
326.0,0.65968807443392,0.6767965989435709,-2.1523688096522626,-1.9293297953459605,-2.789169793192083,-1.7489948131873023,-0.8756507281736778,-1.6966642217869021,-2.778369501279161,-4.2870933017437
327.0,0.7416575924519879,0.5435163798048783,-2.52918785159658,-1.3993943637714608,-1.9932310167303042,-1.296295014198116,-1.0407198700305809,-0.5208649077235681,-1.7958387617795777,-4.607369217453516
328.0,0.09512511006755542,1.5470487863443934,-1.7262032497392248,0.7039061399439404,-1.227212312144872,-0.8074322865167205,0.20204433940050448,-1.5981608196823416,-0.7680561233321881,-4.089407365712454
329.0,0.3992692085049976,0.6975253560062162,-1.7852771722788046,-0.5970807725855389,-1.703856663638408,-1.3091441126673635,-0.3010805029154817,-0.8537634044259719,-1.8565354280887314,-4.858546586808143
330.0,0.4592352741392596,1.087588315571752,-1.1427828613763733,-1.0117843900800505,-1.907505459505995,-0.9483560426563873,-0.9396145561355018,-1.1919608746600883,-1.3234576467448016,-4.7583085514146335
331.0,-0.6871729066910914,0.35581408071643983,-1.4496274500170538,-1.0799311013256703,-2.165417805869883,-1.1958553238626357,0.3470212344664243,-1.4536291521833546,-2.3086519060875372,-4.155619391226795
332.0,-0.29937126759650434,0.692901332843479,-1.868272537150299,0.1391731943213499,-1.9179815434496343,-1.3712077510800649,0.550270252083124,-1.4113347041827162,-2.17849410492196,-3.37602893500696
333.0,0.17925992343570796,0.8978153073989388,-2.1540423229761476,0.5470250511862598,-1.8967757796924962,-1.6174972476647045,0.5011733469767501,-1.223855964388835,-1.9789625997906617,-2.9587099275635804
334.0,0.5937175674679624,0.4151560060915058,-1.7618651187693273,-0.4591885283977757,-2.5413717402919405,-1.5089803850676178,-0.7205368496522679,-0.6628010534886426,-1.5139581449709778,-4.539304433526423
335.0,-0.563002769372555,0.8081160323662773,-1.0190787410273567,-0.8248393794039037,-2.1869177091032044,-0.9585792040348644,-0.020969733753871456,-1.5790488320085578,-2.299551616637958,-4.899528299228134
336.0,0.48476969265587266,0.5053043786007592,-1.5484983421682392,-0.8704263615397327,-2.4979479507622147,-1.2470577235700488,-0.06066668808253106,-1.430363559671101,-1.3275104298911742,-4.598890472817448
337.0,-3.5287159597942415,-0.07690492233749335,-1.5429765221288811,-0.6047892335465412,-1.828547065324899,-0.5421435609618575,0.1079940634266765,-4.688304314219677,-1.7593568754859767,-4.875286938436089
338.0,-0.08946287881295278,1.2070571578499283,-1.3652255505405435,-0.0005005801878885663,-1.359362517033313,-0.25903947341776146,0.1891227479268931,-1.54512659799071,-1.9972029277110304,-4.646021739480879
339.0,-0.4986843658406688,0.62609016544323,-1.8736663467231578,-0.21394832172153055,-1.6506111001111403,-0.46253981498814367,0.26629567402398546,-2.0225010197323883,-2.616088599724336,-4.630059909707509
340.0,0.8075162453638691,0.6418616915001807,-1.577709898449291,-1.1605334848886737,-1.6161231357224084,-0.9241947766628407,-0.6451088200816586,-0.6704029727058995,-1.9002513681010615,-4.7013669252284584
341.0,0.20269761797801156,0.7591268436427066,-0.4792384569038539,-0.9931230494713854,-1.2461458166580002,-0.9289484232326708,0.045153809959103564,-1.228933242874561,-1.6421202793394167,-4.884117969496089
342.0,-1.0196802155741895,-0.1853138525345026,-0.5045494897707801,-1.0431908971421058,-2.4027787328684935,-0.5760339439538782,-0.7622323688884853,-2.1663497514448844,-1.4417657874725698,-5.37778951917787
343.0,0.13061092922581974,0.6301225186204611,-0.812913978399628,-0.12737017305822018,-2.4530298391715855,-0.2837887958763554,-0.37134271254521156,-0.5646586310633972,-2.2062110693777734,-4.733476556439841
344.0,0.013510952055759695,0.02212226968593245,-1.177398462594528,-0.8727353923371555,-2.0101735909606573,-0.9884241204321669,-0.5172582538702428,-0.7716658489088608,-1.7741088287743845,-5.203723073012309
345.0,0.6056576365757347,0.4545001587371673,-1.0144143263898726,-0.8909921680251183,-2.4905927997725676,-0.96558355205136,-0.6570667374544359,-0.7202845472362835,-1.5068648559953213,-4.654366484076931
346.0,0.8181697144223121,0.10382544145806127,-1.3914419123354462,-1.625289068457886,-3.11301366642605,-1.625289068457886,-0.7084737151884792,-0.33531036108246637,-1.6771350625349242,-4.843501937470536
347.0,0.2300484311590767,0.4428670928397753,-1.2766780133885087,-1.2675055513648201,-2.386451458275194,-1.0182684391891288,-0.5824843535490787,-1.0759407191094013,-2.181774809802751,-5.089108063791261
348.0,-0.5489408269566536,0.1903096299305742,-0.598195638540356,-0.784566513700532,-2.183140039423307,-0.4416587046411131,-0.21249731398478677,-1.3728108586581633,-1.691965880867884,-4.4342992522858635
349.0,-1.0664556386957127,-0.2056989760489012,-0.566350329989699,-0.05110168448453711,-1.8830989156912987,0.0064910382938754285,-0.3677346236513932,-2.097089999702541,-1.3227329949582418,-4.622572718706497
350.0,-0.7205377592068465,0.045195482639579954,-0.9909067905635562,-0.4660127723113643,-1.9217372360650433,-0.47553070135077613,0.2548539600806319,-2.4975342389245268,-1.1017994828943283,-5.115286718116696
351.0,-1.4787062620313578,0.9106053881889444,-1.204348658634442,-0.311933655046464,-0.8828340464629223,-0.017100265771556877,0.12354750079972532,-2.720723212839783,-1.7219245393454705,-4.836799992227638
352.0,-0.576168494658652,0.07919457196655211,-1.6191247137282778,-0.5963897702516399,-1.7365204990709968,-0.44283617654085305,-0.3746957533793147,-2.2923323626688292,-2.171825231280722,-5.27573053709054
353.0,0.9903445962011418,0.26391928778419893,-1.9000139946786814,-1.3026373713736448,-2.5361557715334166,-1.4445217834843291,-0.4239566306115725,-1.1374448383519316,-1.7455676467013672,-4.826209542123746
354.0,0.5017607672276128,0.5707818497224522,-1.1348749595773016,-0.9638146903580429,-1.8894486702708941,-1.1007813620914257,-0.42876593274674013,-1.0348122280972012,-0.9810971286636434,-4.90974993173804
355.0,0.40701373546790975,0.04961680161762483,-1.3853145367416677,-2.3581078422921142,-3.279458463570989,-1.5249910888841995,-1.986507788503423,-0.5508391321003607,-1.8352929363689183,-5.29301954939001
356.0,-1.2989874432863073,0.034797678350805716,-0.4276244034788079,-1.2656874741151969,-1.8791417941850652,-0.5808453723446634,-0.9135302481215464,-1.729605855159851,-2.0273784825993637,-5.21485818148493
357.0,-0.8140291661161274,0.11890813321796156,-0.7657428638874093,-1.0972659540037382,-1.9601842927495443,-0.3913361863517866,-0.2557626426713884,-1.0627227791650975,-1.2128337356926842,-4.10935648443659
358.0,1.098944118129033,1.0867020202865612,-0.8388686256543973,0.20754252282350505,-0.9567956523789549,-0.39211064589249345,-0.058907556944170825,-2.188465582118802,-1.1540633794022273,-4.0308384772195485
359.0,0.9817595796532408,0.32392272913301023,-0.8893081696019016,-0.6425234332304934,-2.265532410122828,-0.6642965193874795,-0.5151390074851476,-0.8326318090906106,-1.2846558729557938,-4.298727049610216
360.0,-1.5586934123440166,0.27383338559701875,-1.8658695795855507,0.10647351149936912,-1.8023467075653414,-0.10780639393041991,0.23447619894047955,-3.5011299892950625,-1.5537156524406566,-4.731462437026027
361.0,-1.721553673608686,-0.39150162886008055,-1.6167030719565532,-0.609870738325957,-1.7590979500333426,-0.2942744056772799,0.34938597682040706,-3.6451383442384397,-1.7088183383391995,-2.608211706375794
362.0,-1.318764449902579,-0.16561132931724276,-1.2637161666970567,-0.44597894838987173,-1.7829968699435321,-0.224233488113752,0.3168026846017371,-3.1478675821989195,-1.373278348301176,-2.7282621242366756
363.0,-1.1055842724719236,0.10353465246630478,-1.0627781242230725,-0.3188937866615422,-1.7288327006194235,-0.20933596116662878,0.16818355189637813,-2.7750394853848053,-1.1117056038754418,-2.9582449095656993
364.0,-0.6986937648130032,0.5138341678869098,-0.7817476745920411,-0.041686630375155964,-1.536981618529635,-0.11437726196509024,-0.07305600703236825,-2.115603871533524,-0.6882826932744099,-3.216330206154112
