"Time","Phocaeicola_A_858004","Bacteroides_H","Faecalibacterium","Paramuribaculum","Lachnospira","Parabacteroides_B_862066","Phascolarctobacterium_A","Ruminococcus_E","Gemmiger_A_73129","Prevotella"
0,7.69044074284235,7.31207709444651,0.283220975512264,0.339741449560807,7.06447119562047,1.33444850006654,5.82473513120413,1.32377585844113,0.788359066704097,1.60218659948553
1,6.55387688869296,6.77337138742684,0.531192629157495,0.005,6.86398760957853,0.841811022224707,5.24951612677493,0.879300851251751,1.08288709972446,1.14755830083999
2,6.74789945739328,7.16553378010252,0.005,4.28259573501797,6.17977387918547,0.990058327301002,5.66032256411521,1.013054828473,1.5934622629388,0.710848905376785
3,7.69921975622327,7.79539459306156,3.76699764028363,1.4193712441909,8.20599917645742,1.53568417809731,8.79397707893356,1.50533782532869,4.45886438308024,1.10013429431779
4,4.35453152991331,4.47120922068443,3.52527798897482,2.04280901671643,4.23557640973761,0.005,4.32529576538439,0.119789086546839,3.62091771643493,6.49594795384914
5,5.30349563321163,3.73333086078484,4.615868233061,2.51630692783608,2.90824665703383,1.51528584961769,5.28603331358476,0.526649004622724,2.55050252302502,9.47143137221692
6,6.27716630090372,7.17110009215818,7.28930162118656,5.40880760551254,5.13955362870586,4.88471746650637,6.74672697168741,1.18877837855116,4.92151051202744,8.60666859980883
7,8.07524191841914,8.97247460362244,8.82864055215932,7.41421104344007,4.00269525567554,6.6741059416578,9.80947592731039,2.08772928064511,5.94590745319972,5.49284507535646
8,8.72115397996462,10,9.34610552483573,6.77259317780696,5.84840640302758,7.31516030386772,9.24093117178098,2.55928964014158,6.82771221838636,2.60141793738639
9,4.27580274574035,3.98307295863051,4.63621050932615,1.87452822487714,1.56010143688732,4.26430890662739,2.52362682911794,0.118999482609354,2.23703346976829,7.37761715451918
10,8.25956807881473,9.5340390428982,8.64686559759756,8.88903229544301,6.37009443333241,8.51054569849573,9.56478996874336,2.32942237134863,6.38705035839608,4.53437099782057
11,3.4824382250829,3.81939180675477,4.14076193422929,1.95875919095072,0.283112291411884,4.69298784614745,2.82304770230693,0.005,1.38227030368166,7.38258324028181
12,5.16683758520441,7.14821925395228,7.47820135321716,5.09993036503401,5.71144958231911,6.54425306501448,6.00676609971325,1.06979689858269,5.00146631590985,8.79243593737103
13,7.0982828477474,8.6358225895585,9.37735280105397,8.28307758857095,7.65150803927068,8.47956839466865,7.05406623079941,1.90352203446372,6.57044241117622,1.99622368683421
14,3.41639216577732,3.7141565876733,6.15576334468322,4.43502682164439,2.71598783835312,5.13660642192534,3.66091594939351,0.280762594597292,4.72590579878509,8.87804645591388
15,4.28601803054623,4.64512606126887,6.79596620632758,5.89153623242576,3.04858568041532,5.8433697580787,5.54402498541347,0.57914429234828,5.71910239495216,9.17305707963789
16,5.8984910759803,6.15093370840798,8.52780426342007,5.90479097345147,5.30525753730459,6.34785925038698,5.24504817283683,1.07009189460931,6.6065780802619,8.24409355560112
17,4.19760495773347,3.64162024407801,6.36615187872159,3.90275236655982,2.49962733011982,4.77884945993444,3.21728440035698,0.276379072512302,3.92052554048539,8.33964149856752
18,2.94152776449176,1.78390652372751,4.39992171884709,1.1262460595245,0.918526066652052,3.41710321560482,2.59931654305595,0.128660765948507,2.06329645316422,9.46161375088342
19,8.08063175024096,9.27932429817474,9.77033864449701,7.91007537697994,9.50381469390376,9.37287824685018,8.94600601126807,2.38862101216746,6.95835682899032,3.70749773131547
20,2.22276883087879,2.48966275362263,5.34031203112408,0.994052389776406,3.15976832145623,4.38144815444488,3.27472171934164,0.299845920918581,2.64209179136528,10
21,7.79592335860258,8.97256702515294,8.92231234944995,8.54176143530117,9.65264152448402,8.86614297364335,8.08742843784126,2.15304250026376,5.18686185242951,3.76171943791376
22,8.14182888968414,8.75631280159098,9.27016853987716,7.75874825775398,10,7.9199454774668,9.19776761697441,2.27469540430156,5.13939830075113,3.51920583300582
23,6.54067344787845,7.55127500447049,7.27666022914786,4.60217250927015,8.77458667854816,6.58186548834857,7.04133943357585,4.26487497426323,5.58007398602668,4.86248598327141
24,8.12261721221524,8.98318561899181,9.10046747657004,7.85263237367435,8.77150052990032,8.66107438263765,8.39939096363728,5.38270636461192,7.12143561832272,3.54095401631444
25,7.75357692949786,8.42778558421086,8.01282449584422,8.12101206681826,8.16794764088351,8.67052392459798,7.64304937557037,3.88405705772988,5.97795412562831,4.47628467772548
26,7.17380619725505,8.07952139028552,9.07347373608017,7.75180963890679,8.55524143506045,8.15777810957817,7.4518888282966,5.66643902698129,7.14710866656795,3.99373797655499
27,6.90027259824362,7.73752889323362,9.15650588121474,7.2956859879706,8.31737274457855,7.81149787717015,7.80149899621861,6.05586846391243,6.1927348651322,6.61362043278936
28,8.07660282635081,8.62438990148508,8.72796833603376,7.79396945287058,9.40248189765252,8.05165302405362,8.22133248878122,3.8958997252571,6.00529024184056,3.67076053708471
29,7.62084149603316,8.17136971923613,7.96779287775945,7.11070788230086,8.1173138862553,7.50460249531499,7.36037108325863,3.61342015823227,5.60156853355495,4.68566601035241
30,8.04824427521809,8.92595866839183,9.50129479610404,8.69883510653337,8.29848433812368,8.7926083980966,9.07490019787834,4.61723060811604,7.39126375804838,3.48480353668617
31,7.73970307592602,8.33750976682135,7.32560330385291,6.05056064423281,9.93588272052326,6.6048435169614,8.23839336678948,4.07725145706537,6.15227275556789,5.16606994036048
32,2.11882880660944,2.73154661757671,3.92458707275888,2.34939551567309,4.9854564200035,3.35934348560128,3.54637807940837,3.66519708243719,3.94882365462922,9.2266130881541
33,2.29036198699048,2.89384090853834,4.29779226996831,2.47323054008924,5.13509197840203,3.45583171848146,3.65370011443995,3.70466079905663,4.14331844068438,9.23085730982727
34,2.68020153111559,3.23531419787107,4.91035431299378,2.73370225622554,5.48240897407923,3.69748082608527,3.92211063868057,3.77315137029538,4.14225267503485,9.14960784217511
35,3.31284433052432,3.68844699489624,5.63068244251033,3.26681476268539,5.79018380034077,4.27597469077423,4.1257098756436,3.72987003208012,4.23885389873882,9.00602573674318
36,3.96856741153916,4.26084720846916,6.37530786088253,3.59792368925658,6.31691906988978,4.79633150946793,4.51837347782561,3.86034939371225,4.22898329954632,8.84957164029204
37,4.65823115234054,4.89271251830208,7.02117837044767,4.26881114101434,6.80127852672711,5.39379737283975,4.96138802804412,3.96487913247364,4.32753502719268,8.49753036070503
38,5.35045080310417,5.53669618428475,7.60074127440029,4.97253741910999,7.28847738839277,6.02908241298711,5.57119588194762,3.992184817536,4.47204969254374,8.00794404392216
39,5.95804342576721,6.12433036534617,8.12006811605569,5.50143603534186,7.7108819836943,6.5729959576791,6.03602448714473,4.00867901686272,4.44370835544417,7.04914309091392
40,6.42219169754344,6.56936592069467,8.43039526867881,5.97639116035864,7.99462366243945,7.04858943670332,6.42885282606058,3.84882294519017,4.62630308626218,5.39077300514905
41,6.6366252081277,6.75841914877482,8.45233650699159,6.18182059774526,7.98794177766629,7.30801253622221,6.4992634273599,3.4199355181186,4.33606198129188,3.3813928283082
42,6.62581382943414,7.54551972144052,8.06481389186903,6.26639616243106,4.2187733440641,7.61476620247593,7.49165231328836,2.82203507431767,4.33782968899642,4.25976588906959
43,7.10059093994446,8.25628592695097,8.32448483540586,5.97611096993831,5.78361193914635,7.87204724868879,9.18168958072051,3.14013170947758,4.38162335187038,4.47679280853743
44,4.04025935722952,5.00164506068178,6.00586100222967,2.58200871853793,3.07813616514548,5.17436135956105,5.4271063063412,3.56178564954881,3.35985826438602,8.77886543430388
45,6.8602000541547,8.25243747996266,8.20311916772138,6.68159982459288,4.47141507619013,7.72002557797277,7.0776405887607,3.74810893049627,6.00221611092564,2.13179505118552
46,6.75769640114226,7.68911440764619,8.31941022973911,7.03821521045402,4.49478618143246,6.85968287194797,7.83802972907859,2.86410076256339,5.91272026275942,2.44454353250908
47,7.10412599323891,8.03822162444445,7.73185855721209,6.91845301741942,6.49010985992011,6.35035276054978,7.96296577405299,3.53860434224323,5.59618206947054,2.02408871830577
48,7.35738189294339,8.29723505029533,6.57600164145052,6.43128066775287,7.6515169789784,6.02112763480982,8.01613197004036,4.0200577977382,5.18023619818532,1.56480827931381
49,7.22581190868863,7.81800718114276,6.82234140850356,5.50613217007851,7.86932661707912,6.10190528756714,8.21248197932191,3.7777853079509,5.15461554987008,1.40569677547763
50,3.35011086449699,3.70723949458561,4.20364352265844,2.90324060774915,3.53615118967526,3.59579622346878,4.26143138190199,3.48274693697294,4.16674494760056,7.80886460056511
51,5.72281410215555,6.05893168453732,5.19524087081101,6.00744384029837,5.13625142971714,5.57822869354609,5.76010902447837,3.64677108575593,4.56105403442112,7.02129356480155
52,7.51694712068519,7.89704330505654,6.33875157220881,7.91389039050322,6.39657117328321,7.00304252026929,7.22949249189132,3.78773979111318,5.48109280601147,1.92987068838662
53,2.41685228637419,2.88631355209771,4.61466756618862,2.64872206634296,1.77714673369964,3.07504780410489,3.20934631773412,3.31956233475744,4.96011202909374,7.62868372122189
54,3.16103757644164,4.8717782462837,5.36004018536705,4.28012249106882,3.36120802950601,4.74159543049313,4.76670306875604,4.00433095294246,5.47216369745473,7.44966872011133
55,4.94944784575995,7.5034097173879,7.01874907624923,6.6014109709521,5.56089706287081,6.9106401550568,7.3832354028352,5.11729008835819,6.73964884024041,6.62570297164227
56,6.61262418560379,9.16319252211998,8.33073539621041,8.21615487400919,7.12754295987809,8.26414035795457,9.02613060720022,6.04635290106848,7.85926078411473,2.00757562730751
57,8.83198607391347,9.56094524206824,9.57701081851594,7.38367795446345,9.46390422894167,9.29380412988976,9.61779311923787,3.67768295037164,1.79088804880065,2.36544024976296
58,8.1701047549055,9.2936046706195,9.26296414754455,7.44564409994125,9.36544499154114,8.85643353904816,8.81278342031436,3.97700474058045,2.33341284012093,3.16709059349298
59,8.11739375455226,9.19160791532888,8.52152190269151,6.87808452985112,9.76549416849933,8.33785646939,9.86529890212153,4.39386370869354,4.11054636380895,3.22141211899255
60,7.60781082036071,8.19864676933148,9.57230558887806,8.21016019903181,9.04986628636437,8.22572253322797,8.17658637278476,5.28969658755517,5.38860469881488,1.64279668192819
61,7.95994269414725,8.64785328400666,9.5893680495218,7.88599335817477,8.2715465023832,8.10872319239001,9.14644937723967,5.21768468010355,6.18430640699442,1.81930292025928
62,8.03121464504786,8.97454600225014,9.12570601985517,8.14159212569401,8.20619760561518,8.54848623666977,9.10709133777475,5.82544983855149,5.96480818506682,2.6703735986937
63,7.90646699190681,8.75605335296843,9.51225529288678,8.68977284356666,8.66967504211471,8.74246500695589,8.33012856862313,5.68441766689436,5.72237103342388,2.29801146000742
64,7.42663919768629,8.35862133372611,9.80215045023143,8.97415761626439,8.87188376639155,8.7783716639419,6.63779917687405,5.42220885407577,5.63558869699491,1.79605013070791
65,5.93410553593113,7.71050818250762,8.15073686639173,7.84985324794687,6.83691345629466,8.08443303227147,6.56941265434118,4.26322353841817,5.00823898653209,0.893518912694338
66,6.17373490553625,7.70642469622317,7.40794968703789,8.61554675729603,6.42696381992645,8.11096683173969,5.81159612770406,3.5995425880232,6.19985229143859,1.95590538201075
67,5.77450290696053,7.75185207253636,7.96522816347392,9.17016479532499,7.3046282167011,7.91606899293317,6.88891988270179,4.90286173740065,7.61343519936206,1.95861125485658
68,5.21165781552187,7.41406851952149,6.87788812108035,8.69805797667823,7.27297906166064,7.28900173495963,6.12047593535221,5.00231005983968,7.21039930808022,1.20728449798379
69,4.6564981421393,6.75176419854682,6.47236741450097,7.80405612222833,5.84595795405383,6.71142453320914,5.69829593576573,3.34072325702439,5.70542381238778,2.03268544223288
70,6.58475257538572,7.85445674060785,7.40184749806667,8.79544722296669,8.33919699110063,8.1696318470967,5.68730792142719,3.74425030687686,7.6206425461297,1.85682899990347
71,6.10193065105193,7.39162418377466,6.65536857013895,8.17237370602269,7.94094392876213,7.82443740000784,6.48433511546579,3.70066602147018,6.39092593571663,0.761072344750626
72,0.005,1.76561201639867,1.87547894960466,4.11860428933706,3.80413736519831,4.45973770142195,3.48435300923801,3.65118105584772,5.47861183448311,8.58679680384236
73,7.32736179064532,8.31213633489732,7.01045968247731,8.88465420682128,8.46387101721957,8.6025643927283,7.99187585483443,4.40786467641276,8.02526147977811,1.40549432019419
74,7.49768131002321,8.23694094127423,6.97770937212965,8.82625811040663,8.30448402632331,8.5289934587627,7.89953435752374,4.17169815771687,7.67141817160989,1.40876391090748
75,7.58845723731057,8.15897078808434,6.71604632225162,8.77336931919319,7.98660723055836,8.26176191563453,7.4112316860667,4.20498749417235,7.29706108860158,1.36885374548305
76,7.6552191563101,8.09329094778749,6.65195681826173,8.6582590317796,7.72407340802186,8.21289897361841,7.1576694098238,4.05007401546266,6.88777079473636,1.34923011732448
77,7.73489833904464,8.05823141961179,6.55341226872878,8.63385609746918,7.39649936240481,7.95031493428563,6.94147883753896,4.07812906439018,6.99645109706075,1.34028606476302
78,7.78554828639802,8.00288755193935,6.52656268483381,8.51579621142388,7.19717803715587,7.62824885964127,6.6397550340224,4.02186702319025,6.66268569693672,1.31630801038165
79,7.7653667072287,7.89529589056504,6.40612887322301,8.4170963015615,6.86879490834636,7.43871182345012,6.3659806970231,3.95737848725638,6.56994110293997,1.26225681584063
80,5.86104190670084,6.84381041223082,6.56456928669111,6.87288823681099,6.07381204710661,6.2716052918928,6.04225103449806,5.32971830045824,8.0634453377216,7.16196649249201
81,7.66355760047196,8.93060739762409,7.80137271462221,9.23008806398197,7.67837457624804,7.73738710753178,7.98404343542209,6.03807080680673,8.05650102629921,1.67292036899666
82,7.22824675232572,8.76765214630923,8.07988874018121,7.64487245066432,6.91255469909334,7.07895642835326,8.07403561822658,5.49470453435747,8.56421739284972,1.65621639919137
83,7.56251580174608,9.28581726352553,7.53831553413598,8.137244604492,6.79945238795675,7.25238274816692,8.74413456281254,4.36776680107024,8.59673858618933,1.79412212747456
84,4.15944801324647,6.11850496962416,3.95398265744903,7.11861178492679,3.94143548179265,5.56800567414232,6.57282744302216,3.79489825998918,6.50943909008256,9.52162582080035
85,5.58908877289464,6.99912776721423,6.18996459184031,7.07367933291785,5.09918332109013,6.66735788974278,7.0102489843444,3.83702904864923,7.80344147864078,8.81465315396499
86,7.09560044819123,8.15484334432211,7.65949243422846,6.87159073679131,6.58005855282062,7.6175868985626,7.76037270996803,3.81535604261752,9.37420583076812,3.0319332474014
87,7.77117991580458,8.84432315895142,6.10029618516699,6.68489585588054,7.58256010607192,7.5356622701193,8.58647186037819,3.39648479996081,7.67800421375801,3.93870722942027
88,7.61927757857296,8.37582195911259,5.63807941998528,7.68293824092856,7.53044906856292,7.26860468501509,7.49857149954492,4.20594397504612,8.63732364344133,1.5361013915684
89,7.49841204213265,8.18864889651786,5.78378206867303,7.1869121677086,7.7020336890764,7.39609776810212,7.75910354212913,4.1705481844625,7.48284696803561,1.25323955192034
90,7.38019621174268,8.85606501971266,7.29255974565391,7.99327819618244,8.34606957285752,7.45957776841593,7.83979366973248,3.77299763803759,7.72072702935069,1.5074529230619
91,7.38264278427357,8.30016398476034,7.18353734668269,8.45841219355527,8.17587935169391,7.09443244368554,7.68560581632706,3.7150113161174,7.8779336734643,1.33243149747373
92,7.91258376088535,8.4406532272837,7.84971633283505,9.34316302891797,8.03027282118462,7.76657778758283,8.01646094809263,3.27420661426535,7.31138741058901,1.58825973936324
93,7.87124617206396,8.36696693829756,8.31480384286187,8.91140083488881,7.23385921846296,7.7706227696264,7.90600858425224,4.1162469021839,6.67295885870521,2.27171141207727
94,6.20507538255026,6.74530402826424,7.33608511216325,7.22721568090935,5.31732191323971,7.00998351778863,6.00484124392432,4.15431600211823,7.0913014691792,6.1104328685611
95,4.64978478444076,5.41646204503323,6.49668165529264,6.12022895315911,4.11803520362611,6.39429860531668,4.59164608580005,4.0782593043746,7.48832659005991,6.64934428464062
96,6.59889367146827,7.63183502161335,8.03157136611565,7.79651576042475,6.82844717057013,7.39476239473347,6.12001584822182,4.52806992575266,8.48993814650064,0.989079741637276
97,4.94258887410567,5.9731893103327,6.63159697360363,6.22729573777259,5.01791321461677,6.19856199351464,5.84264256301775,4.31170131987209,8.73417203944227,4.49621685505001
98,6.65304248254103,7.24457733900129,6.97324814592658,6.96922740301461,8.19185653685959,6.40568487658303,5.8795322600101,4.11081474958536,7.37407844286846,2.77399448030415
99,7.15028657087487,7.63628175382464,6.78191878557258,7.58379690259912,7.48785034209703,6.40247442516456,8.18859768924073,2.84973934069842,6.55335178769979,1.44557672463091
100,3.82892236755267,5.26171606589867,3.15589391111069,3.3549323719763,1.84336651576792,3.65203359788411,3.20452021549884,0.226064787961257,0.005,0.005
101,6.48997716777685,7.1788111134674,5.80625344966337,7.32513481395122,6.28582026426665,6.07391624248807,6.51331930382452,2.78032867855125,4.97806115522774,0.802387657760419
102,6.44698211895049,6.96022534662863,6.03869461271175,7.87690038150733,5.4147156592214,6.57241037425138,6.16758545557826,1.83428732082193,6.39811020043929,0.584229893192969
103,7.4170091796986,7.65754763537961,7.55554704999078,8.52695897406814,5.59448995977309,7.89073944199929,6.54269124833571,4.26704229196834,7.60217374784874,1.17360320250228
104,7.53053475320077,8.18611961233249,7.18052989176658,8.26104281488818,7.08836434714015,7.66252023744928,7.41362919420369,4.92319764257973,9.02654074610077,2.66968903457457
105,3.02553141137049,3.78216192429355,5.05895487293323,4.86647651151849,3.75854803107414,4.68718749650671,3.6512091383476,4.63553858430872,7.22327782832753,7.77819515133572
106,3.18303269152535,3.94520167037411,5.14957796472457,4.87084168034898,4.11165300634471,4.74942064650106,3.78080747323945,4.60336360404551,7.15603629003696,7.76544901956646
107,3.68937567756545,4.31356526632124,5.38379800406271,5.29371231586043,5.06521104231775,4.9759238479624,4.04443728528591,4.46818956863107,7.10860953222985,7.6608686831357
108,4.29529807627129,4.81170730922878,5.69008916290674,5.64699618112262,6.07623394109212,5.40408878695786,4.59159038310219,4.38322048400096,7.09039676632043,7.43328057662618
109,5.08475455754228,5.50059350452019,6.01025784881806,6.27449213059401,7.02675966042444,6.14674436452389,5.20682901894901,4.19074519136292,6.99134962612288,7.02715982052234
110,5.67273023520366,6.13214330509753,6.39351563877818,6.83268726863133,7.77664846159043,6.71124188238381,5.86788927593689,3.73101203202848,6.81982218895051,6.23318232422723
111,6.25339572080894,6.6584712109403,6.70677633626684,7.50616696686432,8.36840531036931,7.26924533039133,6.51849478827369,3.21277802433612,6.7855383811468,4.45027176566111
112,6.32509436555157,6.84603553116716,6.73681014511205,7.71628061621455,8.53258822648635,7.59417149719713,6.75209617150744,3.20965220085332,6.46739097407448,1.70502392659244
113,6.35363274519679,7.65654272544691,6.71345019448374,9.12709200214528,8.44122596563705,8.08645293053574,7.57065572486809,4.88917648033742,7.27697559098566,3.2812461575816
114,6.44366372139912,7.86549828947925,6.60774767344441,9.46996689738445,7.66511825514282,8.09847078256375,7.88021777904589,4.93378267010042,8.17328553073024,2.51093392639583
115,6.70977728223667,7.60961439074686,6.62010805286013,9.80112102365186,8.18172164604243,8.07044027094273,6.88181325546174,4.53919661318225,8.9700049183399,1.35032387295373
116,6.65750228642957,7.78097165481713,6.43832154982927,9.3487616488371,8.03748803044937,7.89977458824854,7.20919456688957,5.60333756167723,9.55327407304826,2.21910869202525
117,6.58262032760729,7.97711439582771,6.13142237332399,8.33572393977364,7.7619839001202,7.65299264424639,7.5807269563366,6.25148663585066,9.94108847755898,2.63408367721199
118,7.60760005376982,7.87352140930715,6.30607195154277,8.05768150301904,8.79383657500311,7.23236546213631,6.55230337149336,4.36682574437165,7.59818302848333,1.25724157195534
119,7.65363169600292,8.14426830047362,7.15356959693383,7.88750153936379,8.36545762711019,6.98789970468737,7.20818438875313,5.26431122779765,7.66342336453396,1.35715951961937
120,7.57796663010125,8.33439995259337,7.53855749001785,7.74075067817871,7.55426755052975,7.07551621584626,7.76193390275488,6.12570669716272,7.92424090753931,1.40549432019419
121,7.04653194077903,8.22247633223162,7.91056582470932,7.94068410124533,6.24808125287581,7.49737222282584,7.5832637167743,6.61339166942619,8.3612846986966,1.27941539619018
122,6.4696723235092,7.87643699337639,7.23091704831625,8.6966431030168,6.28568799307989,7.52825370717863,7.85063035879316,6.91910358313982,9.04064985266609,1.65201568638722
123,6.46148820255749,7.96002589296631,7.75424065463953,8.73786685434865,6.18367268952763,8.16128285657804,5.27808053681584,6.51764705206371,8.98433201861948,1.30107710383893
124,6.26583196893035,8.11761370343215,7.39942557860405,8.71866545871129,7.83081467118993,8.07251426228085,7.25375468508187,6.1794670122744,7.6548897468533,1.61795898669274
125,6.41259376835948,7.80543877476362,7.94091806924159,7.60176470332653,8.42511538606807,7.54789033191486,6.94846132995388,5.74264747053886,6.58018459575719,1.03223033818722
126,5.85851717395406,6.40662930969565,7.3299366397815,7.30922029620037,7.96082973916727,7.01877953486452,5.15759391699749,4.48838491776151,6.80146033707645,0.833424471751251
127,7.49587710042979,7.80873988999785,6.86688461820326,8.97613358798906,7.79070702843887,8.67477836434078,8.5643862038389,5.34534954611706,8.47063930773629,1.33190909306947
128,3.24976336835141,2.86387932418652,4.53128871930247,4.75455238397821,3.38906956032768,5.41472027260266,2.9352482530712,5.05467709988231,6.25816070223912,8.14988690325321
129,6.76866285500492,7.92257031455066,6.19275504895445,8.28136254840343,7.24476865472934,8.13426615422193,8.06224784220548,6.07288067614784,8.2443219997255,2.45829252060605
130,3.26034340297044,4.46547028767065,5.28383375770284,5.31077167031772,3.94349395274647,5.32719496751057,5.04911636054722,6.70627878618619,7.50273133940027,7.73310651082747
131,7.49164218870014,8.09245445876868,7.76295865647899,9.39492705155621,8.07824236574959,8.6228007796606,9.0003744571031,7.1168726239687,9.59140119241411,1.52600098275726
132,7.84276193758161,8.12177634304337,7.57679007600002,8.57210206478105,8.811911656192,8.40290930057375,7.84132443534199,6.5278275648832,7.64358751528696,1.53652005281064
133,7.52683841610013,8.52838743797185,7.99307306493522,8.32430400281186,8.07517986278108,8.60868104961613,7.63779049608859,6.48527574447385,7.20202684606699,1.55241644173636
134,7.71578325582493,8.25968362016114,7.31782555798967,8.45521230602409,9.02622163015348,8.78677892701946,8.4356211773208,5.6818761213344,6.53384865613516,2.03699585182287
135,7.48013842166416,8.28816478803854,7.73722054457064,7.47437915426186,8.12983924859408,8.43748208808387,7.46145318014978,4.07777097230498,6.86340836118939,2.72006565776626
136,7.75078360768559,8.29693066914404,7.75786125703203,6.96439672447204,7.90916349652824,8.54403220669851,7.51073698629311,5.66724219739112,8.0137180927454,2.56576747254193
137,8.00297496958059,8.17842645453845,7.78252433919289,6.55757760018157,7.88654132093024,8.5696693358498,7.67102148389361,6.87181146773931,8.96879605317605,2.48087444698755
138,7.33629901718152,7.43351172195786,7.23181805372062,5.95770235255182,8.27336855387626,8.18195608078544,8.30256040724468,5.88712753588879,8.11899187553565,3.52766645254069
139,7.14040129215892,7.36495712946685,8.11222130880207,6.31813315798487,9.24598571573229,8.11518549946687,8.07282472022057,5.88724585617646,8.17662140288768,1.69576750725979
140,7.15739774353089,7.99300378495623,8.08824603020073,8.07242119863746,9.1554386341971,8.461924844789,7.08170569027207,7.46091621238092,8.923055602979,3.66021010725773
141,6.71716208740837,7.87151059277265,7.95064111893396,8.12085675460578,8.43410628203929,8.44833330914153,7.60279441052497,6.63708430749445,7.73132664724898,1.20834037062074
142,6.53415024081995,7.51790139219124,7.07110432289384,8.7613059784939,7.89224019782843,8.28362667869296,6.63999380380359,6.3248482242991,8.77687053048094,1.59775307898849
143,6.62136195899124,7.50430758069945,7.42157570249699,8.69084874297832,7.89908372866313,8.19066224199072,6.79579427303444,8.14354297515058,9.21805277703483,3.16142172537848
144,6.77415933037602,7.80174420517589,7.03154836669639,8.5505386717275,7.72269474170559,8.15649338790566,7.16698490568087,7.54136643376677,9.18584393103251,1.27488520413708
145,6.23639032522332,7.45045962812675,6.8927948412521,8.61766185241016,8.67154591785038,8.01995244803625,7.21299993889596,6.71829488128629,8.14002605069168,1.14067150818468
146,6.77952727284267,8.49244270028973,5.07464800689288,9.15377225442663,8.6194920037421,8.86677470307748,7.7896153991604,6.52595324232392,6.35396554778873,1.76586688677753
147,6.20630306003262,7.39498609929737,5.8270888372757,8.59897339754334,8.45823491099706,8.4023914591604,6.7889617298641,5.84636415525612,6.9643626929293,0.859969987832621
148,5.32886043113092,6.40735421372475,5.99800604880625,7.36933834494042,7.47073836999837,8.05761566697889,5.54785560226021,5.0190201612654,8.41125205993787,6.81108565702449
149,6.61587357942861,6.94980052727281,7.82463020843809,8.42875415032566,9.80199206493665,8.25580707188188,7.21801837237812,5.56008645460094,8.9018516277166,1.05442874725489
150,6.75883881269654,7.15160792481778,7.58660206753793,9.84034460977189,8.51544059787306,8.28361057636007,7.27022661639916,6.51745370730392,9.86351013600525,1.133917240066
151,3.10601107238176,3.49743762205448,4.95427778024835,5.10149621574806,4.85468672791046,5.71601910388592,3.22372191261133,6.09160805579629,8.33390213907009,7.81924297318712
152,4.87523557036508,6.48763408064616,5.88691461438412,7.65431830882946,7.18499488367319,7.77966280489358,6.16071675333621,5.70394307796932,8.86868719401168,6.33659295234109
153,6.46982213728973,6.92617968315268,6.89390476712802,7.95931209422986,8.35394492565031,8.33967585424731,6.26562116658438,5.94456570280711,9.31125674097898,2.90397213193198
154,2.81505872093632,2.60605732443057,4.73765054410271,1.61126483815898,5.61935117863824,4.30879408085559,2.34484553086637,4.90652346735615,6.52547407107474,8.2178463677722
155,4.07475110774788,3.96036033746381,5.30790129426832,2.77059251790677,5.99979826449272,5.29686764175302,3.5965351865385,5.03448643541117,6.56809964213752,7.97912700996075
156,6.04857669276343,6.13692785321829,6.48225079196392,5.1597468387636,6.86627294188292,6.89864269416188,5.73582260909914,5.56880396156901,7.3137005910755,6.93547293213462
157,7.06147348517867,7.40065854179838,7.20813510021322,6.80918703171127,7.70927059454582,8.0199649435765,6.89158114255506,6.00046464422436,7.78809387862343,1.03002568599567
158,6.72645593122448,7.18484161716223,6.72805122228741,7.98719167209746,8.78602220642432,8.06846134822174,5.09952376370651,5.64134983581555,7.74478450964914,2.19580628946139
159,6.06415949296664,6.41509477395168,7.66434643340316,7.22505300271621,8.18546817164249,6.98319083311261,5.69355977378859,6.36818678844089,8.86807179890922,1.54581021462495
160,6.80744043948801,7.07007782568302,7.16487812710755,8.84961788576398,8.963346773066,7.72127835877776,4.87011028129439,5.50391437833479,7.86377943378366,1.46890803238425
161,7.29217251024685,7.41586322184966,7.22393974876756,8.87456844111727,8.07024478070759,8.05071092837445,4.87222202251249,4.84918474599529,8.47634052061195,5.01406160478364
162,7.16010502926069,7.37471074419971,7.25219518202307,8.66391981992554,8.11248113469726,7.96302126896275,5.72641599634215,6.0133525058811,8.89238691436677,4.41810453237666
163,6.8839684963351,7.31688182266991,7.35191066702252,8.21310702889344,8.20388868880512,8.01293386966712,6.31645474476851,7.04831330596124,9.53380253487547,2.9956872935119
164,6.57331509112124,7.3352707820288,7.47556840742441,7.90907768952614,8.32744121603574,7.94881837658795,6.62190071438041,7.32904936691463,9.75780181778694,1.40079418457002
165,4.36043857359694,5.00077646337596,5.67720646068543,5.20446953264833,6.06055598813921,6.19579869356939,4.18212902805091,5.542872232298,7.08434248550081,9.38780996745126
166,1.66796392111183,1.98311205865155,3.29939822922587,1.35232067214448,0.931531449572465,3.77856083422522,1.72857355109237,1.85179011020994,2.76607455501668,9.97025571842596
167,7.1219880031543,8.30614945596782,7.35496114452148,9.16419670467848,7.91415589225802,8.85572468555595,6.30766300528646,6.58216676539627,7.47501563234304,2.23195431555796
168,7.45573081529725,8.69636075051754,8.23990967517246,9.32803073484605,8.14501034896554,9.05864214289089,6.76626448114176,6.29849205041106,7.42031058446062,2.07787854405245
169,7.64570880259122,8.83254681780157,8.83417240968986,9.26155712849906,8.33662791446373,9.19090760306601,7.15935892924979,5.91017904280268,7.19320983784279,1.78122397687042
170,6.23211973106014,7.29903618982155,7.48545630671923,8.27449378658689,8.54545434168601,8.3924675922163,5.43857432954161,5.45677542946036,8.60167831549521,2.23794775287321
171,7.22674541700337,8.00878288069754,6.9184960085399,8.57293753216669,8.98082796114235,8.44603461068898,6.69945402258471,7.46088547341588,7.68803072659367,3.62348573080493
172,5.62436258702708,6.48225013135093,6.76291659176007,6.55064583840845,7.90818755921032,7.46488060291341,5.56339024769993,7.28040617881698,8.5652140231385,5.33077417262063
173,2.86648103916449,2.71794634357164,1.40194385183646,4.00392658998247,1.09044420874256,4.33743702923666,2.17839828247893,3.68032271786856,3.14643574485053,8.82123264592174
174,1.3727944643649,1.58312775158799,0.729662443057697,2.60837711487628,0.005,2.90559026115661,0.744319184109885,2.23283893015104,2.45564180947367,8.67267257989603
175,6.95709566450072,6.97045120286308,7.55660751360712,7.51127998456992,9.82719970808806,6.81752611948688,6.68686031617464,5.71322187436525,5.58312898926085,0.992096578375234
176,2.49097719844814,2.37205845617732,4.83987880079331,2.87445225752314,5.68749713822491,3.76328947440125,2.46748300329595,5.13768860315635,5.08579541555205,8.6998331659405
177,2.29543505163888,4.89093244064484,4.15907859843665,2.84572679277452,3.51973737500138,3.71003158018227,2.87872046432118,3.34216643889287,4.76359790696846,8.87006643103275
178,4.69217419363334,5.55842194854597,6.21621290108336,5.60297503266686,5.61168080106507,4.96516251715737,5.174681366127,4.61766746173392,5.70746289711,8.31605451409632
179,6.42088099450363,6.73979519223922,7.67511234246484,7.5895235293648,7.50482468581176,6.53254845304565,7.11037320613436,5.76636831565283,7.51446320142186,4.39656621711208
180,6.29535051570502,7.41828630039956,7.87827748952823,7.58712065833011,8.06639603554496,7.49051321408971,6.83194538437631,5.86780308579962,8.91503277158105,1.0248552041981
181,6.05678321022231,6.83941117151925,7.64193945686052,6.3707879670921,7.919237027871,6.7026163921673,5.58628572823928,5.65186036566786,6.90296600471348,5.61328128358365
182,6.40283611359718,7.14136045664213,7.18591421206501,7.69962667883887,8.53229899531702,7.08924836321689,6.94910903347889,8.17820498590951,8.16448403752735,0.956651282633059
183,6.2317376124032,7.43788337795402,6.94677657303327,9.19538292939446,7.96297492269205,7.86724435899798,7.76422900846443,7.59334634550126,8.05773372781459,1.57209457251082
184,6.37464745477521,7.71839917226455,7.09740597838672,9.16090925196249,7.29356673536682,8.29128357285386,7.81485367075324,7.53190168469026,8.66902739018578,1.45548195084363
185,6.58416871355559,7.90042549507151,7.25710529554467,9.02194239642123,6.80422385434932,8.53701763608998,7.88914571746902,7.37584527704838,9.03601612621624,1.19330070091745
186,7.5051341596933,8.24796401987528,6.79458812874099,8.11679188575039,7.68046503089786,8.18086105524603,7.64755347818179,5.73864708157604,8.18072050890538,1.5573447174037
187,7.25701981359225,8.40934850233172,5.92392606227683,7.19502528132511,8.37358559260225,7.39892233842652,7.41849360735668,5.60399224292696,6.80629168806728,1.27941539619018
188,7.00567979636373,8.40655584306519,6.0943944917907,7.97340575560357,7.78613215652469,7.50369025770529,7.85248535838466,6.1352070669273,8.51865467214175,4.02999660542175
189,6.52908722308432,8.18857459322158,6.47297646715135,8.69069671360193,6.72234446667442,7.47047352724203,8.01845414714635,6.24968530399378,9.30463948076066,5.2934993073202
190,7.20897803006297,8.43027275350434,7.96878251017235,8.80686837516604,7.03202724234315,7.96224197897055,7.98295485413331,6.22931073560139,9.01597680286087,4.18156227619404
191,7.83684052065033,8.83229620879689,8.70290118482,8.92748560313357,7.52325281426792,8.53026741154981,7.71322394781794,5.95571313992904,8.04900942774503,1.85954468646008
192,8.19796160039968,9.31665151611809,6.99375624145667,8.8775022011,8.00175076338283,8.67563980581718,8.0152753624234,5.70950195521169,6.83511103441452,2.26838392393724
193,6.76530527381416,7.61428745132147,5.89090698713753,7.82583914840284,7.22768312808157,7.81840636282717,6.95631568578023,7.10605606686151,7.69500990284574,2.00413160218449
194,7.01477322939347,7.55261010319376,5.84772274216656,7.86345774108124,7.53980117448499,7.80153595866615,8.4099684635669,7.57421341751049,7.92649484232216,1.1865059713288
195,7.8738719457775,8.57553398442968,7.92664686718557,8.91051227306891,8.40814043903021,8.10811983731875,7.72671347611647,5.37473949464253,5.73533433132926,1.7199016529802
196,7.08405509045751,7.31563443572615,6.97391758759463,6.94969180408561,7.94439624831948,6.92081191571928,5.56994797400028,5.45220004815327,4.70773750437987,1.01695985936067
197,7.5879675812773,7.6470144221931,6.44156000270203,7.23806695879909,7.03448806444051,7.40572470047604,8.83356906528907,4.89301180693887,5.49025538864047,1.25296641081704
198,6.97695106117996,7.4453427781061,7.28247023967646,7.36328424045581,6.48862466876106,7.26790386244128,8.05762120080325,6.14252884927214,4.30905785114162,1.47315542466879
199,7.69923235452822,8.59575004321621,7.5669090799887,8.27502484895413,6.32340093552128,8.08640035793742,8.5988339815359,7.8655063297499,3.27409194408089,1.58343861826418
200,8.59605624300953,9.3721869426154,8.56941453395688,8.8100976669672,3.51955348327471,8.96282577626353,9.07578732686392,7.73970148531038,4.1653366889037,2.79494351014135
201,8.16661482771323,9.23044150263829,6.20516804216586,8.20609872142867,2.77804272205068,9.27852401402823,9.34387415333503,9.28569311853056,4.25576119538863,2.01838576969507
202,7.40825770876651,8.23225354122112,7.43190752027746,7.57724029114676,2.53160864808625,8.5818764816993,7.81118085191361,7.79183758036794,4.11600632987641,1.38546381272778
203,7.42542201512711,8.49418161372986,9.00993214210039,8.28784661642722,4.23834921722341,8.26674516195135,7.95439520176762,6.18894311921726,3.03781465085241,1.53008433000429
204,8.27992143632606,9.6081269796265,8.02991566643367,8.85688124280552,6.09844619694117,8.94415213532751,7.5003992780307,6.21036914664489,3.59453430492955,2.05411132948278
205,9.23807864219803,9.73185930640678,7.71799527284184,8.24585485321582,7.12894954782684,8.96120781737216,7.50568267567245,6.60020659885389,4.01762839169539,2.37763533297097
206,2.79859474311367,2.85283976382076,4.53103568761233,2.55919266855465,2.70885760178475,4.47000242456741,1.41974219038716,4.7096430970592,1.92942002466606,6.05055558235274
207,4.70248756685048,5.30898653429607,5.63736834859573,4.49462184624791,5.29085760676762,6.43268461833692,4.00335811873057,4.76787303591348,4.25263759057059,5.45583750267313
208,6.55607060607814,7.50888280749268,6.9333036679797,6.63174765131477,6.91494352504272,7.98590335795332,6.8770069769046,4.82773727136176,6.36151088454311,0.857169334791513
209,6.76289057699574,8.00229778327107,6.67845436622369,7.24837378853575,6.74190650723747,8.04437707635533,7.65413103015359,5.17296825125102,5.8222233637712,1.04373886830022
210,7.12370917479764,8.24305936577698,7.79257794579178,7.1407483293794,7.09755770980861,7.61679656521961,8.17504573557953,4.86211999737679,5.75599023083618,1.24575999158062
211,4.30360215682108,4.86547476348076,5.25718141716802,4.90231321303711,4.10369354447489,5.72763865808889,6.17070156119341,4.55218504539678,6.05821663640783,7.44905335613541
212,5.17998971287577,6.06353907020131,5.0974501309497,6.54894982740854,2.8653163401278,6.40389846624652,6.46604114747189,3.8063917454252,6.51262573106784,7.14344092826028
213,7.51240595556899,8.77008407015244,8.51902742464988,7.18257307138185,6.01431114636367,7.33044644890222,8.72066014634834,7.33697740762466,7.90341419905465,1.60584687061703
214,7.22657335621539,7.94805897936562,8.83533785980598,7.98910065113134,6.46206974538034,7.31778195378421,6.88249512827288,6.55067910091243,7.28436252435402,1.50004363970575
215,4.20922273090288,4.76045375086229,5.54460884728988,5.19355272972652,3.41510240521499,5.07178513166913,3.90359959756223,5.87477625808782,5.97927126560795,7.38706164003596
216,7.18856215683719,8.54712869475986,9.03839511474103,8.33360985226456,7.33641060468975,7.61364436870925,7.94183616314246,7.10902253028486,5.8138623044438,1.80357387300934
217,6.7405178003358,7.2750681694504,8.92947589062801,7.75331176652552,6.14344110645801,7.17744356611117,6.3392652928605,6.56684036909076,5.75318818754454,1.03620562393251
218,8.06783056357592,8.40666921743643,8.83510369547929,8.68778819264788,6.2327743391107,7.94074039212101,7.17231163290147,5.73716395526112,5.86892910734807,2.09165089625773
219,3.70966357959978,3.53954706200845,6.25452286819865,4.98557565836411,3.20307446256969,5.04680513037371,4.53310973912792,5.56444600864086,4.28037739248568,7.88737892561566
220,5.46717266181576,5.52380985516423,6.30885016046937,6.4048615386125,4.20837476347546,6.21441095261184,6.04369073164714,5.60106872653255,5.0029369564892,7.5030233121001
221,8.1131269378975,8.38249949204576,7.00731001515438,9.06329776983484,6.20548362489754,8.22192679035147,8.84195997817472,6.10628786386893,6.3832341154625,1.60158572353053
222,7.77785417706459,8.09797888536278,7.80362423852292,7.82066904671165,5.23813266199479,8.50327994050557,7.71179545444583,6.10966050000023,8.30955854459879,1.72018580905265
223,8.33360313276594,8.49256420045425,7.49662378463534,7.4771435555473,5.08020070959476,8.48398279397217,7.59175134467565,6.02256686871613,7.59189829783939,1.86772803128975
224,4.46886538013127,5.12863926033743,5.90960718680456,4.60204532763045,4.36704935828982,6.29420789098839,4.28727426018424,5.99714269226958,8.0390357064175,3.01568878014947
225,6.61262267655026,7.3613522160671,7.48903220663484,7.08008815085578,6.40001141649368,7.81470726047302,6.60749636195702,6.77568968243314,8.14618415062054,1.1967872808087
226,7.03233205558649,7.92540622404613,7.90836934465348,8.42634983764424,6.75806519027921,8.29020142499697,7.49987033664655,6.88738069563306,8.4384627407805,1.69259686634154
227,7.9359715208884,8.65706415187013,9.48210312835145,8.257970494702,7.60403756714352,8.58575680918812,7.56695044176758,6.45255992666713,7.67993980625364,2.00596632766009
228,3.49534172426285,3.70652239209606,5.80399371493046,3.80805670051505,3.57538818459898,4.9222358972749,3.06435755442766,5.17900327046707,5.73547376602387,8.96976417397632
229,7.4423651681288,8.51586247838193,9.9119315007296,8.0938170161581,8.83367558183744,8.02273188590107,7.34040386300819,7.29425495542382,8.56678774276457,2.1268933531089
230,7.48043889281437,8.46414560194656,9.57056386557528,8.06268269011595,8.25862932745257,7.99416085129082,8.09413863787666,7.13985894764544,8.83621691517737,1.79669326398242
231,7.51307396493781,8.37030062508738,9.08005589647519,7.98882411866991,7.18885031889135,8.10401981224699,8.67490508075417,6.94583255404458,8.91406869545614,1.60462835612197
232,6.70377379065145,7.93400493412689,9.01569953597281,8.02863199814589,6.88021237674721,8.43597086090817,7.25187299416832,5.69638969429691,7.90915564144352,1.26728626650226
233,7.05791776794042,8.21736250349505,9.49925278657881,7.70828298289524,8.05973184411718,8.56199238431448,7.34092542820494,5.52272868694857,6.35007161879972,1.48624552375691
234,7.00488174425731,8.23866349829244,8.31653963121212,7.83537105710438,6.83824529830523,9.3780357622306,6.04437324921316,7.74110486656182,6.0991001582555,1.43237385203467
235,6.83553626795341,8.14269073212533,6.43823299191962,7.634805453236,4.88528954661675,9.58865568062237,4.87747154553887,8.37171022213818,6.47414272310036,1.31630801038165
236,7.71617267339753,8.76479377358938,8.42105874562564,8.15147001470965,6.76436091950168,9.12626660964014,8.82320689687397,7.15179179351432,7.9554331090117,2.38675330135127
237,7.35132926293975,8.31194673460239,9.11396425045483,7.85862099730254,8.38339249995786,8.72876996716894,8.19405101891821,6.49389282620874,7.16257997720304,2.21945471999149
238,7.95942583890165,8.60610290098659,8.71372908728693,8.34648337108372,7.84535364256909,8.34201753613288,8.29134270426066,6.44688993228991,6.70691441854197,1.99674636304351
239,6.26268046031027,7.97279128495468,7.74034674647063,6.13290331477148,6.99244318629578,7.51077573486596,8.7203677974618,6.32522358084202,7.39649552782293,2.29009038449481
240,7.97606253348117,8.56855320733171,9.62926656225392,6.93508049253384,6.96137088865708,8.55849283247782,8.87176361037544,3.98713344716556,7.01216314062434,1.78526501926166
241,7.89549706786428,9.16369807494688,8.61453892154422,6.83874514336815,7.48944519450912,8.29312077850269,9.07164175217042,5.91794390909936,6.95171640079286,1.83033432478263
242,7.51064848253024,8.80804053765474,8.46685368356051,7.2038377649246,8.11201897156766,7.93369106078569,8.63848333836979,6.95185263519662,7.32266441766564,1.64093081392809
243,7.00430816051034,8.30653331241018,8.5037718358247,7.87929119863416,8.64074324530676,7.60830568002997,7.91957110670168,7.18529675807533,7.59653365871359,1.41203953374181
244,6.64002590636031,8.18223321463591,9.28290348423309,8.3509996163833,9.23513404879179,7.82749585892343,6.94792055655773,5.1566395338677,6.05380675877613,1.38062550622855
245,6.84335601639144,8.6946747929742,8.70995387745383,8.12232681156753,8.63791080855267,7.84516612496626,8.71238720977163,5.50032275504407,6.01411021808019,3.391854901853
246,7.80998426272614,9.06142080899829,8.45056391709123,8.1833338038261,8.70727388531482,8.48325782372935,8.7773339257899,5.17397420924956,6.64151390455828,3.21491276213254
247,7.38051061642881,8.83911787134742,8.94486573325784,7.82278916386407,8.53056071108116,8.26198863104585,8.42493549229169,5.27348724114912,7.60241266437795,2.38245975954007
248,2.90711767552965,4.25982480723107,5.3034298184776,3.41154512924792,3.76497364240334,5.03471302616555,3.12134922602398,4.84783154902706,4.67363863877429,8.44894302014436
249,6.44977111426471,7.81767897322621,6.99578606650909,7.15408540893761,6.73320259016194,7.70882005551035,6.31313656214564,4.56733524346304,6.08069782752918,2.02250573650688
250,7.09816847992891,8.4074909244242,7.99333532899319,8.31450672372211,7.5126777541242,8.64171168307477,7.68320099592582,6.02400902470315,7.3262716136297,1.40168739204822
251,7.37815523617508,8.75172614029073,8.95198825420999,8.30392534942698,7.97353975124938,8.54753924142212,8.66590133992423,7.30380310403462,7.47084191752471,1.9663642879771
252,7.9182333722173,9.26379896370945,8.94328522351476,8.63967522167424,7.65014401494723,8.55959988621485,7.68036755967604,7.62104934821973,6.40908266710495,1.95717380738203
253,7.36465650136609,8.8414632576698,8.95382526557412,7.16249249240551,6.6003716383959,8.10770105579381,7.12647798363333,6.14346047007187,7.87926042130853,2.04513189756932
254,6.03645488444221,6.93850835316182,7.37291394905902,5.75119247449889,4.6499640305601,6.4773873554749,5.52636939203654,4.46102831542616,5.42294776655275,4.06640020301932
255,4.81855023248433,5.14151329353777,5.41224514308747,4.99145748269023,2.24613976743218,5.10305037466661,4.56605940204722,3.19117480449863,3.50589723432924,4.37661420081367
256,4.15653130783081,7.37704861226523,4.70906593033814,6.46775481359408,3.29515646450273,6.58209123089253,7.01889242891887,6.89459177133769,6.21430902711911,0.334558053489909
257,6.7200681380426,8.64966450433405,7.09879357963794,7.08721966498737,5.39842691421495,7.86243552540175,6.4927672597624,4.97576970558732,7.61891863862166,2.30095955236384
258,7.10880993156343,9.24970157374155,8.31250313389489,6.48576356204155,4.95473831094521,8.41435432258755,8.38965237307584,6.26239220669389,7.63851782342564,1.64466451284179
259,7.33679674067022,8.5889732477042,8.98070887209559,7.66431337992373,7.33327061691128,8.20139622664067,6.93259994277576,6.18276885835136,6.54218034430282,1.64098302616758
260,7.57983868794709,7.60616431527203,9.27830280119785,8.9774294028046,7.55787089890081,8.7689895354489,6.25980999829818,1.80140233735048,6.33430095697321,1.44568930538122
261,8.15201425153698,8.23771726939491,9.10944486019794,8.45586513037628,6.93303534715757,8.67367926267369,7.64235560224772,2.01628724155973,6.25844272419556,1.96764660637455
262,8.54154801210415,9.17610387817122,8.80392439624383,7.46697670311146,5.47898623369193,8.30998051091397,8.72969290125114,2.26789606004673,6.13251904129889,2.08522275938548
263,7.38466695749849,9.14485031174616,9.04773487354736,7.04209224416596,6.45420109277953,7.37998368808769,7.8723011954235,1.98689831703268,4.65744324368225,2.61990702831346
264,7.45530121702712,9.31417444336303,8.14726594054262,7.108228913758,7.82326038645717,8.03720289356871,8.77141386442864,2.02676431995039,4.28279431598059,2.77681302300984
265,6.82184915588766,9.09819743753506,7.92842734995776,7.31075597139681,7.39140375740287,7.61886633236648,8.88491385712792,4.73269619149735,4.90550937000697,2.19850144410176
266,5.89643989574788,8.75154064333064,7.89250477750652,7.60980605929184,6.41096405458688,7.09257407163054,8.70725531553939,5.65251102030962,5.73019833408943,1.54877200397145
267,6.00208797592058,8.73818059538506,8.22126062492383,7.79501927443801,5.7618008787127,7.17948132242281,8.42644765687251,5.31970166343124,5.88215034840521,2.06352737592733
268,6.30611041975583,8.69407446900024,8.51891230126252,7.81491039545911,5.32926324153974,7.38968719457792,7.9085502114087,4.7193680822353,6.59099026335122,2.44837929679368
269,6.7934954568858,8.49451325019752,8.85698648436677,7.87499204229889,7.36717200587036,7.91092719025064,7.22707811698886,4.28625241608927,7.00791012486258,2.01733475506651
270,5.29566545652301,7.33479606390523,8.53367270693702,6.89249524517144,5.98909448822105,7.06289625705735,6.66818432852823,3.81677915999821,9.45778288150996,1.08594764646314
271,2.9027930954486,6.40284047160946,8.15760843700276,5.98590108671816,3.83930348219244,5.96537663938099,6.09412426036163,3.55945137592386,10,0.374645422352118
272,6.33681146975098,7.93266506064159,9.09662187205013,8.14631355851268,7.3380445036752,8.34330052459597,7.0802788864657,5.80026153205365,7.43175635324506,1.21321918005978
273,6.67738248904179,8.08997127880325,8.81522425585037,8.33164779048353,8.03310329787685,8.29907587610553,8.58361516503059,4.01912309454771,7.03091263132281,1.29213863974163
274,6.72837067762284,8.14680258334034,8.63054713133053,8.2310484521416,7.91298871747521,8.26842220112159,8.62408710950836,4.26717283462669,7.38382105721024,1.56482355254131
275,6.55345368639385,8.09482290282813,7.9643252367887,7.89903012309163,7.48949447829749,8.05295199417301,8.5686815596132,4.0202000160227,7.42649942240023,2.47046837541361
276,3.63901437896411,5.67702197264025,5.90876818726658,5.50938792993486,4.16924438865531,5.81139590510592,4.2596015080301,3.69932858299534,6.92269939223422,6.33960866283746
277,2.89698471176415,5.95486829052008,5.59513120482858,5.25466684936301,3.2096833552973,5.46648165859301,4.01223702069094,3.48076452438245,6.49001895424434,6.22640405107432
278,2.48000470663072,6.47111198669439,5.44084782377567,5.38647446812244,1.67548192981722,5.567258987804,4.20749394181106,3.18406360984331,5.46123677050184,5.94586755017901
279,2.4355689260508,6.81846919400782,5.52023881631356,5.45114663648969,1.0105053509397,5.72662725590794,4.44219433562674,2.96673350132596,4.67639304737249,5.65675679882937
280,5.13878918454545,7.97730025002462,6.39018140738188,6.49056906981861,4.38170922116706,6.94402850637866,4.50850227498525,4.28529596042798,5.37431224234845,5.02738069349289
281,7.25503893879453,9.41775628664987,7.51985887461427,7.79643486706852,6.35684995708444,8.17226129615835,4.72265394788174,5.80463253032624,7.27931735741901,1.93712372220088
282,7.56688819367754,9.33591314024983,7.5483758647546,7.81372000981686,6.37939918584569,8.22726576716847,4.94385911953798,5.90939762798521,7.30416909179276,1.79937717279184
283,7.72686459930631,8.99689240119124,7.53993740811122,7.82224842941756,6.33142380652311,8.26799224425529,5.36741220271249,5.92654477572242,7.34129900043219,1.6346924342454
284,7.82752516407175,8.54022777733959,7.55307683791968,7.87886671819454,6.25604203142212,8.33560964695959,5.8694450652672,5.92212180565664,7.42864863846856,1.53305567996272
285,7.85170495462489,8.02166044167692,7.56198710835845,7.94499667215661,6.18548729158144,8.40450314492453,6.25039994907637,5.89537123807835,7.48700253295431,1.41595842280492
286,7.75952705280835,7.56625196055434,7.53159699241445,7.95895449256607,6.07871105099521,8.43246810239683,6.44010366326791,5.80959419480826,7.43702806815446,1.28703839605038
287,6.96865786634707,7.04718507539949,7.22891653063992,7.66778062260003,5.38092364582373,8.15026195486771,6.11610004623916,5.40044024696111,7.14302949201563,5.14947125384946
288,6.17223057118553,6.19701457720003,6.56786440633436,6.9272003049622,4.80416324282412,7.63358133851267,5.49571862563,5.36047298896403,6.58471808923115,7.42871208863093
289,4.35348061877689,4.64421978331751,5.49544953876737,5.87995664125187,3.65077824186391,6.4429194242648,5.01720251835397,5.31391372644019,5.71645838745711,8.47490203703346
290,2.73966959340226,3.59393435075956,4.83271674650466,5.2134486379624,2.67479615354169,5.76223256445766,4.53831884980207,5.32455100865114,5.25027823172974,8.7600314592695
291,4.3271245961164,5.21444568769058,5.98409230028247,5.90853332813205,3.30739023135382,6.88653945419907,5.36367042033484,5.19385670675282,5.81795916008155,8.33493300392159
292,6.12542186693681,6.32759427792857,7.69070502263736,6.90922378214611,5.0111791134213,7.95820341510638,6.71012062659206,4.96906043565006,6.71162780511296,7.23596555078348
293,7.26165122296753,7.22407382545494,8.88793072307567,7.77551947475023,6.50688216972173,8.66206596062792,7.73202057341061,4.57483724473386,7.39151416326574,1.48632644219294
294,7.58693250308634,7.51536792421492,9.32366035549629,8.34061458814444,7.2913484066672,8.71194992036952,7.97612808042156,4.64830058179523,7.34103755516987,1.44513249650283
295,8.38234005443222,9.10138208226611,8.42150719508112,9.02835438818945,5.54882389921532,9.45735754468646,7.40502705222268,5.09458427593017,7.08785225016006,1.98110475544415
296,8.02933260921221,9.113135325102,7.38566772565149,9.28118287560175,4.70185877428609,9.73044608846075,8.04566131057839,4.9953273925075,7.23993190510379,1.86525597230219
297,6.74898892379964,7.99821028416744,8.61916464613471,8.24169229268507,6.35260383499873,8.63699162010764,7.95977664509462,4.08763279455538,6.67854089234872,1.23188189347837
298,7.17893787974445,8.23613916931188,8.17068352937555,9.09496700807171,5.52382338982179,8.97078331086581,7.88022425807156,4.79911508759196,7.58118805563415,1.3957215196331
299,7.61582534591613,8.57842917672367,7.58508722118704,10,4.05713646681166,9.49600178936551,8.22092899329028,5.59956235533828,8.56156364011802,1.83182253510328
300,4.81028406301045,4.98776463372655,7.58908897002486,2.73162339553521,5.05182190862183,6.32345749648168,4.31424581867863,4.61208179937077,7.65090399449086,5.36987201391336
301,7.53858825828045,7.64083195595639,9.81210421246016,4.21680175271212,6.24750480618735,8.18025372884663,6.59137766751447,3.32632540270925,6.30047687491691,1.42300212907511
302,8.11892887394029,7.69628920035115,9.60168063993351,6.61650185388449,5.41427639557588,8.64793600334462,7.43947370490646,3.72058278123482,8.17257583188077,1.891686627097
303,6.88623903306805,6.56129110794706,8.06940023775927,5.46101680282612,4.29081390270755,7.91978341314612,7.25159969815099,4.6797951818556,8.04522527791956,3.08058547532312
304,6.80406497088542,6.719150764852,8.09250042705265,7.13730784635618,4.16117972230432,8.14035578740817,7.16508348508011,5.08293787785192,8.66560513081532,2.81070757269369
305,6.77631538286309,6.98915491509759,8.17768945615858,8.54504526953831,4.59554515804192,8.43480378885859,7.38013933342653,5.4824937174376,9.13780491249237,1.83729910394552
306,6.80848329460948,7.18515553939715,8.24369105176327,9.21389300264758,5.11253249439024,8.57297527946416,7.39542424556024,5.59981053076323,9.42179700621409,1.09418500641113
307,7.64546180306887,8.16604151003935,9.49323051431579,8.64370463045005,6.41934328745488,8.62778318307242,7.83438730844157,5.24046404262309,8.12881138725537,1.71375209881455
308,7.83430577537922,8.35427281388466,7.88960162199671,9.22193621440227,7.12758544369419,8.96388053310575,7.39587997697411,3.99987164734963,4.97119143651829,1.56368872377663
309,7.92843381917382,8.42406604730018,8.90407803006714,8.43304466140486,7.20384098610917,8.86660595488451,8.91111374209215,4.32284450617134,6.28178112704538,1.78387465388858
310,5.76485009298128,5.99209062707886,7.0108368297351,5.4921564154468,5.43445307671123,6.98341935455913,6.22900670758338,3.50883173580673,4.84454377354748,7.11726732277588
311,3.55355001502112,2.86426698594648,4.74081326985362,2.06499801102342,3.3571148351253,4.78964434330518,2.75480531910956,2.83342720334043,3.74331913830098,7.59295127025282
312,5.67966320310011,5.34550217285074,5.91134927938332,6.23657296735157,4.41896948597118,6.29944505226968,5.58741705191838,4.32644602084441,6.20605141874731,7.01329612792341
313,7.50421750566307,7.36901033280921,7.74756286382249,8.64164243826723,5.7156056480746,7.92301584331209,7.90665979040468,5.66243051288748,8.40744233067393,1.55361620415944
314,7.3114924370674,7.01485848689866,10,8.39761987907998,5.63344770081451,8.53421509961166,7.31329846327803,5.48571429068095,8.74708613985053,1.40876391090748
315,6.64612057385207,6.30968405266258,9.6283440857219,8.72096157875921,5.2967956931607,8.92634148390672,5.33969684624146,5.81479237345908,9.73977502217562,1.71218902318736
316,7.52490693042224,7.60322560521335,9.12982794121736,9.28919529881776,6.17401455136279,9.38536829721836,6.36555781311215,5.61764457109141,8.31799925292184,1.48795563724932
317,7.20205070307795,6.46625727170598,9.10905169915208,7.92401516374582,6.68764041187339,8.60936213818147,6.87196873923514,4.66925784412616,7.25213870257432,1.10426474109257
318,5.13578815033864,4.61882237905971,6.82993237975254,6.05940778271224,4.52370688029066,7.31887520167153,4.76777169889499,4.64073594172457,7.46189210607623,4.51234332521259
319,3.70090804908664,2.51603909821269,5.95828140300058,4.42030617009585,2.98669311250545,5.57889178284243,3.57794094408221,4.47151657859125,7.38576338571908,6.26802642153601
320,7.18801698784136,7.30047240736587,8.88388211770647,8.73731864563317,5.20495879146515,8.65666651568092,7.41550806548623,5.51566001890641,8.39355586901744,1.5144257688359
321,6.82972918790048,7.0496331383479,7.99765984396062,7.53395452297745,4.77379227136537,8.25147635663902,5.54225011995427,5.39728076764535,8.52821678487017,1.77189754364372
322,7.04633306343351,6.68417252002052,7.50915466087064,7.29051424901598,3.19745629544249,8.28512475665054,5.91331321215119,5.45131377296018,8.36006819054402,4.27864186019671
323,7.91756417122447,7.82477597731422,6.52189538617025,9.10948277089358,3.41860940511001,9.57093870553848,7.82465578132163,5.38832522774752,7.83991172057523,1.46416265197699
324,9.04502207848834,8.7587831037958,7.61863891021354,9.59689998004396,3.50096445291979,10,5.16177203172765,5.98212179217049,8.06229111948116,2.12943039316631
325,7.95081475562895,8.34636016641919,7.24574381182235,9.35827643883809,3.68157739756975,9.7579577246509,9.05027571644595,6.56596841598351,7.4413843033529,1.67545389944339
326,7.99994010665879,8.19374949211739,7.81582725847082,8.60270745897167,6.30735611249529,9.48694863237028,7.80927661760885,5.86000976771805,6.14347565400949,1.6076762117932
327,6.50082447067682,6.09195743382943,6.61601170331128,7.04028604859118,2.57007392752215,8.26431656393345,6.74659908326212,5.38762292238864,6.01597860169202,4.47813732159481
328,7.08675944055166,7.6047997839431,7.74924707985592,7.98853525093947,4.20860651205737,8.66698458271819,6.589609778679,6.11013449858064,6.72784543066311,1.4771869713177
329,4.98383836525181,5.28646769938917,6.02017565584425,5.92748543850173,2.43332141997752,6.94999349336435,3.96017360555081,5.21036960025144,4.65630681860531,6.61374954361365
330,3.07874226809943,3.02396838559611,4.38675023497664,3.85170397199831,0.303604329176388,5.66514559618751,2.48310768569478,4.60145359675662,3.31675902438365,7.08249166396196
331,6.49043268022574,6.8343034330473,7.57210152039653,7.81716609261714,1.56863212763215,8.82271094399794,5.43587262953661,7.10333658157741,6.62532081444212,1.27219787008084
332,6.93220759627716,6.91273959270993,7.72586075626268,8.0057099939817,2.89413474426432,8.74617513444531,5.74068981631105,6.85583590600401,6.68358151702358,2.85626928213191
333,7.32460240451243,6.96419598917268,7.76148323424069,8.17412349618168,3.78772818840092,8.58139309074813,6.05628561916155,6.17128319193276,6.65576399333084,3.80357954344414
334,8.96044444685286,8.87839701867455,7.71167663249774,8.64492305736678,4.23549842456945,9.14655277406488,7.94421351523727,5.89505226329592,5.38280997703878,2.31743549989409
335,8.52258085009491,8.11602755965701,7.98355782233485,7.78587648542189,4.87417949941975,8.52998011887171,9.42445749007622,6.89469585408614,5.1027738605345,1.72429088400331
336,8.77029102954635,8.84033211279291,8.08792729174158,7.90202620057577,5.28289184061148,8.53695800825118,9.00757221831088,7.2055529448902,5.52012074522874,1.9868998616659
337,8.8196744159327,9.2833369683237,8.04864076447036,7.97350566046121,5.48057184912031,8.49765670677581,8.03364948676624,7.40075059825453,5.8178566772503,2.11394651064669
338,7.04309042378605,8.17613010433877,7.50182559045503,8.46980861102705,4.31184291489337,8.36029375165353,7.78224266562992,7.18384805083159,5.74813067757324,1.27384592431593
339,6.13509001577925,7.88926885217856,7.17565959908242,9.52387786931124,3.42057357123486,8.5598610934119,8.96917613686075,6.88342310998169,5.86443304600578,1.06248860696461
340,5.39475557150079,7.42776826078472,6.89729711440169,9.88822807011401,2.10066889362446,8.53829366810609,9.28571081770071,6.40187294287729,6.00974895756508,0.83019045431438
341,3.99928411022255,6.61074462015599,7.81071453657428,6.64657360675483,2.93583496505946,6.5666085228159,6.06877282250809,6.88185755170315,4.79580905263926,0.261902628509388
342,3.6907230282587,5.42030946471282,7.12971991494176,5.1607831416279,2.27245042633603,6.00601601155312,4.20874719733861,6.39796162092641,5.50909953835174,3.64644232542326
343,3.39000219920269,3.8259594908273,6.13984619415179,4.3317746406934,1.48195149410863,5.80496166450213,2.75512381470465,5.38064769132479,6.01924510728069,4.64805189422847
344,7.59629556497772,8.62219237981965,7.90953131738985,8.36202503183805,3.98193222170365,9.20318215099426,4.56290897680366,5.08245728577655,5.95158165769735,1.96962353942191
345,6.26470645109755,7.31201878432987,8.16023463079127,8.67892903861352,3.54450132199005,9.24323074788784,4.37773227357506,6.30336930183632,6.71549669387973,0.978775045506791
346,5.99886786456531,7.47012091835358,7.8545585974523,8.77248170476935,3.00866749098805,9.17915808036403,5.29028728155576,6.85919281707701,7.9098735683509,2.19840158763893
347,5.82798004921294,7.81599241251175,7.19896926485891,8.81947784488996,2.81978512879395,8.96195450823441,6.62471174193041,7.38494859806088,8.55497427024993,3.61228932075487
348,5.85090917947272,8.08323563074344,6.7771347729444,9.01072158688762,1.99878478757834,8.68758868641223,7.1997196899561,7.58382203460445,8.99342056931651,4.12187149958121
349,7.77879799979444,7.69551361376923,8.10432421546319,9.1574480386206,4.88578334727355,8.4591136938376,7.75943078498992,4.89555291517228,7.99136533913372,1.39301637212562
350,7.61912890234784,7.61004430564597,7.74848819069668,9.53691686319969,4.18057690418102,8.2975413614657,7.47788265345482,4.57663054738328,8.10491761051653,1.39744337233132
351,7.5192071704504,7.50667083344635,7.23093628108722,9.78508230618115,3.58948895234109,8.25392775824353,7.27190467120689,4.17933253802654,8.24526762530155,1.41223982663232
352,6.82996447537618,6.80303591082856,5.66163787789174,7.82187167805315,5.35240147775416,7.9900338889309,8.13363163537292,6.30465478263532,7.05676667235027,0.781641663768105
353,8.09706501841751,7.63998153030103,5.90447590458953,8.60116881561419,5.10569773818161,8.12051822978873,8.3662404777164,6.17569219714254,8.36141594388786,1.89394582968658
354,9.09077893344414,8.37534234016676,6.3092929791342,8.42281805058824,5.59733485696599,8.51412089685891,8.21555035009154,5.8479952931753,8.58603498663941,2.28954974686117
355,9.85721965645109,8.90176363685346,6.687236690985,7.78909206326865,6.23236732154732,8.73306033113929,7.70679351899009,5.75539773502109,8.18103630502302,3.03165084560673
356,6.94323771840405,6.62858339930029,7.93736567980903,7.3831542389033,6.84809685463712,7.41748950599184,7.25805116581616,7.22445963451742,8.32975291031843,1.11508334756555
357,7.28372183548636,7.28469360285979,8.43406612807171,8.09286970344814,6.31591550029476,7.93438122470679,7.40438246733759,7.99688220457876,7.96015817394252,1.52389191147208
358,7.71224278538651,7.97186040986096,8.77112196273773,8.61147737545477,5.33873942524449,8.25462630048768,7.24374700337646,8.48520808178761,7.27748989741739,2.08675947105434
359,8.37455868060671,8.59010756621262,8.94851275660179,8.52601001344186,6.43370788763072,8.14044393294241,7.68934978731607,8.02102666659723,6.73089466980057,2.1598383199607
360,8.89453315071933,9.02097749798708,8.9614488909562,8.15303933465977,7.10027843078452,7.5684858391849,7.69243815167553,5.79388050907095,5.99784511545344,2.08337805220002
361,6.91876173999621,7.64408744991111,7.65573317455094,7.39888717595598,5.43526991702964,7.32105566195442,6.11237639687602,4.1465185950745,7.16584952621302,2.15592387762766
362,6.26730546006384,6.70270068207005,6.96564222655884,7.387743801124,4.55661399032965,7.31071776417516,6.72907779872448,4.45106708942469,7.19789069719407,0.66257114352195
363,8.20053044471058,7.45957424875927,7.69228229024518,8.10607873542191,5.63185284628722,7.92386999767489,8.31820090769995,6.41171815172496,7.38355921128744,1.43347966695933
364,7.4256668255614,7.12725674341187,8.47158596149513,8.32391914537485,5.0862510510451,7.6653877505045,8.35862578167844,6.82264671894454,8.12135976275403,1.91841134098252
365,7.9181230498384,7.8057955845172,7.97720232826754,7.96747180296871,6.31206713416589,7.88942138730458,8.26711290720539,6.28896024497794,7.24430415462604,2.37906743119985
366,8.45567970249971,8.393258867413,6.71808496500669,7.1599589013165,7.11496176490271,8.36309547748248,7.80734854245249,4.84063667570889,5.4761492634681,2.55450108936295
367,8.54378179421285,8.53312449901013,6.17778357190699,7.30849627574726,6.66068194832836,8.73606597339962,6.19741724777973,6.10593995635142,6.02425882133695,2.23126993383227
368,8.79199615807729,8.76001874391214,6.00406329167437,7.59802332535675,5.78239897405023,9.07192387149252,4.160174817032,7.02970458101823,6.45167222366437,1.8980020554705
369,9.07069707370323,9.34557006632108,6.66351964931583,7.68046047534827,5.42841807005346,8.8712662239261,6.1776171391092,8.00751522138066,6.11495082245635,2.1944499167447
370,7.83881784821449,8.32518009886982,6.65956405633481,9.20613037792122,6.40049754733616,9.29046940244018,2.58146104326308,4.8013333579833,6.48482577672097,1.5074529230619
371,7.35890608847618,7.06828020974472,7.20904908247401,8.82215552044702,7.4255236793112,7.89843583329012,5.98570663887797,6.2349063300808,7.34238734667629,1.07464741687903
372,7.01924972101561,7.71683741649908,7.5997846242348,7.91938267598542,4.453018451898,8.83953857080078,5.50895112411418,5.70949913119226,6.09240020563328,1.3846300384906
373,7.45988034959839,8.11565483146864,7.80610762827102,7.58417590508604,5.57079470964123,8.68494452688231,4.10429477663219,5.18170156252861,5.40424488300501,1.30907415477064
374,0.303361386084942,0.005,3.58413192918432,0.997358334948573,0.249323745108343,3.60633389127007,0.005,3.53511661332072,2.75413562464953,7.52989864632254
375,4.23997939298254,3.32207324832957,5.05489994374596,2.67508316568907,0.259721507513134,4.7586648845608,2.44066809257553,3.58968647061425,5.65428030080361,7.33447941007747
376,8.08439117297269,7.91016153925644,7.34902932152404,6.3070808188704,5.19957569756638,8.80162327555118,2.61594825063102,4.98399242871289,6.28331829413043,1.41149317676067
377,7.48615879723215,8.256944280301,7.11384317670928,6.27807792959112,5.19370358896571,7.5810264259238,7.57149704491439,10,5.51541517990307,1.63534494626008
378,3.19778160311682,2.71338684793686,4.81349551127062,2.63843683725079,2.27744660935269,4.53234354505104,1.69300381531665,5.56718371623216,4.92834131036977,7.5132263613565
379,7.53313099412059,7.61931959527583,7.09123168537985,8.06240650136062,4.91159713652018,7.89767696854396,6.18334452203091,5.94291431543264,6.63503804330919,1.74282045136237
380,7.12418199619499,7.78436319843075,7.06433512857053,8.43615402270247,5.49041198191142,7.94197388492214,7.05993666795868,6.44757221642881,7.24942619348517,2.08929673378315
381,6.76212626647888,7.84367271425649,7.10515884601328,8.61364909576146,5.84573029146224,8.0271032229808,7.52301611384154,6.78239411252602,7.65790095300371,2.41605101592788
382,8.36699657339944,8.76688777542924,7.47508751023623,8.57730675729859,6.11035575150513,8.71252390337889,7.94445608150205,6.670933745604,7.40459431041185,2.53108381992109
383,10,9.88545272026314,7.96120418031607,8.06881095223939,6.44894867577834,9.67394662250509,8.44989226069342,6.00227621285773,6.14717465361282,2.74785034523724
384,9.10839748878477,8.93731127643043,8.08595266524252,8.09650525864689,6.85721329615758,9.53769580285884,8.07423945918636,5.73566208175349,6.4548725511148,2.16331030319689
385,7.80995833924877,7.82061686836425,7.07426834292275,8.145134927323,6.32867557743156,8.40123346639343,9.55351265072403,6.63199472587717,7.39472986935717,1.75474154231559
386,8.20377808456783,8.27912568026086,8.54764479577086,8.22860513789347,6.54593736675849,8.99429487542629,7.64388156332235,5.85770430526471,7.46202628049484,1.70420804829991
387,5.42467019324894,5.46467352749995,6.36173001297514,5.68967348711856,4.65188951362675,6.82149835883692,4.6256291938355,5.73198459302471,7.88292443410072,7.64278503778616
388,2.40079183819324,2.64652288043861,4.23899944585711,3.99211557431484,3.08019485182459,5.04848764491922,3.10474665329905,5.66911478053548,7.86451182875207,8.02784363835302
389,4.95201558322534,7.10314942817243,6.05386257627722,7.82221914861848,4.73145105765724,7.84662802531134,6.97475110430474,6.52476669908012,9.26036565738813,2.53358447065933
390,4.18284978997245,6.6556280947234,7.21307504557636,6.07073913085937,4.55969628082293,7.35751135831122,4.48195084507688,6.30093326711935,6.16484938715021,0.225399453226139
391,6.74051981280825,7.24371117765933,7.17704867863343,7.75007163987106,5.57224112205307,8.39816313333868,3.83565108031281,7.21272891555336,6.89089304252427,1.11800103198683
392,6.78964500181544,7.21116321854057,7.22778531117576,7.5596940197931,5.45729161658987,8.53056689447328,3.91395033572235,7.24802833422835,7.12217877792863,1.04411691910509
393,6.80870409888152,7.20923505328119,7.3391337390343,7.17677380117147,4.91770948756972,8.50851947354044,4.11923937784433,7.27214216222473,7.11324490410262,1.04369595649127
394,6.80968475934667,7.32137942269974,7.38812592564229,6.55040244426543,4.32739586450374,8.4111994506963,4.42409594700402,7.18358469713598,6.89789184478552,0.949477900618993
395,6.71968474608051,7.29170564697607,7.44536880204634,5.6750648161777,3.74337960543644,8.31836424990354,4.74584020769677,7.14475720357918,6.73846497702341,0.904159956654816
396,6.64664542172247,7.24467103140261,7.43053631753321,5.21909157318308,3.51901743411264,8.20659325640062,5.01907953334316,7.06021165938218,6.68191367264114,0.859969987832621
397,7.01465542469223,7.49629435264388,7.97759049426657,7.11765831125907,5.20371031581647,8.30373748095834,6.39677660889473,7.05278966886746,7.19035076778066,1.09784374690231
398,7.42596507946357,7.73338046416597,8.54527596100045,8.60810284144404,6.45141808546934,8.51825137990309,7.52449225498002,6.78326684411347,7.75553504256674,1.36832051544899
399,7.77254018704741,7.86225909306054,8.1003046350792,8.4069096796249,6.31067753062386,8.65724699601109,6.30545451575895,7.07846229538573,7.31389630986802,1.447360780506
400,7.93800926868792,7.78005876071233,7.44404747943723,7.93290278999603,5.83994262331118,8.67944610916606,3.48276494673897,7.1520224702856,6.86620265366187,1.41258605890101
401,4.52590027647133,4.07807054689432,6.27439601454513,5.94607249370313,4.85597647708531,6.11502685517831,3.76269782877039,5.73479666254671,6.9102776291869,6.8997460220718
402,4.92984497120529,4.61236671140287,6.44520971327612,6.11678563554667,4.85557604185512,6.37522435435435,5.52174787099944,5.83643361696717,6.91790509925407,6.83883298013611
403,5.80140999208726,5.56698982921835,6.57175750430584,6.63577914290562,5.0998506179178,7.07763009406348,7.04744879268261,6.13158265122752,6.95455255533653,6.57024491188825
404,6.79880606438476,6.70307662784615,6.77987455854045,7.30606020308912,5.27499235121068,7.83044198129512,8.4679263791907,6.47942510267879,6.88270068651145,5.94233516115166
405,7.72191475489369,7.6818004606402,7.07170701754889,8.10223981332733,5.59081457268566,8.58612253299481,9.70104094763692,6.97019016439713,6.92597082996176,4.46673571346272
406,8.16168268704711,8.13190626810838,7.1222374487138,8.36103708574659,5.77954602835737,8.92165946048091,10,7.14996352934483,6.78218961700654,1.6310124997884
407,8.13144509401662,8.09928586554911,7.14957666961871,8.64698027686289,5.59271267262852,8.90556973954961,9.57440616369481,7.08643006000208,6.48292224597208,1.60584687061703
408,7.94112137159394,7.98940318988709,7.20657173138458,8.79480259880932,5.46213167871129,8.74522068229078,8.60391806229488,6.89670830348776,6.42056374617439,1.58872802191829
409,7.85085002071232,7.89549708359609,7.36895700647369,8.91951726387239,5.38481827880246,8.60227501686329,7.55136742486923,7.01618338709895,5.6283123614901,1.52853974789192
410,7.74784842784992,7.79563537101093,7.4733017309773,8.88207355280325,5.30062461293793,8.49949663031927,6.93807864093022,6.82077537453801,5.78423913310315,1.55201000984064
411,8.07299034170112,8.17830202118384,8.17135455180246,8.4897924703462,6.03142780426049,8.59786954574114,7.90902517186393,7.1159351840889,5.47871597414981,1.79601753280733
412,8.54211719651953,8.73623316374529,8.6873668503237,8.007881311324,6.61378667427379,8.72034323333331,9.03170563114891,7.26367843657367,5.81814515558934,1.9468045985484
413,8.75535021507441,8.70209152796462,8.1564037837822,8.44765297299206,6.36220363011421,8.8533521510094,8.55349094821543,6.25134412409316,5.90297555762753,1.95643113794169
414,8.09545976184226,8.23149008944621,7.866157040515,7.9620192845051,6.87103177622731,8.06401279010011,8.21698174534627,5.78265579911806,6.73485473916775,1.65755887292851
415,7.03208831422034,7.86267619718132,8.78778181982282,5.84699143871119,6.13962670801508,7.20850011470608,7.14210519228489,7.23189452296534,5.32557906209944,1.21762160045786
416,7.67095030819438,9.0000318563012,7.16773855196055,8.01244031238581,8.17872821522737,8.48821802860446,8.31893680331012,6.85921577056913,6.67910478227036,1.8721879630581
417,8.83656191479744,9.7693933828085,7.82882751865784,8.31958726622025,8.81114564106526,8.62215130193309,7.40586390319006,7.42059739773125,7.87660460245749,2.3102159242586
418,7.10947525657493,8.70188549407677,7.83642947624472,8.29471168365174,7.32578487056755,8.89834056830007,9.08718523089581,8.35885538916874,6.9583277637313,1.60645644160756
419,4.91881969000911,6.49314645869534,6.13007414646934,6.44642718586474,5.49241928086161,7.41464536849793,6.76431536501001,7.11875634313387,5.55085083468066,7.14660175188054
420,2.79110761231244,3.93962198650874,4.12974675957746,3.86822308732936,3.84451013584171,5.28603254937367,3.92905233240171,5.83845194476313,4.35526429010791,7.77785652569583
421,1.88324029915388,2.4607670332174,3.00410811505356,2.69888285059979,3.0857021474421,4.04262948650059,2.55393280366046,5.2544451328159,3.98628584330428,7.86221194960212
422,1.91977202739497,2.61731316710037,3.04993629641967,2.65643371334789,3.21970500047944,4.09065007927436,2.40070360863464,5.18327620577226,4.02610661097137,7.87912823958636
423,2.23059712745475,2.99090343472642,3.21148016648207,2.72496779834656,3.09244592140187,4.20491571430059,2.68818985821105,5.09622234512303,4.12809032462009,7.91780663877096
424,2.4860783975877,3.33127589494659,3.75526506786607,3.01704116219304,3.09728288425837,4.28817734084471,2.45033710248183,5.10132639804017,4.3229437085823,7.85623050369983
425,2.91210547394973,3.77232067981362,4.11696287750616,3.53293131280898,3.39200351674648,4.33235365660926,2.70921604847135,4.99409039763168,4.2477618626613,7.86295369303825
426,3.33574987301473,4.25444159663195,4.62349633633907,3.83431459029026,3.50678217988416,4.72516378576928,3.11198948235388,4.92166665256191,4.13225390396799,7.82711181542673
427,3.80924684452392,4.74717210715396,5.00168333186458,4.15293192038816,3.71122421719111,4.9765640385924,3.43377562856994,4.97683410300329,4.62655027159264,7.81141223249997
428,4.35774080500569,5.29462512693683,5.5071021689559,4.56625937024332,3.67742311809803,5.24567139908025,3.70710896027598,4.97466647001685,4.47502390557878,7.74085517996325
429,4.86967112954297,5.79636231721872,5.82044385582059,5.1525434702534,3.90026151005453,5.46194086538507,3.8394637481188,4.97046064881579,4.70359694688042,7.67582050206506
430,5.30837071856011,6.32286724265891,6.4045118077457,5.58783213286011,4.4899229022299,5.80363995819379,4.20554586729188,5.01163501622428,5.00259775045072,7.65457779454579
431,5.85998969498643,6.83881590279048,6.77197786428325,6.02043113252054,4.7569994401946,6.19506607135607,4.90432370865646,5.07201015555406,5.06926758172547,7.47784682318803
432,6.40184215147353,7.37330157429424,7.23041763679283,6.64093424746608,5.07525149583186,6.58574505857734,4.97749782411163,5.19773920546333,5.49400436809618,7.2584258065842
433,6.96457211238774,8.02596430770145,7.73118929636237,7.06909021287732,5.50563750726367,7.02706622865476,5.4085904004289,5.34234811069515,5.76469466064627,7.22677905471319
434,7.57138172882088,8.54789703880442,8.17296564567023,7.79405238256968,5.75686343383784,7.56390884877142,6.11436849080136,5.54823035971603,6.41545060930494,6.7623319691088
435,8.05231970476578,8.98026763732897,8.51193660714775,8.15377111859147,6.19651014852337,7.8324187671603,6.53241030811006,5.76975835290553,6.28057962611319,6.25908287699898
436,8.53631811523605,9.48196060455171,8.92372936542041,8.63335552640076,6.46166906172557,8.32814002039746,6.95981365069264,5.94749081837606,6.54351376480489,5.38837155534045
437,8.91550795312792,9.76076770616202,9.20841872261366,9.00730052517055,6.62074387784342,8.5177195769946,7.16783515725124,6.07116356604489,6.59139244296325,3.89282835892294
438,9.02240180852752,9.82742697347404,9.23441910219123,8.84050768658678,6.81867289794031,8.69750709477552,7.25039694363095,5.96818779764747,6.44050170904402,2.41281002917382
439,8.56418401732677,8.92604565569075,7.92972927437987,7.31684967961231,6.20422200905555,8.53659526853583,3.50300044832146,5.66478783858386,5.309784382088,1.86314119165947
440,8.53070768105173,8.86394047098394,7.20915018709395,7.32299889496318,5.90055939398934,8.5680253762943,3.46767069254143,5.73468634631431,5.69916580332469,1.8042457902298
441,8.55379759667166,9.06372159330375,6.42353580282207,8.03827665673716,5.25103491791709,8.71303954508581,3.94604173376346,6.09699630298252,6.58549016740619,1.8694931053634
442,8.73743214206321,9.71670843897287,5.88268108127974,9.54300646255093,4.12152239432164,9.09496945519444,5.53441178493048,6.74337378362748,8.18173890014161,2.1944499167447
