"Time","Gammaproteobacteria","Alphaproteobacteria","Bacteroidia","Clostridia_258483","Bacilli","Negativicutes","Coriobacteriia","Actinomycetia","Verrucomicrobiae","Bacteria_Kingdom"
0,0.000166666666666667,0,0.526277777777778,0.408166666666667,0.0342222222222222,0.0220555555555556,0.0035,0,0.000222222222222222,0.00511111111111111
1,5.55555555555556e-05,0,0.595722222222222,0.350555555555556,0.0126666666666667,0.0311666666666667,0.00288888888888889,0,0,0.00688888888888889
2,0.000277777777777778,0,0.698777777777778,0.264722222222222,0.00855555555555556,0.0221666666666667,0.00211111111111111,5.55555555555556e-05,0,0.00327777777777778
3,5.55555555555556e-05,0,0.598722222222222,0.357055555555556,0.0171111111111111,0.0218888888888889,0.00188888888888889,0,5.55555555555556e-05,0.00316666666666667
4,0.000277777777777778,0,0.675444444444444,0.284111111111111,0.0107777777777778,0.0256111111111111,0.000888888888888889,0,0,0.00283333333333333
5,0.000611111111111111,0,0.553055555555556,0.376,0.0367222222222222,0.0271111111111111,0.00255555555555556,5.55555555555556e-05,5.55555555555556e-05,0.00355555555555556
6,0.00144444444444444,0,0.733055555555556,0.223444444444444,0.0110555555555556,0.0247222222222222,0.00205555555555556,0,0,0.00405555555555556
7,0.000111111111111111,0,0.660833333333333,0.295611111111111,0.0121111111111111,0.0261111111111111,0.002,0,0,0.00311111111111111
8,0.000111111111111111,0,0.570333333333333,0.396277777777778,0.0121666666666667,0.0158888888888889,0.00194444444444444,0,5.55555555555556e-05,0.00322222222222222
9,5.55555555555556e-05,0,0.6745,0.281777777777778,0.0176666666666667,0.0202222222222222,0.00161111111111111,0,0,0.00405555555555556
10,0.00288888888888889,0,0.485777777777778,0.466611111111111,0.0231666666666667,0.0116666666666667,0.00772222222222222,0,5.55555555555556e-05,0.00205555555555556
11,0,0,0.514111111111111,0.440722222222222,0.0177777777777778,0.0169444444444444,0.00861111111111111,0,0,0.00183333333333333
12,5.55555555555556e-05,0,0.555888888888889,0.385944444444444,0.024,0.024,0.00716666666666667,0,0.000166666666666667,0.00255555555555556
13,0.000222222222222222,0,0.5175,0.436611111111111,0.0221111111111111,0.0143333333333333,0.00672222222222222,0,5.55555555555556e-05,0.00238888888888889
14,5.55555555555556e-05,0,0.732388888888889,0.212388888888889,0.0151666666666667,0.0338888888888889,0.00283333333333333,0,0,0.00316666666666667
15,0.000277777777777778,0,0.560888888888889,0.377222222222222,0.0177777777777778,0.0288888888888889,0.0111666666666667,0,0.000333333333333333,0.00322222222222222
16,0,0,0.6135,0.3505,0.00566666666666667,0.0208888888888889,0.00683333333333333,0,5.55555555555556e-05,0.00255555555555556
17,0,0,0.419,0.524333333333333,0.0246666666666667,0.0142777777777778,0.0147777777777778,5.55555555555556e-05,5.55555555555556e-05,0.00261111111111111
18,5.55555555555556e-05,0,0.497444444444444,0.468555555555556,0.0117777777777778,0.0121111111111111,0.00822222222222222,0,0,0.00177777777777778
19,0.000111111111111111,0,0.453111111111111,0.492111111111111,0.0201666666666667,0.0185,0.0135,0,0,0.00244444444444444
20,0,0,0.441388888888889,0.490277777777778,0.0265555555555556,0.0203333333333333,0.0185,0,0.000111111111111111,0.00272222222222222
21,5e-04,0,0.682444444444444,0.283944444444444,0.00805555555555556,0.0169444444444444,0.00488888888888889,0.000111111111111111,0,0.003
22,0.000722222222222222,0,0.605444444444444,0.313333333333333,0.0182777777777778,0.0479444444444444,0.00866666666666667,0,0,0.00544444444444444
23,5.55555555555556e-05,0,0.421388888888889,0.49,0.0185555555555556,0.0243888888888889,0.0411666666666667,5.55555555555556e-05,0,0.00438888888888889
24,0.00155555555555556,0.000444444444444444,0.575444444444444,0.366277777777778,0.0119444444444444,0.0336666666666667,0.00922222222222222,0,0,0.00144444444444444
25,0.0095,0.00333333333333333,0.560888888888889,0.387333333333333,0.00722222222222222,0.0158888888888889,0.00577777777777778,0.00111111111111111,0.00111111111111111,0.00183333333333333
26,0.0050541921716179,0.00168473072387263,0.645588813387993,0.306003257146066,0.00527882293480092,0.027685741562307,0.00263941146740046,0.000449261526366036,0.00050541921716179,0.00224630763183018
27,0.000833333333333333,0.000222222222222222,0.724833333333333,0.225444444444444,0.00555555555555556,0.0389444444444444,0.000888888888888889,0,5.55555555555556e-05,0.00311111111111111
28,0.0184959574703732,0.00210433049064127,0.662476464724776,0.284693764536494,0.00481780928120501,0.0237567836969764,0.00188282201794219,0,0,0.00171669066341788
29,0.0368888888888889,0.00438888888888889,0.587777777777778,0.353722222222222,0.00461111111111111,0.00883333333333333,0.00294444444444444,0,0,0.000833333333333333
30,0.0107222222222222,0.002,0.613611111111111,0.3485,0.00594444444444444,0.015,0.00272222222222222,0,0,0.00144444444444444
31,0.00194444444444444,0.000277777777777778,0.684888888888889,0.229,0.0226111111111111,0.055,0.00255555555555556,0.000555555555555556,0.000111111111111111,0.00305555555555556
32,0.000111111111111111,0,0.400388888888889,0.509722222222222,0.0383333333333333,0.0302222222222222,0.0158888888888889,0,0.000166666666666667,0.00505555555555556
33,0.000944444444444444,0,0.457777777777778,0.486833333333333,0.0258888888888889,0.00838888888888889,0.0131666666666667,0.000111111111111111,0.000111111111111111,0.00677777777777778
34,5.55555555555556e-05,0.000444444444444444,0.63,0.325,0.0126666666666667,0.0205,0.00861111111111111,0,0.000333333333333333,0.00238888888888889
35,0.000277777777777778,0,0.699388888888889,0.2655,0.00805555555555556,0.0187222222222222,0.00622222222222222,0,5.55555555555556e-05,0.00177777777777778
36,0.000333333333333333,5.55555555555556e-05,0.565777777777778,0.398055555555556,0.0139444444444444,0.0129444444444444,0.00616666666666667,0,0,0.00272222222222222
37,0.000388888888888889,0,0.752555555555556,0.190722222222222,0.0153888888888889,0.0355,0.00316666666666667,0,5.55555555555556e-05,0.00205555555555556
38,0.00855555555555556,0.00427777777777778,0.7695,0.158055555555556,0.00861111111111111,0.0471666666666667,0.000944444444444444,0.000888888888888889,0,0.00177777777777778
39,0,0,0.748444444444444,0.2085,0.00761111111111111,0.0315555555555556,0.00111111111111111,0,0.000111111111111111,0.00227777777777778
40,0,0,0.726111111111111,0.229944444444444,0.0129444444444444,0.0225555555555556,0.00522222222222222,0,0.000111111111111111,0.00277777777777778
41,0.00122222222222222,0,0.543333333333333,0.409,0.0125555555555556,0.0227777777777778,0.00816666666666667,0,0,0.00288888888888889
42,0.00183333333333333,0,0.3935,0.542277777777778,0.0257777777777778,0.0162222222222222,0.0170555555555556,0,5e-04,0.00283333333333333
43,0.000166666666666667,0,0.381777777777778,0.533166666666667,0.0498888888888889,0.0193888888888889,0.0118888888888889,0,0.000444444444444444,0.00305555555555556
44,0.000611111111111111,0,0.513833333333333,0.431444444444444,0.0263333333333333,0.0158333333333333,0.00855555555555556,0,0.000222222222222222,0.00305555555555556
45,0.000111111111111111,0,0.554722222222222,0.380611111111111,0.0229444444444444,0.0284444444444444,0.00955555555555555,0,0.000277777777777778,0.00322222222222222
46,0.00288888888888889,5e-04,0.532,0.404444444444444,0.0246111111111111,0.0236666666666667,0.00888888888888889,0,0.000388888888888889,0.0025
47,0.0116111111111111,0.00227777777777778,0.608722222222222,0.330277777777778,0.0103888888888889,0.0253333333333333,0.0085,0.000555555555555556,5.55555555555556e-05,0.00227777777777778
48,0,0,0.622833333333333,0.287166666666667,0.0232222222222222,0.0537222222222222,0.0045,0,0.000555555555555556,0.00733333333333333
49,0,0,0.6825,0.277222222222222,0.00672222222222222,0.0285,0.00183333333333333,0,0,0.00316666666666667
50,0.00872222222222222,0.00288888888888889,0.607388888888889,0.342,0.0085,0.0221666666666667,0.00588888888888889,0.000333333333333333,0.000111111111111111,0.00177777777777778
51,0.000333333333333333,0.000166666666666667,0.526777777777778,0.410111111111111,0.0232777777777778,0.0213333333333333,0.0142777777777778,0,0.000166666666666667,0.0035
52,0.00155555555555556,0,0.466611111111111,0.459722222222222,0.0284444444444444,0.0211666666666667,0.0182222222222222,0,0.000333333333333333,0.00361111111111111
53,5.55555555555556e-05,0,0.590555555555556,0.384333333333333,0.00855555555555556,0.0106111111111111,0.0045,0,0,0.00138888888888889
54,0.00111111111111111,0.000833333333333333,0.466777777777778,0.474166666666667,0.0336666666666667,0.0118888888888889,0.0102777777777778,0,0.000277777777777778,0.001
55,0.000611111111111111,0.000222222222222222,0.512333333333333,0.448333333333333,0.0219444444444444,0.00833333333333333,0.007,0,0.000111111111111111,0.001
56,0.000333333333333333,0,0.563444444444444,0.4145,0.009,0.00772222222222222,0.00322222222222222,0,0,0.00161111111111111
57,0,0,0.758,0.217055555555556,0.00366666666666667,0.019,0.000333333333333333,0,0,0.00194444444444444
58,0.000944444444444444,0.00116666666666667,0.621166666666667,0.353666666666667,0.00661111111111111,0.0130555555555556,0.00155555555555556,5.55555555555556e-05,5.55555555555556e-05,0.0015
59,0.000722222222222222,0,0.437944444444444,0.515888888888889,0.0186111111111111,0.0142777777777778,0.0105,0,0.000166666666666667,0.00177777777777778
60,0.00138888888888889,0,0.647,0.335,0.00683333333333333,0.00683333333333333,0.00177777777777778,0,0,0.00116666666666667
61,0.00172222222222222,0,0.551944444444444,0.424,0.0116666666666667,0.00544444444444444,0.00333333333333333,5e-04,0.000388888888888889,0.000944444444444444
62,0.00755555555555556,0,0.483444444444444,0.466833333333333,0.0168333333333333,0.0123888888888889,0.0100555555555556,0,0.000111111111111111,0.00277777777777778
63,0.00238888888888889,0,0.481166666666667,0.472111111111111,0.0163333333333333,0.0131111111111111,0.0123333333333333,0,0.000111111111111111,0.00238888888888889
64,0.000277777777777778,0,0.589944444444444,0.357555555555556,0.0178333333333333,0.0245555555555556,0.00727777777777778,0,0.000111111111111111,0.00238888888888889
65,0.000166666666666667,0,0.562944444444444,0.390388888888889,0.0075,0.0190555555555556,0.0157222222222222,0,5.55555555555556e-05,0.00394444444444444
66,0.00166666666666667,0.000722222222222222,0.602111111111111,0.337555555555556,0.0238888888888889,0.0182777777777778,0.0118333333333333,0.000222222222222222,0.000111111111111111,0.00361111111111111
67,0.00222222222222222,0.000888888888888889,0.528444444444444,0.421777777777778,0.00933333333333333,0.0166666666666667,0.0156111111111111,0,0.000111111111111111,0.00483333333333333
68,0.003,0,0.441111111111111,0.522777777777778,0.0125,0.00733333333333333,0.00922222222222222,0,5.55555555555556e-05,0.00383333333333333
69,5e-04,0,0.472222222222222,0.495111111111111,0.0113333333333333,0.00727777777777778,0.00966666666666667,0,0,0.00366666666666667
70,0.000555555555555556,0,0.630277777777778,0.324055555555556,0.00738888888888889,0.0285,0.00438888888888889,0,0.000222222222222222,0.00438888888888889
71,0.000722222222222222,0,0.601833333333333,0.354722222222222,0.006,0.0206111111111111,0.0111666666666667,0,0.00194444444444444,0.00288888888888889
72,0.002,0,0.544722222222222,0.404388888888889,0.00794444444444444,0.0176666666666667,0.0109444444444444,0.000333333333333333,0.00844444444444444,0.0035
73,0,0,0.551555555555556,0.413777777777778,0.00677777777777778,0.0149444444444444,0.00716666666666667,0,0.00311111111111111,0.00266666666666667
74,0.000611111111111111,0,0.622277777777778,0.352222222222222,0.00438888888888889,0.0120555555555556,0.00305555555555556,0,0.00288888888888889,0.0025
75,0.000722222222222222,0,0.656888888888889,0.3205,0.00516666666666667,0.0095,0.00144444444444444,0,0.00294444444444444,0.00272222222222222
76,0.000611111111111111,0.000111111111111111,0.597944444444445,0.365,0.00905555555555556,0.0163888888888889,0.004,0,0.00416666666666667,0.00244444444444444
77,0,0,0.621055555555556,0.354944444444444,0.00877777777777778,0.00983333333333333,0.0015,0,0.000777777777777778,0.00288888888888889
78,0.00144444444444444,0,0.779277777777778,0.186388888888889,0.00422222222222222,0.0235555555555556,0.00216666666666667,0,0.000555555555555556,0.00222222222222222
79,0.00122222222222222,0,0.782722222222222,0.181777777777778,0.00483333333333333,0.0231111111111111,0.00277777777777778,0,0.00122222222222222,0.00216666666666667
80,0.000944444444444444,0,0.773277777777778,0.187833333333333,0.00666666666666667,0.0249444444444444,0.00194444444444444,0,0.00283333333333333,0.0015
81,0.00105555555555556,0,0.756611111111111,0.198944444444444,0.00805555555555556,0.0246111111111111,0.00283333333333333,0,0.00494444444444444,0.00266666666666667
82,0.001,0,0.740277777777778,0.205944444444444,0.0132222222222222,0.0253888888888889,0.00277777777777778,0,0.00883333333333333,0.00244444444444444
83,0.000611111111111111,0,0.718611111111111,0.220777777777778,0.0157777777777778,0.0258333333333333,0.00344444444444444,0,0.0117222222222222,0.00283333333333333
84,0.00116666666666667,0,0.692333333333333,0.238222222222222,0.0191666666666667,0.0265,0.00294444444444444,0,0.0158888888888889,0.00355555555555556
85,0.000388888888888889,0,0.680277777777778,0.242,0.0236666666666667,0.0282777777777778,0.00366666666666667,0,0.0176666666666667,0.00372222222222222
86,5e-04,0,0.658611111111111,0.255,0.0279444444444444,0.0273888888888889,0.00261111111111111,0,0.0235,0.00405555555555556
87,0.000611111111111111,0,0.643888888888889,0.266333333333333,0.0287222222222222,0.0296666666666667,0.00338888888888889,0,0.0237222222222222,0.00344444444444444
88,0.000333333333333333,0,0.629555555555556,0.274888888888889,0.0336666666666667,0.029,0.00355555555555556,0,0.0247222222222222,0.004
89,0.000444444444444444,0,0.625222222222222,0.278666666666667,0.0306666666666667,0.0290555555555556,0.004,0,0.0271666666666667,0.00444444444444444
90,0.000388888888888889,0,0.654333333333333,0.252833333333333,0.0238333333333333,0.0353333333333333,0.00433333333333333,0,0.0250555555555556,0.00366666666666667
91,5.55555555555556e-05,0,0.697055555555556,0.2305,0.0121666666666667,0.0375555555555556,0.00455555555555556,0,0.0146666666666667,0.00322222222222222
92,0,0,0.705277777777778,0.231722222222222,0.00616666666666667,0.039,0.00472222222222222,0,0.00933333333333333,0.00355555555555556
93,0.00111111111111111,0,0.616222222222222,0.341611111111111,0.00966666666666667,0.0161111111111111,0.00627777777777778,0,0.00488888888888889,0.00377777777777778
94,0.00155555555555556,0.000111111111111111,0.560444444444444,0.328833333333333,0.0138888888888889,0.0621111111111111,0.0168333333333333,0,0.0121666666666667,0.00388888888888889
95,0.0170555555555556,0.000111111111111111,0.7295,0.195888888888889,0.0130555555555556,0.0276666666666667,0.00577777777777778,0,0.00516666666666667,0.00338888888888889
96,0.00333333333333333,0,0.533444444444444,0.415888888888889,0.0131666666666667,0.00605555555555556,0.0148888888888889,0,0.00944444444444444,0.00355555555555556
97,0.004,0.00183333333333333,0.431222222222222,0.502777777777778,0.0197222222222222,0.0129444444444444,0.0165555555555556,0.000222222222222222,0.00572222222222222,0.00494444444444444
98,0.000555555555555556,0,0.705,0.267222222222222,0.00461111111111111,0.0142777777777778,0.00155555555555556,0.000111111111111111,0.00216666666666667,0.00433333333333333
99,0.00205555555555556,5e-04,0.591944444444444,0.359055555555556,0.0132222222222222,0.0233333333333333,0.00305555555555556,0.000111111111111111,0.00422222222222222,0.0025
100,0.00144629248484174,0.000166879902097124,0.660955665572676,0.308672192245647,0.00661956944985259,0.0160760972353563,0.00211381209323024,0,0.00233631862935974,0.00161317238693887
101,0.001,0,0.752833333333333,0.234111111111111,0.000444444444444444,0.00872222222222222,0.001,0,0.000444444444444444,0.00144444444444444
102,5.55555555555556e-05,0,0.851611111111111,0.130444444444444,0.00272222222222222,0.00888888888888889,0.000166666666666667,0,0.002,0.00411111111111111
103,0,0,0.806666666666667,0.163944444444444,0.00305555555555556,0.0184444444444444,0.00322222222222222,0,0.00322222222222222,0.00138888888888889
104,0.00188888888888889,0.00183333333333333,0.673833333333333,0.266888888888889,0.00666666666666667,0.022,0.00772222222222222,0,0.0155555555555556,0.0035
105,0.001,0.00488888888888889,0.932611111111111,0.0391111111111111,0.00227777777777778,0.0158333333333333,0.000111111111111111,0.000333333333333333,0.00177777777777778,0.00194444444444444
106,0.00472222222222222,0.000666666666666667,0.770944444444444,0.203611111111111,0.00133333333333333,0.0145,5.55555555555556e-05,0,0.00194444444444444,0.00222222222222222
107,0.018,0.00638888888888889,0.801777777777778,0.153222222222222,0.00188888888888889,0.0122222222222222,0.000444444444444444,0.000333333333333333,0.00194444444444444,0.00177777777777778
108,0.0333333333333333,0.0126111111111111,0.818444444444444,0.113277777777778,0.00272222222222222,0.0101666666666667,0.00161111111111111,0.000777777777777778,0.00161111111111111,0.00166666666666667
109,0.0015,0,0.6165,0.328944444444444,0.00783333333333333,0.0239444444444444,0.00822222222222222,0,0.00855555555555556,0.00444444444444444
110,0,0,0.608611111111111,0.324833333333333,0.0116666666666667,0.0367777777777778,0.00438888888888889,0,0.00583333333333333,0.00777777777777778
111,0,0,0.647342995169082,0.291332764990054,0.0105711849957374,0.0362603012219381,0.00318272236430804,0,0.00437624325092356,0.00687695368002273
112,0,0,0.707704482505229,0.241026510655135,0.00763099881295574,0.0327850319371432,0.00220451076818721,0,0.0030523995251823,0.00553953987903454
113,0,0,0.772592964263812,0.188437308357027,0.00406979985504822,0.0277638401070413,0.00144951775659252,0,0.00195127390310531,0.00367954507442716
114,0,0,0.823685373398144,0.148144056562086,0.00121520106053911,0.0223155103844454,0.00110472823685373,0,0.00127043747238179,0.00220945647370747
115,0,0,0.844833333333333,0.133888888888889,0.000222222222222222,0.0172777777777778,0.001,0,0.00105555555555556,0.00161111111111111
116,0.024,0.000888888888888889,0.632888888888889,0.320555555555556,0.00194444444444444,0.0102777777777778,0.00455555555555556,0,0.00238888888888889,0.00155555555555556
117,0.0128888888888889,0.000277777777777778,0.735833333333333,0.2285,0.000888888888888889,0.0147777777777778,0.00194444444444444,0,0.00216666666666667,0.00233333333333333
118,0.00433333333333333,0,0.804777777777778,0.168833333333333,5e-04,0.0172777777777778,5.55555555555556e-05,0,0.00211111111111111,0.00211111111111111
119,0,0,0.698555555555556,0.278944444444444,0.00144444444444444,0.0171666666666667,0.000277777777777778,0,0.00188888888888889,0.00172222222222222
120,5.55555555555556e-05,0,0.833,0.146055555555556,0.001,0.0135555555555556,0.00238888888888889,0,0.00283333333333333,0.00111111111111111
121,0.00238888888888889,0.00116666666666667,0.763555555555556,0.203611111111111,0.00166666666666667,0.0156666666666667,0.003,0,0.00638888888888889,0.0025
122,0,0,0.495944444444444,0.461722222222222,0.00794444444444444,0.0101111111111111,0.0128888888888889,0,0.00872222222222222,0.00261111111111111
123,0.000166666666666667,0,0.5045,0.437277777777778,0.00988888888888889,0.0153888888888889,0.0112777777777778,0,0.0188333333333333,0.00261111111111111
124,0.00188888888888889,0,0.489333333333333,0.4565,0.00938888888888889,0.0136666666666667,0.0112777777777778,0,0.0144444444444444,0.00338888888888889
125,0.00411111111111111,0,0.481666666666667,0.4685,0.0102777777777778,0.0131666666666667,0.0107777777777778,0,0.00738888888888889,0.00411111111111111
126,0.0110555555555556,0.00111111111111111,0.549111111111111,0.385722222222222,0.00744444444444444,0.0256666666666667,0.00783333333333333,0,0.00733333333333333,0.00466666666666667
127,0.0136111111111111,0.00194444444444444,0.628277777777778,0.302333333333333,0.00611111111111111,0.0335,0.00361111111111111,0,0.00572222222222222,0.00466666666666667
128,0.000388888888888889,5.55555555555556e-05,0.625222222222222,0.330388888888889,0.00622222222222222,0.0235,0.00383333333333333,0,0.00694444444444444,0.00316666666666667
129,0.000111111111111111,0,0.516555555555556,0.447388888888889,0.00472222222222222,0.0160555555555556,0.00866666666666667,0,0.00394444444444444,0.0025
130,0,0,0.465,0.500777777777778,0.0112222222222222,0.00727777777777778,0.00783333333333333,0,0.00572222222222222,0.00211111111111111
131,0.000222222222222222,0.000111111111111111,0.456888888888889,0.488277777777778,0.0125555555555556,0.0167777777777778,0.0125555555555556,0,0.0095,0.00294444444444444
132,0.000388888888888889,0,0.459611111111111,0.488888888888889,0.0132222222222222,0.0155,0.0104444444444444,0,0.00822222222222222,0.00361111111111111
133,0.000666666666666667,5.55555555555556e-05,0.460722222222222,0.492666666666667,0.0106111111111111,0.0143333333333333,0.0102222222222222,0,0.008,0.00261111111111111
134,0.000833333333333333,5.55555555555556e-05,0.460055555555556,0.497722222222222,0.00811111111111111,0.0131666666666667,0.00933333333333333,5.55555555555556e-05,0.00733333333333333,0.00322222222222222
135,0.000944444444444444,0,0.459277777777778,0.502611111111111,0.00594444444444444,0.0117222222222222,0.00966666666666667,5.55555555555556e-05,0.00633333333333333,0.00333333333333333
136,0.00127777777777778,0,0.465944444444444,0.496888888888889,0.00544444444444444,0.0113888888888889,0.00872222222222222,5.55555555555556e-05,0.006,0.00422222222222222
137,0.00183333333333333,0.00244444444444444,0.449888888888889,0.4855,0.0159444444444444,0.0142777777777778,0.0116666666666667,0,0.0143888888888889,0.00394444444444444
138,0.00322222222222222,0.000777777777777778,0.745277777777778,0.220111111111111,0.00466666666666667,0.0179444444444444,0,0.000388888888888889,0.00411111111111111,0.00311111111111111
139,0.00105555555555556,0,0.611333333333333,0.319666666666667,0.0101666666666667,0.0381111111111111,0.00455555555555556,0,0.00683333333333333,0.00805555555555556
140,0.00188888888888889,0.000111111111111111,0.3575,0.541388888888889,0.0250555555555556,0.0233333333333333,0.0241666666666667,0,0.0232222222222222,0.00294444444444444
141,0.000444444444444444,0,0.363944444444444,0.521555555555556,0.0247222222222222,0.0201666666666667,0.0183333333333333,0,0.0471111111111111,0.00361111111111111
142,0.00116666666666667,5.55555555555556e-05,0.511388888888889,0.427444444444444,0.00988888888888889,0.0233888888888889,0.0157777777777778,0,0.0085,0.00188888888888889
143,0.00288888888888889,0,0.604944444444445,0.329333333333333,0.00544444444444444,0.0259444444444444,0.0143888888888889,0.000388888888888889,0.0132222222222222,0.00344444444444444
144,0.00183333333333333,0.00244444444444444,0.683055555555556,0.250666666666667,0.00683333333333333,0.0386666666666667,0.00505555555555556,0,0.00772222222222222,0.00366666666666667
145,0.00216666666666667,0.0015,0.676777777777778,0.261111111111111,0.00588888888888889,0.0368333333333333,0.00444444444444444,5.55555555555556e-05,0.00666666666666667,0.00455555555555556
146,0.002,0.00111111111111111,0.670166666666667,0.283277777777778,0.00522222222222222,0.0261111111111111,0.00433333333333333,0.000166666666666667,0.00444444444444444,0.00311111111111111
147,0.00194444444444444,0.000388888888888889,0.662,0.301444444444444,0.00494444444444444,0.0188888888888889,0.00455555555555556,0,0.003,0.00277777777777778
148,0.002,0.000166666666666667,0.513666666666667,0.426833333333333,0.0131666666666667,0.0215555555555556,0.00505555555555556,0.000111111111111111,0.0144444444444444,0.00294444444444444
149,0.000333333333333333,0,0.368888888888889,0.579388888888889,0.0157222222222222,0.0198888888888889,0.00938888888888889,5.55555555555556e-05,0.00372222222222222,0.0025
150,0.0133888888888889,0.00255555555555556,0.443666666666667,0.483666666666667,0.0109444444444444,0.0222777777777778,0.0118888888888889,0.000111111111111111,0.00688888888888889,0.00372222222222222
151,0.00161111111111111,0,0.402277777777778,0.552111111111111,0.0173333333333333,0.0147777777777778,0.00633333333333333,0,0.00333333333333333,0.00222222222222222
152,0.0515,0.000111111111111111,0.478,0.437111111111111,0.0191666666666667,0.00766666666666667,0.00133333333333333,5.55555555555556e-05,0.00144444444444444,0.00361111111111111
153,0.117388888888889,0.000166666666666667,0.516277777777778,0.337944444444444,0.0186666666666667,0.0035,0.000611111111111111,5.55555555555556e-05,0.000555555555555556,0.00472222222222222
154,0.234111111111111,0.000333333333333333,0.357166666666667,0.295277777777778,0.0843333333333333,0.00861111111111111,0.000555555555555556,0.000111111111111111,0.000833333333333333,0.0185
155,0.366444444444444,0.000611111111111111,0.102388888888889,0.237055555555556,0.195555555555556,0.0267777777777778,5e-04,0.000222222222222222,0.000833333333333333,0.0679444444444444
156,0.0419444444444444,0,0.606055555555556,0.185833333333333,0.00888888888888889,0.0369444444444444,0,0,0,0.120333333333333
157,0.0123333333333333,0.000888888888888889,0.740666666666667,0.142111111111111,0.000444444444444444,0.044,5.55555555555556e-05,0,0,0.0588888888888889
158,0.00355555555555556,0,0.677777777777778,0.186666666666667,0.00205555555555556,0.0454444444444444,0.000333333333333333,0,0,0.0798888888888889
159,0.000666666666666667,0,0.523611111111111,0.201555555555556,0.0126111111111111,0.0165555555555556,0.000388888888888889,0.000555555555555556,0,0.243944444444444
160,0.00127777777777778,0,0.522388888888889,0.375444444444444,0.0151666666666667,0.0295555555555556,0.00105555555555556,0,0,0.0550555555555556
161,0.004,0,0.439388888888889,0.498944444444444,0.0164444444444444,0.0236111111111111,0.00327777777777778,0,0,0.0141666666666667
162,0.00233333333333333,0,0.469277777777778,0.451888888888889,0.016,0.0428333333333333,0.00333333333333333,5.55555555555556e-05,0,0.0142777777777778
163,0.00888888888888889,0.001,0.545333333333333,0.395055555555556,0.0152777777777778,0.0266111111111111,0.00394444444444444,0.000777777777777778,0,0.00311111111111111
164,0.00411111111111111,0,0.608222222222222,0.3315,0.0155555555555556,0.0341111111111111,0.00283333333333333,5.55555555555556e-05,0,0.00361111111111111
165,0.00522222222222222,0,0.650111111111111,0.299888888888889,0.00405555555555556,0.0348888888888889,0.00127777777777778,5.55555555555556e-05,0,0.0045
166,0.000333333333333333,0,0.643,0.293222222222222,0.011,0.0488888888888889,0.00255555555555556,0,0,0.001
167,0.000111111111111111,0.000166666666666667,0.550277777777778,0.298166666666667,0.0682222222222222,0.0483333333333333,0.00233333333333333,0,5.55555555555556e-05,0.0323333333333333
168,0.000333333333333333,0.000666666666666667,0.161611111111111,0.352333333333333,0.163222222222222,0.000777777777777778,0.0593888888888889,0,0.000333333333333333,0.261333333333333
169,0.00177777777777778,0,0.115166666666667,0.652222222222222,0.183055555555556,0.0133333333333333,0.0196111111111111,0.001,0.000222222222222222,0.0136111111111111
170,0.00188888888888889,0.000166666666666667,0.296444444444444,0.544611111111111,0.106833333333333,0.0242222222222222,0.00827777777777778,0.00161111111111111,0.0015,0.0141111111111111
171,0.0025,0.000166666666666667,0.484666666666667,0.437333333333333,0.0234444444444444,0.0311111111111111,0.00155555555555556,0.00172222222222222,0.00322222222222222,0.0138333333333333
172,0.000833333333333333,0,0.503166666666667,0.456555555555556,0.00605555555555556,0.0225555555555556,0.00211111111111111,0,0.00838888888888889,0.000333333333333333
173,0.001,0,0.509333333333333,0.448388888888889,0.00511111111111111,0.0280555555555556,0.00233333333333333,0,0.00566666666666667,0.000111111111111111
174,0.000388888888888889,0.000222222222222222,0.513944444444444,0.435888888888889,0.0065,0.0380555555555556,0.00311111111111111,0,0.00177777777777778,0.000111111111111111
175,0.000333333333333333,0.000111111111111111,0.511222222222222,0.435555555555556,0.00916666666666667,0.0409444444444444,0.00255555555555556,5.55555555555556e-05,0,5.55555555555556e-05
176,0.000111111111111111,0,0.412611111111111,0.527166666666667,0.0164444444444444,0.0413333333333333,0.00216666666666667,0,0,0.000166666666666667
177,0.000388888888888889,0,0.455166666666667,0.477388888888889,0.0125555555555556,0.0511666666666667,0.00222222222222222,5.55555555555556e-05,0.000944444444444444,0.000111111111111111
178,0.000388888888888889,0,0.509944444444444,0.410722222222222,0.00833333333333333,0.0644444444444444,0.00266666666666667,0,0.00344444444444444,5.55555555555556e-05
179,0.000555555555555556,0,0.497222222222222,0.435333333333333,0.0101666666666667,0.0419444444444444,0.00322222222222222,0.000333333333333333,0.0112222222222222,0
180,0.000833333333333333,0.000166666666666667,0.512611111111111,0.425055555555556,0.00811111111111111,0.0386111111111111,0.00355555555555556,0.000388888888888889,0.0105555555555556,0.000111111111111111
181,0.000722222222222222,0.000666666666666667,0.5445,0.397944444444444,0.00716666666666667,0.0346111111111111,0.0035,0.000111111111111111,0.0106111111111111,0.000166666666666667
182,0.00133333333333333,5e-04,0.561277777777778,0.382444444444444,0.00866666666666667,0.0333888888888889,0.00333333333333333,0,0.00883333333333333,0.000222222222222222
183,0.00116666666666667,5.55555555555556e-05,0.602111111111111,0.334555555555556,0.00816666666666667,0.0437777777777778,0.003,5.55555555555556e-05,0.00644444444444444,0.000666666666666667
184,0.0127222222222222,0.00411111111111111,0.639555555555556,0.275055555555556,0.0110555555555556,0.0405,0.00388888888888889,0.00133333333333333,0.0109444444444444,0.000611111111111111
185,0.00227777777777778,0,0.551555555555556,0.398277777777778,0.0122222222222222,0.0197777777777778,0.000777777777777778,0.00127777777777778,0.0119444444444444,0.00183333333333333
186,0.0075,0,0.918388888888889,0.0534444444444444,0.000222222222222222,0.0177222222222222,5e-04,0,0.00177777777777778,0.000444444444444444
187,0.00644444444444444,0,0.833111111111111,0.128055555555556,0.00405555555555556,0.0251111111111111,0.000777777777777778,0,0.00172222222222222,0.000722222222222222
188,0.00238888888888889,0,0.670222222222222,0.273555555555556,0.0148333333333333,0.0358333333333333,0.000944444444444444,0,0.00138888888888889,0.000833333333333333
189,0.000111111111111111,0,0.565888888888889,0.365277777777778,0.0222222222222222,0.0425555555555556,0.00133333333333333,0,0.00138888888888889,0.00122222222222222
190,0.00838888888888889,0.000222222222222222,0.798777777777778,0.127222222222222,0.00633333333333333,0.0466666666666667,0.00288888888888889,5.55555555555556e-05,0.00316666666666667,0.00627777777777778
191,0,0,0.600222222222222,0.323111111111111,0.0145,0.0496111111111111,0.00266666666666667,0,0.00877777777777778,0.00111111111111111
192,0,0,0.5615,0.3845,0.0176666666666667,0.0293333333333333,0.00294444444444444,0,0.00338888888888889,0.000666666666666667
193,0.00216666666666667,5e-04,0.6335,0.313722222222222,0.0165555555555556,0.0313333333333333,0.000611111111111111,0.000222222222222222,0.000166666666666667,0.00122222222222222
194,0.00294444444444444,0,0.585388888888889,0.364888888888889,0.0198333333333333,0.0236111111111111,0.000833333333333333,0,0.000166666666666667,0.00233333333333333
195,0.002,0,0.609166666666667,0.3555,0.0138333333333333,0.0165555555555556,0.00155555555555556,0,0.000277777777777778,0.000611111111111111
196,0.00622222222222222,0.00116666666666667,0.482888888888889,0.461388888888889,0.0257222222222222,0.0195555555555556,0.00172222222222222,5.55555555555556e-05,5.55555555555556e-05,0.00122222222222222
197,0.00294444444444444,0,0.523222222222222,0.421777777777778,0.0275555555555556,0.0195,0.00227777777777778,0,0.000444444444444444,0.00222222222222222
198,0.000333333333333333,0,0.625944444444444,0.330944444444444,0.0111666666666667,0.0272777777777778,0.00177777777777778,0.000111111111111111,0.00194444444444444,5e-04
199,0.000944444444444444,0,0.537388888888889,0.414444444444444,0.0112222222222222,0.0258888888888889,0.000944444444444444,5.55555555555556e-05,0.00794444444444444,0.00111111111111111
200,0,0,0.514555555555556,0.428555555555556,0.0148888888888889,0.0313333333333333,0.00105555555555556,0,0.00816666666666667,0.00144444444444444
201,0.00122222222222222,5.55555555555556e-05,0.532277777777778,0.414611111111111,0.0120555555555556,0.0277222222222222,0.00161111111111111,0,0.00961111111111111,0.000833333333333333
202,0.00127777777777778,0,0.519555555555556,0.404777777777778,0.0184444444444444,0.0393888888888889,0.00433333333333333,5.55555555555556e-05,0.0113333333333333,0.000833333333333333
203,0.000888888888888889,0,0.490944444444444,0.413833333333333,0.0243888888888889,0.0467777777777778,0.00794444444444444,0,0.0136666666666667,0.00155555555555556
204,0.00116666666666667,0,0.486388888888889,0.407277777777778,0.0118333333333333,0.0379444444444444,0.00216666666666667,0.000166666666666667,0.052,0.00105555555555556
205,0,0,0.525388888888889,0.379833333333333,0.0195555555555556,0.0450555555555556,0.00244444444444444,0,0.027,0.000722222222222222
206,0.00361111111111111,5.55555555555556e-05,0.513722222222222,0.401111111111111,0.0112777777777778,0.046,0.00294444444444444,0,0.0198333333333333,0.00144444444444444
207,0.00188888888888889,0,0.524722222222222,0.413888888888889,0.0175555555555556,0.027,0.00244444444444444,0,0.0108888888888889,0.00161111111111111
208,0.000666666666666667,0,0.524222222222222,0.423555555555556,0.0228333333333333,0.0180555555555556,0.00161111111111111,0,0.00744444444444444,0.0015
209,0.00533333333333333,0,0.555,0.392888888888889,0.0202777777777778,0.0192777777777778,0.00105555555555556,0.000111111111111111,0.00427777777777778,0.00177777777777778
210,0.0103333333333333,0,0.605222222222222,0.342222222222222,0.0132222222222222,0.0242777777777778,0.001,0.000444444444444444,0.00194444444444444,0.00133333333333333
211,0.00333333333333333,5e-04,0.622444444444444,0.295666666666667,0.0170555555555556,0.0483888888888889,0.00311111111111111,0,0.00866666666666667,0.000777777777777778
212,0.000277777777777778,0,0.459111111111111,0.451055555555556,0.0301666666666667,0.0444444444444444,0.00405555555555556,0.000277777777777778,0.00933333333333333,0.00116666666666667
213,0.00127777777777778,0.000166666666666667,0.531722222222222,0.403555555555556,0.0181111111111111,0.0317222222222222,0.00388888888888889,0.000166666666666667,0.00816666666666667,0.00122222222222222
214,0,0,0.575,0.373,0.0136111111111111,0.0229444444444444,0.00227777777777778,0,0.0119444444444444,0.00122222222222222
215,0,0,0.684833333333333,0.1745,0.0025,0.112333333333333,5e-04,0,0.0247777777777778,0.000388888888888889
216,0,0,0.658944444444444,0.197166666666667,0.0107777777777778,0.106333333333333,0.00144444444444444,0,0.025,0.000277777777777778
217,0,0,0.507444444444444,0.344833333333333,0.0585555555555556,0.0619444444444444,0.00622222222222222,0,0.02,0.001
218,0,0,0.525555555555556,0.331055555555556,0.0537777777777778,0.0636666666666667,0.00561111111111111,0,0.0192777777777778,0.00105555555555556
219,0.000333333333333333,0,0.557055555555556,0.310888888888889,0.0443333333333333,0.0645555555555556,0.00444444444444444,0,0.0172777777777778,0.00111111111111111
220,0.000666666666666667,0,0.589777777777778,0.292444444444444,0.0340555555555556,0.0651111111111111,0.00333333333333333,0,0.0131666666666667,0.00144444444444444
221,0.00111111111111111,0,0.614055555555556,0.276055555555556,0.0259444444444444,0.0678888888888889,0.00211111111111111,0,0.0114444444444444,0.00138888888888889
222,0.001,0,0.630555555555556,0.271222222222222,0.0202222222222222,0.0638888888888889,0.00144444444444444,0,0.0101111111111111,0.00155555555555556
223,0.00105555555555556,0,0.642222222222222,0.262111111111111,0.0166111111111111,0.0652222222222222,0.00116666666666667,0,0.0100555555555556,0.0015
224,0.00116666666666667,0,0.6445,0.260888888888889,0.015,0.0680555555555555,0.001,0,0.00738888888888889,0.002
225,0.00138888888888889,0,0.646277777777778,0.261277777777778,0.0151666666666667,0.0647222222222222,0.001,0,0.00788888888888889,0.00222222222222222
226,0.000777777777777778,0,0.594,0.299444444444444,0.0289444444444444,0.0581666666666667,0.00155555555555556,0,0.0153888888888889,0.00166666666666667
227,0.000444444444444444,0,0.510444444444444,0.3625,0.0527222222222222,0.0456666666666667,0.00272222222222222,0.000277777777777778,0.0238333333333333,0.00133333333333333
228,0.000277777777777778,0,0.448944444444444,0.413,0.0682222222222222,0.0314444444444444,0.0025,0.000444444444444444,0.0329444444444444,0.00222222222222222
229,0.00377777777777778,0.000388888888888889,0.213111111111111,0.691333333333333,0.0597777777777778,0.00816666666666667,0.00966666666666667,0.0126666666666667,0,5.55555555555556e-05
230,0.00272222222222222,0,0.268444444444444,0.659611111111111,0.0465,0.00588888888888889,0.00144444444444444,0.0139444444444444,0,0.000666666666666667
231,0.00177777777777778,0,0.266388888888889,0.639722222222222,0.0693888888888889,0.0075,0.00588888888888889,0.00672222222222222,0,0.00105555555555556
232,0.00133333333333333,0.000277777777777778,0.521166666666667,0.386111111111111,0.0243888888888889,0.0255555555555556,0.00316666666666667,5.55555555555556e-05,0.0347777777777778,0.00316666666666667
233,0,0,0.600833333333333,0.350444444444444,0.0143888888888889,0.0302222222222222,0.00138888888888889,0,0.000111111111111111,0.00261111111111111
234,0,0,0.595444444444444,0.351944444444444,0.011,0.0353888888888889,0.000944444444444444,0,0.000111111111111111,0.00327777777777778
235,0,0,0.580722222222222,0.359388888888889,0.0114444444444444,0.0378333333333333,0.000944444444444444,0,0.000166666666666667,0.00288888888888889
236,0,0,0.5665,0.361388888888889,0.00966666666666667,0.0448888888888889,0.000777777777777778,0,0.000166666666666667,0.00372222222222222
237,0,0,0.547722222222222,0.369055555555556,0.00916666666666667,0.05,0.00116666666666667,0,0.000277777777777778,0.00433333333333333
238,5.55555555555556e-05,0,0.524055555555555,0.375888888888889,0.00866666666666667,0.0577222222222222,0.000277777777777778,0,0.000333333333333333,0.004
239,0,0,0.500333333333333,0.388555555555556,0.00777777777777778,0.0613888888888889,0.000833333333333333,0,0.000555555555555556,0.00511111111111111
240,0,0,0.480722222222222,0.403277777777778,0.00766666666666667,0.0631666666666667,0.000833333333333333,0,0.000388888888888889,0.00422222222222222
241,5.55555555555556e-05,0,0.455,0.415444444444444,0.00872222222222222,0.0697777777777778,0.000944444444444444,0,0.000777777777777778,0.00522222222222222
242,0.00127777777777778,0,0.516166666666667,0.343055555555556,0.0177777777777778,0.0827777777777778,0.00155555555555556,0.000222222222222222,0.00422222222222222,0.00283333333333333
243,0.00155555555555556,0,0.509388888888889,0.351888888888889,0.0225555555555556,0.0815,0.00177777777777778,0.000388888888888889,0.00366666666666667,0.00316666666666667
244,0.00161111111111111,0,0.490333333333333,0.366277777777778,0.0290555555555556,0.0801111111111111,0.002,0.00105555555555556,0.00444444444444444,0.00338888888888889
245,0.00183333333333333,0,0.467388888888889,0.390388888888889,0.0359444444444444,0.075,0.00233333333333333,0.00233333333333333,0.00444444444444444,0.00327777777777778
246,0.00261111111111111,0,0.441944444444444,0.417222222222222,0.042,0.0686111111111111,0.00216666666666667,0.00338888888888889,0.00544444444444444,0.00283333333333333
247,0.00227777777777778,0,0.408666666666667,0.453944444444444,0.0440555555555556,0.0629444444444444,0.00305555555555556,0.00466666666666667,0.0055,0.00327777777777778
248,0.00261111111111111,0,0.365722222222222,0.494888888888889,0.0528333333333333,0.0581111111111111,0.00327777777777778,0.00666666666666667,0.00516666666666667,0.00255555555555556
249,0.00222222222222222,0,0.319277777777778,0.542333333333333,0.0555,0.0524444444444444,0.00461111111111111,0.00922222222222222,0.00561111111111111,0.00205555555555556
250,0.00233333333333333,0,0.270166666666667,0.590666666666667,0.0573888888888889,0.0486111111111111,0.00605555555555556,0.0114444444444444,0.00561111111111111,0.00161111111111111
251,0.00288888888888889,0,0.217055555555556,0.642,0.0587222222222222,0.0474444444444444,0.00572222222222222,0.0138333333333333,0.00472222222222222,0.00166666666666667
252,0.00272222222222222,0,0.161,0.697777777777778,0.0603333333333333,0.0452222222222222,0.00672222222222222,0.0141111111111111,0.00516666666666667,0.00144444444444444
