"Time","Proteobacteria","Bacteroidota","Firmicutes_A","Firmicutes_D","Firmicutes_C","Actinobacteriota","Desulfobacterota_I","Cyanobacteria","Verrucomicrobiota","Bacteria_Kingdom","Campylobacterota","Fusobacteriota","Synergistota"
0,0.00705555555555556,0.364,0.5495,0.0327777777777778,0.0323333333333333,0.0114444444444444,0.00211111111111111,0,0,0.000777777777777778,0,0,0
1,0.00594444444444444,0.311,0.599555555555556,0.0525,0.0177222222222222,0.012,0.000333333333333333,0,0,0.000833333333333333,5.55555555555556e-05,0,5.55555555555556e-05
2,0.00572222222222222,0.340222222222222,0.590444444444444,0.0395,0.0156666666666667,0.00788888888888889,0.000277777777777778,0,0,0.000222222222222222,5.55555555555556e-05,0,0
3,0.00310077519379845,0.362569213732004,0.588261351052049,0.0197674418604651,0.0168327796234773,0.00919158361018826,0.000110741971207087,0,0,0.000166112956810631,0,0,0
4,0.000777777777777778,0.369333333333333,0.591777777777778,0.00788888888888889,0.0185555555555556,0.0113888888888889,5.55555555555556e-05,0,0,0.000222222222222222,0,0,0
5,0.00111111111111111,0.341611111111111,0.579055555555556,0.0201666666666667,0.0126666666666667,0.0437222222222222,0.000888888888888889,0.000222222222222222,0,5e-04,0,0,5.55555555555556e-05
6,0.0160555555555556,0.583277777777778,0.350111111111111,0.0232777777777778,0.0216666666666667,0.00427777777777778,0.00127777777777778,0,0,5.55555555555556e-05,0,0,0
7,0.0111111111111111,0.481444444444444,0.428833333333333,0.0478888888888889,0.0196666666666667,0.00927777777777778,0.00144444444444444,0,0,0.000277777777777778,5.55555555555556e-05,0,0
8,0.00633333333333333,0.295944444444444,0.594611111111111,0.0732222222222222,0.0117777777777778,0.0155555555555556,0.00188888888888889,0,0,0.000666666666666667,0,0,0
9,0.0045,0.171888888888889,0.732333333333333,0.0641111111111111,0.0103333333333333,0.0168333333333333,0,0,0,0,0,0,0
10,0.000888888888888889,0.378888888888889,0.531444444444444,0.0492777777777778,0.0213888888888889,0.017,0.00111111111111111,0,0,0,0,0,0
11,0.00777777777777778,0.442444444444444,0.475,0.035,0.0243333333333333,0.0111666666666667,0.00305555555555556,0.000666666666666667,0,5e-04,5.55555555555556e-05,0,0
12,0.0143333333333333,0.476333333333333,0.448388888888889,0.0229444444444444,0.0250555555555556,0.00555555555555556,0.00511111111111111,0.00122222222222222,0,0.001,0,0,5.55555555555556e-05
13,0.001,0.278055555555556,0.634111111111111,0.0577777777777778,0.0171111111111111,0.00972222222222222,0.00183333333333333,0,0,0.000388888888888889,0,0,0
14,0.0141111111111111,0.432111111111111,0.467388888888889,0.0413333333333333,0.0372777777777778,0.00655555555555556,0.001,0,0,5.55555555555556e-05,0,0.000166666666666667,0
15,0.0725555555555556,0.312444444444444,0.533222222222222,0.0381111111111111,0.0368333333333333,0.0055,0.000611111111111111,0,0,0.000388888888888889,0.000222222222222222,5.55555555555556e-05,0
16,0.00822222222222222,0.449222222222222,0.467388888888889,0.0273888888888889,0.033,0.0108888888888889,0.00361111111111111,0,0,0.000277777777777778,0,0,0
17,0.0227222222222222,0.364777777777778,0.493333333333333,0.092,0.0142222222222222,0.0106111111111111,0.00227777777777778,0,0,0,5.55555555555556e-05,0,0
18,0.00616666666666667,0.332444444444444,0.614444444444444,0.0229444444444444,0.0125555555555556,0.0106666666666667,0.000333333333333333,0,0,0.000444444444444444,0,0,0
19,0.00470783716422044,0.315591248961507,0.631071725283855,0.0247576848518416,0.0139019662143451,0.009526446967599,0.000166158958737192,0,0,0.000166158958737192,0,0,0
20,0.00516666666666667,0.311722222222222,0.626888888888889,0.0316111111111111,0.0154444444444444,0.00866666666666667,0.000111111111111111,0,0,0.000111111111111111,0,0,0
21,0.00805555555555556,0.436888888888889,0.471833333333333,0.0738333333333333,0.00472222222222222,0.00438888888888889,0,0,0,0.000222222222222222,5.55555555555556e-05,0,0
22,0.00333333333333333,0.328166666666667,0.611111111111111,0.0456111111111111,0.00555555555555555,0.00616666666666667,0,0,0,5.55555555555556e-05,0,0,0
23,0.0175,0.291666666666667,0.544722222222222,0.115222222222222,0.0252222222222222,0.00522222222222222,0.000222222222222222,0,0,0.000111111111111111,0.000111111111111111,0,0
24,0.0025,0.374333333333333,0.508333333333333,0.0860555555555556,0.0183888888888889,0.00688888888888889,0.00344444444444444,0,0,5.55555555555556e-05,0,0,0
25,0.00705555555555556,0.352222222222222,0.535166666666667,0.083,0.00838888888888889,0.0100555555555556,0.00327777777777778,0,0,0.000833333333333333,0,0,0
26,0.00555555555555556,0.00844444444444445,0.889333333333333,0.0800555555555556,0.00305555555555556,0.0134444444444444,0.000111111111111111,0,0,0,0,0,0
27,0.0105,0.355611111111111,0.550388888888889,0.0313888888888889,0.0364444444444444,0.0135555555555556,0.00105555555555556,0,0,0.000833333333333333,0.000222222222222222,0,0
28,5e-04,0.120833333333333,0.786722222222222,0.0671111111111111,0.0105,0.013,0.000388888888888889,0,0,0.000944444444444444,0,0,0
29,0.00194444444444444,0.318388888888889,0.409333333333333,0.238944444444444,0.0217777777777778,0.00444444444444444,0.000833333333333333,0,0,0.00427777777777778,0,0,5.55555555555556e-05
30,0.0035,0.251277777777778,0.635055555555556,0.0935,0.00916666666666667,0.00644444444444444,0.000111111111111111,0,0,0.000944444444444444,0,0,0
31,0.00244444444444444,0.241111111111111,0.626666666666667,0.112944444444444,0.0095,0.00672222222222222,0.000166666666666667,0,0,0.000444444444444444,0,0,0
32,0.000333333333333333,0.291222222222222,0.570777777777778,0.118388888888889,0.0105555555555556,0.00822222222222222,0.000166666666666667,0,0,0.000333333333333333,0,0,0
33,0.00105555555555556,0.273222222222222,0.623833333333333,0.0802222222222222,0.0121111111111111,0.00938888888888889,5.55555555555556e-05,0,0,0.000111111111111111,0,0,0
34,0.00222222222222222,0.382111111111111,0.548666666666667,0.0391111111111111,0.0190555555555556,0.00722222222222222,0.00138888888888889,0,0,0.000222222222222222,0,0,0
35,0.00566666666666667,0.389166666666667,0.538388888888889,0.0325555555555556,0.0257777777777778,0.00677777777777778,0.0015,0,0,0.000111111111111111,5.55555555555556e-05,0,0
36,0.0085,0.386111111111111,0.534722222222222,0.0263333333333333,0.0380555555555556,0.00577777777777778,0.000166666666666667,0,0,0.000277777777777778,5.55555555555556e-05,0,0
37,0.0153333333333333,0.358944444444444,0.531944444444444,0.0668333333333333,0.0146111111111111,0.0102222222222222,0.00161111111111111,0,0,5e-04,0,0,0
38,0.00561111111111111,0.3115,0.608277777777778,0.0499444444444444,0.0152222222222222,0.00894444444444444,0.000444444444444444,0,0,5.55555555555556e-05,0,0,0
39,0.00577777777777778,0.4835,0.470777777777778,0.0220555555555556,0.0102222222222222,0.00505555555555556,0.00144444444444444,0,0,0.00116666666666667,0,0,0
40,0.00416666666666667,0.380833333333333,0.555666666666667,0.0401666666666667,0.0111666666666667,0.00633333333333333,0.001,0,0,0.000666666666666667,0,0,0
41,0.0113888888888889,0.275611111111111,0.645555555555556,0.0255,0.0267222222222222,0.0131666666666667,0.00122222222222222,0,0,0.000388888888888889,0,0,0
42,0.00727777777777778,0.181888888888889,0.698833333333333,0.0405,0.0601111111111111,0.00838888888888889,0.000444444444444444,0,0,0.00255555555555556,0,0,0
43,0.00333333333333333,0.299333333333333,0.5835,0.0672222222222222,0.00861111111111111,0.0357777777777778,0.00133333333333333,0,0,0.000888888888888889,0,0,0
44,0.00511111111111111,0.286055555555556,0.606277777777778,0.0828333333333333,0.00616666666666667,0.0126666666666667,0.000555555555555556,0,0,0.000333333333333333,0,0,0
45,0.00744444444444444,0.264833333333333,0.632777777777778,0.0891666666666667,0.00238888888888889,0.00311111111111111,0,0,0,0.000277777777777778,0,0,0
46,0.00566666666666667,0.151333333333333,0.749277777777778,0.0802222222222222,0.00472222222222222,0.00811111111111111,0,0,0,0.000666666666666667,0,0,0
47,0.00577777777777778,0.0837777777777778,0.681055555555556,0.208055555555556,0.00355555555555556,0.0148888888888889,0,0,0,0.00283333333333333,5.55555555555556e-05,0,0
48,0.00422222222222222,0.164333333333333,0.674833333333333,0.1375,0.00572222222222222,0.0114444444444444,0.000222222222222222,0,0,0.00172222222222222,0,0,0
49,0.00294444444444444,0.291166666666667,0.659666666666667,0.0308333333333333,0.00683333333333333,0.00777777777777778,0.000444444444444444,0,0,0.000333333333333333,0,0,0
50,0.00888888888888889,0.318722222222222,0.634111111111111,0.0172777777777778,0.0102222222222222,0.0106111111111111,0,0,0,5.55555555555556e-05,0.000111111111111111,0,0
51,0.00227777777777778,0.259,0.692722222222222,0.0241111111111111,0.0107222222222222,0.011,0,0,0,0.000166666666666667,0,0,0
52,0.00794444444444444,0.225833333333333,0.702833333333333,0.0445,0.00816666666666667,0.0105,0,0,0,0.000222222222222222,0,0,0
53,0.0315,0.141777777777778,0.633277777777778,0.1525,0.0326111111111111,0.008,0,0,0,0.000333333333333333,0,0,0
54,0.00833333333333333,0.367611111111111,0.568722222222222,0.0323333333333333,0.0136666666666667,0.00905555555555556,5.55555555555556e-05,0,0,0.000222222222222222,0,0,0
55,0.00622222222222222,0.260611111111111,0.651833333333333,0.0583333333333333,0.00988888888888889,0.0112222222222222,0.000666666666666667,0,0,0.00122222222222222,0,0,0
56,0.00361111111111111,0.200944444444444,0.679722222222222,0.0793888888888889,0.0203333333333333,0.0157222222222222,0.000277777777777778,0,0,0,0,0,0
57,0.00338888888888889,0.165611111111111,0.694277777777778,0.107055555555556,0.0158888888888889,0.0135555555555556,0.000166666666666667,0,0,5.55555555555556e-05,0,0,0
58,0.00288888888888889,0.350055555555556,0.553333333333333,0.0667777777777778,0.0143888888888889,0.0108888888888889,0.00144444444444444,0,0,0.000222222222222222,0,0,0
59,0.0666666666666667,0.166222222222222,0.651555555555556,0.0800555555555555,0.0123888888888889,0.0224444444444444,0.000611111111111111,0,0,5.55555555555556e-05,0,0,0
60,0.022,0.315333333333333,0.582388888888889,0.0455,0.0216111111111111,0.0115,0.00127777777777778,0,0,0.000333333333333333,0,5.55555555555556e-05,0
61,0.006,0.376611111111111,0.561833333333333,0.0243888888888889,0.0196666666666667,0.0113888888888889,5.55555555555556e-05,0,0,5.55555555555556e-05,0,0,0
62,0.00688888888888889,0.386944444444444,0.559444444444444,0.0192222222222222,0.0167777777777778,0.0106666666666667,0,0,0,5.55555555555556e-05,0,0,0
63,0.00911378249930109,0.351579535923959,0.543416270617836,0.0652502096729103,0.0200726866088901,0.00872239306681577,0.00178920883421862,0,0,5.59127760693318e-05,0,0,0
64,0.0118333333333333,0.309666666666667,0.531611111111111,0.110944444444444,0.0246666666666667,0.00738888888888889,0.00355555555555556,0,0,0.000333333333333333,0,0,0
65,0.00822222222222222,0.301833333333333,0.537777777777778,0.103055555555556,0.0303888888888889,0.0170555555555556,0.00111111111111111,0,0,5e-04,0,5.55555555555556e-05,0
66,0.00261111111111111,0.164833333333333,0.622111111111111,0.144111111111111,0.0351111111111111,0.0303333333333333,0.000722222222222222,0,0,5.55555555555556e-05,0.000111111111111111,0,0
67,0.0035,0.367277777777778,0.516111111111111,0.0890555555555556,0.0156666666666667,0.00766666666666667,0.000722222222222222,0,0,0,0,0,0
68,0.0106666666666667,0.447166666666667,0.452722222222222,0.0433333333333333,0.0406666666666667,0.0045,0.000777777777777778,0,0,0.000166666666666667,0,0,0
69,0.0309444444444444,0.269444444444444,0.544555555555556,0.0435,0.103055555555556,0.00255555555555556,0.000277777777777778,0,0,0.00561111111111111,5.55555555555556e-05,0,0
70,0.00283333333333333,0.454555555555556,0.439388888888889,0.0690555555555556,0.0151666666666667,0.00527777777777778,0.0113888888888889,0,0,0.00222222222222222,0.000111111111111111,0,0
71,0.0174444444444444,0.264944444444444,0.567277777777778,0.129777777777778,0.0111666666666667,0.00533333333333333,0.00361111111111111,0,0,0.000388888888888889,5.55555555555556e-05,0,0
72,0.0313888888888889,0.157611111111111,0.629444444444444,0.166111111111111,0.0102222222222222,0.00511111111111111,5.55555555555556e-05,0,0,5.55555555555556e-05,0,0,0
73,0.0501111111111111,0.488555555555556,0.375833333333333,0.0342222222222222,0.0258333333333333,0.00138888888888889,0.00155555555555556,0,0,0.0219444444444444,5.55555555555556e-05,5e-04,0
74,0.0622777777777778,0.519111111111111,0.3365,0.029,0.0253888888888889,0.0015,0.00138888888888889,0.000277777777777778,0.000166666666666667,0.0236111111111111,0.000277777777777778,0.000111111111111111,0
75,0.0483692647871752,0.448037589828635,0.41592039800995,0.0318407960199005,0.0194029850746269,0.00851299060254284,0.00110558319513543,0.000110558319513543,0.00270867882808181,0.0221669430624655,0.000110558319513543,0,0
76,0.032,0.337111111111111,0.524944444444444,0.045,0.0131111111111111,0.0165,0.001,0,0.00516666666666667,0.0216111111111111,0,0,0
77,0.009,0.163277777777778,0.608444444444444,0.0931666666666667,0.0115,0.00172222222222222,0.000277777777777778,0,0,0.112388888888889,0,0.000222222222222222,0
78,0.056,0.499111111111111,0.382611111111111,0.0174444444444444,0.0104444444444444,0.000111111111111111,5.55555555555556e-05,0,0,0.0340555555555556,0,0,0
79,0.0333333333333333,0.436833333333333,0.325611111111111,0.0253888888888889,0.013,0.000722222222222222,0.001,0,0,0.163833333333333,0,0,0.000222222222222222
80,0.00944444444444444,0.2655,0.278555555555556,0.0414444444444444,0.0177222222222222,0.00194444444444444,0.00155555555555556,0,0,0.383,0,0,0.000833333333333333
81,0.000722222222222222,0.0411666666666667,0.401722222222222,0.157222222222222,0.0618333333333333,0.00227777777777778,0.000444444444444444,0,0,0.334055555555556,0,5.55555555555556e-05,5e-04
82,0.000666666666666667,0.0787222222222222,0.386222222222222,0.150444444444444,0.0583888888888889,0.002,0.001,0,0,0.319722222222222,0,0.00216666666666667,0.000666666666666667
83,0.000666666666666667,0.189222222222222,0.351166666666667,0.108055555555556,0.0519444444444444,0.00177777777777778,0.00211111111111111,0,0,0.287277777777778,0,0.00711111111111111,0.000666666666666667
84,0.000222222222222222,0.325833333333333,0.305333333333333,0.0571666666666667,0.0363888888888889,0.00105555555555556,0.00266666666666667,0,0,0.254055555555556,0,0.0170555555555556,0.000222222222222222
85,0.000388888888888889,0.432722222222222,0.250166666666667,0.0233888888888889,0.0311666666666667,0.000388888888888889,0.00416666666666667,0,0,0.232277777777778,0,0.0253333333333333,0
86,0.00427777777777778,0.438611111111111,0.230333333333333,0.0134444444444444,0.0345555555555556,0.000388888888888889,0.00161111111111111,0,0,0.240055555555556,0,0.0367222222222222,0
87,0.00933333333333333,0.422166666666667,0.225777777777778,0.0122222222222222,0.0378888888888889,0.00116666666666667,0.000666666666666667,0,0,0.250277777777778,0,0.0405,0
88,0.00288888888888889,0.483444444444444,0.247722222222222,0.0156111111111111,0.0342222222222222,0.00222222222222222,0.00183333333333333,0,0,0.189666666666667,0,0.0223888888888889,0
89,0.0437972811557932,0.340139923781355,0.386439906717479,0.0769580797451794,0.0240031852568113,0.00290085888174734,0.00142198964791536,0,0,0.115806836926227,0,0.00853193788749218,0
90,0.0829444444444444,0.1845,0.511111111111111,0.134611111111111,0.013,0.00422222222222222,0.00111111111111111,0,0,0.0671666666666667,5.55555555555556e-05,0.00127777777777778,0
91,0.0242222222222222,0.357777777777778,0.386833333333333,0.0678333333333333,0.0215,0.00772222222222222,0.00344444444444444,0,0,0.128777777777778,0,0.00188888888888889,0
92,0.0289444444444444,0.368666666666667,0.389444444444444,0.0593888888888889,0.0183888888888889,0.00705555555555556,0.00394444444444444,0,0,0.122722222222222,0,0.00138888888888889,0
93,0.0473888888888889,0.365777777777778,0.387611111111111,0.0546111111111111,0.0205,0.00377777777777778,0.00294444444444444,0,0,0.116166666666667,0,0.00122222222222222,0
94,0.0616111111111111,0.360444444444444,0.396777777777778,0.0494444444444444,0.0188888888888889,0.0025,0.00116666666666667,0,0,0.1075,0,0.00161111111111111,5.55555555555556e-05
95,0.0818888888888889,0.347777777777778,0.401277777777778,0.0467777777777778,0.0190555555555556,0.00205555555555556,0.000222222222222222,0,0,0.0987777777777778,0,0.00216666666666667,0
96,0.0862777777777778,0.348,0.405722222222222,0.0418333333333333,0.0190555555555556,0.000944444444444444,0.000166666666666667,0,0,0.0961666666666667,0,0.00183333333333333,0
97,0.0085,0.533277777777778,0.336388888888889,0.0471666666666667,0.0170555555555556,0.000777777777777778,0.000777777777777778,0,0,0.0559444444444444,0,0.000111111111111111,0
98,0.00877777777777778,0.442333333333333,0.424111111111111,0.0308333333333333,0.0182777777777778,0.000944444444444444,0.00183333333333333,0.000333333333333333,0,0.0724444444444445,0,0.000111111111111111,0
99,0.00144444444444444,0.3755,0.467888888888889,0.0521666666666667,0.0270555555555556,0.00366666666666667,0.00172222222222222,0,0,0.0703333333333333,0,0.000222222222222222,0
100,0.0112777777777778,0.519333333333333,0.366611111111111,0.0272777777777778,0.022,0.00211111111111111,0.00333333333333333,0,0,0.0471111111111111,5.55555555555556e-05,0.000888888888888889,0
101,0.0108888888888889,0.414,0.394666666666667,0.0316111111111111,0.0365,0.00244444444444444,0.00194444444444444,0,0,0.107277777777778,0,0.000555555555555556,5.55555555555556e-05
102,0.00427777777777778,0.264222222222222,0.439555555555556,0.115888888888889,0.0121666666666667,0.0132222222222222,0.00127777777777778,0,0,0.149111111111111,5.55555555555556e-05,0.000166666666666667,0
103,0.00277777777777778,0.526,0.291722222222222,0.038,0.0236666666666667,0.00155555555555556,0.00633333333333333,5.55555555555556e-05,0,0.108722222222222,0.00111111111111111,5.55555555555556e-05,0
104,0.0607222222222222,0.4275,0.241277777777778,0.0562777777777778,0.0182777777777778,0.000555555555555556,0.00455555555555555,0.000111111111111111,0,0.163833333333333,0.0260555555555556,0.000777777777777778,0
105,0.165944444444444,0.187611111111111,0.179944444444444,0.116388888888889,0.00405555555555556,0.000166666666666667,0.000555555555555556,0,0,0.267166666666667,0.0757777777777778,0.00222222222222222,0
106,0.163388888888889,0.145611111111111,0.173555555555556,0.0679444444444444,0.00411111111111111,0.000333333333333333,0.000277777777777778,0,0,0.404,0.0401111111111111,0.000666666666666667,0
107,0.163111111111111,0.146055555555556,0.174388888888889,0.0446666666666667,0.00522222222222222,0.000277777777777778,0.000333333333333333,0,0,0.447888888888889,0.0176111111111111,0.000388888888888889,0
108,0.0540555555555556,0.489666666666667,0.195555555555556,0.0308333333333333,0.0476111111111111,0.000444444444444444,0.00133333333333333,0.000166666666666667,0,0.117333333333333,0.00377777777777778,0.0592222222222222,0
109,0.0464444444444444,0.429833333333333,0.278444444444444,0.0302222222222222,0.0885,0.000388888888888889,0.00116666666666667,0.000222222222222222,0,0.0748333333333333,0.00344444444444444,0.0465,0
110,0.0407777777777778,0.374055555555556,0.346833333333333,0.0297222222222222,0.119722222222222,5e-04,0.00111111111111111,0.000222222222222222,0,0.0513333333333333,0.00388888888888889,0.0318333333333333,0
111,0.0387777777777778,0.326166666666667,0.393222222222222,0.0283888888888889,0.146,0.000333333333333333,0.00183333333333333,5.55555555555556e-05,0,0.0409444444444444,0.00611111111111111,0.0181666666666667,0
112,0.0468333333333333,0.311,0.405166666666667,0.0281666666666667,0.150611111111111,0.000388888888888889,0.00105555555555556,0,0,0.0344444444444444,0.00883333333333333,0.0135,0
113,0.169611111111111,0.380888888888889,0.164666666666667,0.0217222222222222,0.0500555555555556,0.000166666666666667,0.001,0,0,0.094,0.0643333333333333,0.0533888888888889,0
114,0.0623888888888889,0.582666666666667,0.221,0.0197777777777778,0.0381111111111111,0.000388888888888889,0.00333333333333333,0,0,0.0301666666666667,0.00616666666666667,0.036,0
115,0.0858888888888889,0.334444444444444,0.404555555555556,0.0268333333333333,0.0446666666666667,0.00566666666666667,0.000333333333333333,0,0,0.0923888888888889,0.00111111111111111,0.00394444444444444,0
116,0.00522222222222222,0.310111111111111,0.513666666666667,0.0390555555555556,0.0409444444444444,0.00366666666666667,0.00144444444444444,0.000277777777777778,0,0.0818888888888889,0.001,0.00272222222222222,0
117,0.0318333333333333,0.490333333333333,0.396722222222222,0.0307222222222222,0.0317222222222222,0.000555555555555556,0.00305555555555556,0,0,0.0065,0.00388888888888889,0.00466666666666667,0
118,0.0035,0.308888888888889,0.599666666666667,0.0490555555555556,0.0189444444444444,0.00405555555555556,0.000777777777777778,0,0,0.0144444444444444,0.000222222222222222,0.000388888888888889,0
119,0.00355555555555556,0.437833333333333,0.364166666666667,0.0726666666666667,0.012,0.00105555555555556,0.00394444444444444,0,0,0.0890555555555556,0.0156111111111111,0.000111111111111111,0
120,0.00683333333333333,0.435388888888889,0.343444444444444,0.0689444444444444,0.0143333333333333,0.00133333333333333,0.003,0,0,0.113722222222222,0.0125,5e-04,0
121,0.0158888888888889,0.426166666666667,0.351444444444444,0.0462777777777778,0.0152222222222222,0.00261111111111111,0.00305555555555556,0,0,0.134055555555556,0.00483333333333333,0.000444444444444444,0
122,0.0282222222222222,0.380055555555556,0.39,0.0365555555555556,0.0161666666666667,0.00405555555555556,0.0015,0,0,0.143055555555556,0,0.000388888888888889,0
123,0.0295,0.347944444444444,0.449444444444444,0.0612222222222222,0.0265555555555556,0.00244444444444444,0.000611111111111111,0,0,0.0822222222222222,5.55555555555556e-05,0,0
124,0.0199444444444444,0.410833333333333,0.430611111111111,0.053,0.0316111111111111,0.00444444444444444,0.000444444444444444,0,0,0.0491111111111111,0,0,0
125,0.0125,0.480222222222222,0.406444444444444,0.0423888888888889,0.0317777777777778,0.00622222222222222,0.000722222222222222,0,0,0.0197222222222222,0,0,0
126,0.0232777777777778,0.196888888888889,0.649,0.0658888888888889,0.0297222222222222,0.00277777777777778,0.000555555555555556,0,0,0.0317777777777778,0,5.55555555555556e-05,5.55555555555556e-05
127,0.00777777777777778,0.295611111111111,0.635888888888889,0.0361111111111111,0.00527777777777778,0.007,0.000333333333333333,0,0,0.0119444444444444,0,0,5.55555555555556e-05
128,0.00511111111111111,0.3265,0.614222222222222,0.0175555555555556,0.015,0.0128333333333333,0.000222222222222222,0.000555555555555556,0,0.00788888888888889,0,0.000111111111111111,0
129,0.00355555555555556,0.411444444444444,0.545555555555556,0.0193333333333333,0.00888888888888889,0.0045,0,0.000333333333333333,0,0.00638888888888889,0,0,0
130,0.00455555555555556,0.427722222222222,0.530055555555556,0.0181111111111111,0.00961111111111111,0.00372222222222222,0.000888888888888889,0.000111111111111111,0,0.00522222222222222,0,0,0
131,0.00472222222222222,0.447222222222222,0.499277777777778,0.0217777777777778,0.0146111111111111,0.00372222222222222,0.00161111111111111,0.000111111111111111,0,0.00694444444444444,0,0,0
132,0.0100555555555556,0.4745,0.452722222222222,0.025,0.0237777777777778,0.00244444444444444,0.00327777777777778,0.000166666666666667,0,0.008,0,5.55555555555556e-05,0
133,0.0151666666666667,0.525555555555556,0.372,0.0286111111111111,0.0397777777777778,0.00277777777777778,0.0065,0.000111111111111111,0,0.0095,0,0,0
134,0.0192222222222222,0.550833333333333,0.325166666666667,0.0344444444444444,0.0500555555555556,0.00238888888888889,0.00827777777777778,0,0,0.00961111111111111,0,0,0
135,0.00972222222222222,0.483555555555556,0.413277777777778,0.0348333333333333,0.0363333333333333,0.00755555555555555,0.003,0,0,0.0116111111111111,0,0,0.000111111111111111
136,0.0167222222222222,0.243333333333333,0.647833333333333,0.0703888888888889,0.0145,0.00572222222222222,5.55555555555556e-05,0,0,0.00144444444444444,0,0,0
137,0.00788888888888889,0.3515,0.57,0.0449444444444444,0.017,0.00661111111111111,5.55555555555556e-05,0,0,0.002,0,0,0
138,0.00188888888888889,0.435611111111111,0.509277777777778,0.0254444444444444,0.0191666666666667,0.00616666666666667,0,0,0,0.00244444444444444,0,0,0
139,0.00916666666666667,0.302833333333333,0.614611111111111,0.0408888888888889,0.0228333333333333,0.00777777777777778,0.001,0,0,0.000833333333333333,5.55555555555556e-05,0,0
140,0.00166666666666667,0.205277777777778,0.702722222222222,0.0682777777777778,0.0142777777777778,0.00711111111111111,0.000166666666666667,0,0,5e-04,0,0,0
141,0.001,0.377111111111111,0.534555555555556,0.0593333333333333,0.0195555555555556,0.00766666666666667,5e-04,0,0,0.000277777777777778,0,0,0
142,0.00161111111111111,0.473166666666667,0.470277777777778,0.0181111111111111,0.027,0.00427777777777778,0.00522222222222222,0,0,0.000333333333333333,0,0,0
143,0.000611111111111111,0.216277777777778,0.657444444444444,0.0906111111111111,0.00994444444444444,0.0173888888888889,0.00722222222222222,0,0,5e-04,0,0,0
144,0.00544444444444444,0.365333333333333,0.531222222222222,0.0654444444444444,0.0222777777777778,0.00733333333333333,0.00238888888888889,0,0,0.000555555555555556,0,0,0
145,0.00238888888888889,0.326555555555556,0.569388888888889,0.0771111111111111,0.0176111111111111,0.00533333333333333,0.000555555555555556,0,0,0.00105555555555556,0,0,0
146,0.000888888888888889,0.278777777777778,0.619222222222222,0.081,0.0141111111111111,0.00533333333333333,0,0,0,0.000666666666666667,0,0,0
147,0.00266666666666667,0.340944444444444,0.573722222222222,0.0496666666666667,0.0267777777777778,0.00505555555555556,0.000777777777777778,0,0,0.000388888888888889,0,0,0
148,0.00672155940178121,0.40082899232622,0.515767658096678,0.042569876211281,0.0241976138464124,0.00476110457626169,0.00324875371086092,0,0,0.00190444183050468,0,0,0
149,0.0101666666666667,0.453555555555556,0.464666666666667,0.0371111111111111,0.0202222222222222,0.0055,0.00522222222222222,0,0,0.00355555555555556,0,0,0
150,0.00805555555555556,0.5225,0.414111111111111,0.0252777777777778,0.0168888888888889,0.00627777777777778,0.00316666666666667,0.0015,0,0.00205555555555556,0.000166666666666667,0,0
151,0.00488888888888889,0.405222222222222,0.522611111111111,0.0273333333333333,0.0309444444444444,0.00738888888888889,0.00127777777777778,0,0,0.000333333333333333,0,0,0
152,0.00116666666666667,0.371388888888889,0.550166666666667,0.0421111111111111,0.0175555555555556,0.0151666666666667,0.000555555555555556,0,0,0.00188888888888889,0,0,0
153,0.00888888888888889,0.227,0.669888888888889,0.049,0.0202777777777778,0.00655555555555556,0.000166666666666667,0.000333333333333333,0,0.0177777777777778,0.000111111111111111,0,0
154,0.00105555555555556,0.250722222222222,0.550277777777778,0.145333333333333,0.0161666666666667,0.017,5.55555555555556e-05,0,0,0.0193888888888889,0,0,0
155,0.0198333333333333,0.428666666666667,0.488777777777778,0.0360555555555556,0.0217222222222222,0.00194444444444444,0.0025,0,0,5e-04,0,0,0
156,0.0115555555555556,0.453388888888889,0.491333333333333,0.0269444444444444,0.0111111111111111,0.00222222222222222,0.00255555555555556,0.000333333333333333,0,0.000388888888888889,0.000111111111111111,0,5.55555555555556e-05
157,0.0106111111111111,0.462055555555556,0.478,0.0298888888888889,0.0151666666666667,0.00238888888888889,0.00127777777777778,0.000111111111111111,0,5e-04,0,0,0
158,0.008,0.464888888888889,0.468666666666667,0.0325,0.0221666666666667,0.00283333333333333,0.000333333333333333,0,0,0.000611111111111111,0,0,0
159,0.00161111111111111,0.430333333333333,0.499555555555556,0.0432222222222222,0.0175,0.0055,0.000555555555555556,0.000222222222222222,0,0.0015,0,0,0
160,0.0150555555555556,0.358055555555556,0.554222222222222,0.0422222222222222,0.0248333333333333,0.00427777777777778,0.000944444444444444,0,0,0.000333333333333333,5.55555555555556e-05,0,0
161,0.00816666666666667,0.575166666666667,0.372277777777778,0.0233333333333333,0.0151666666666667,0.00266666666666667,0.00227777777777778,0,0,0.000944444444444444,0,0,0
162,0.0106666666666667,0.447111111111111,0.497611111111111,0.0291666666666667,0.00894444444444444,0.00466666666666667,0.00111111111111111,0,0,0.000611111111111111,0.000111111111111111,0,0
163,0.0124444444444444,0.296222222222222,0.640444444444444,0.0386111111111111,0.00638888888888889,0.00577777777777778,0,0,0,0.000111111111111111,0,0,0
164,0.00422222222222222,0.483833333333333,0.425055555555556,0.0546666666666667,0.0222222222222222,0.00733333333333333,5e-04,0,0,0.00211111111111111,5.55555555555556e-05,0,0
165,0.00527777777777778,0.476444444444444,0.423888888888889,0.0323888888888889,0.0269444444444444,0.00444444444444444,0.00422222222222222,0.000444444444444444,0,0.0259444444444444,0,0,0
166,0.00244444444444444,0.462833333333333,0.474,0.0278888888888889,0.0222777777777778,0.00261111111111111,0.00405555555555556,0,0,0.00377777777777778,0,0.000111111111111111,0
167,0.0143333333333333,0.435055555555556,0.492277777777778,0.0266666666666667,0.0255555555555556,0.003,0.00233333333333333,0,0,0.000722222222222222,5.55555555555556e-05,0,0
168,0.0103888888888889,0.510277777777778,0.413777777777778,0.0278333333333333,0.0308333333333333,0.00122222222222222,0.00427777777777778,0.000333333333333333,0,0.00105555555555556,0,0,0
169,0.00172222222222222,0.414777777777778,0.451555555555556,0.0655,0.0335555555555556,0.00466666666666667,0.00488888888888889,0,0,0.0232777777777778,0,5.55555555555556e-05,0
170,0.0101111111111111,0.314277777777778,0.538944444444444,0.0929444444444444,0.0122777777777778,0.00527777777777778,0.001,0,0,0.0251666666666667,0,0,0
171,0.00433333333333333,0.363722222222222,0.554944444444444,0.0449444444444444,0.0171666666666667,0.00788888888888889,0.001,0,0,0.006,0,0,0
172,0.00466666666666667,0.384166666666667,0.530444444444444,0.0455,0.0207222222222222,0.0113888888888889,0.00255555555555556,0,0,0.000555555555555556,0,0,0
173,0.00455555555555556,0.298055555555556,0.586777777777778,0.0558888888888889,0.0282222222222222,0.0240555555555556,0.00211111111111111,0,0,0.000333333333333333,0,0,0
174,0.027,0.755944444444444,0.160388888888889,0.00672222222222222,0.0452777777777778,0.002,0.00261111111111111,0,0,5.55555555555556e-05,0,0,0
175,0.0111666666666667,0.522777777777778,0.391277777777778,0.0475555555555556,0.0183888888888889,0.00633333333333333,0.00211111111111111,0,0,0.000388888888888889,0,0,0
176,0.0135555555555556,0.079,0.821722222222222,0.0517222222222222,0.0175555555555556,0.0146111111111111,0.000166666666666667,0,0,0.00166666666666667,0,0,0
177,0.00772222222222222,0.431444444444444,0.469055555555556,0.0631666666666667,0.015,0.0107222222222222,0.00283333333333333,0,0,5.55555555555556e-05,0,0,0
178,0.0140555555555556,0.242888888888889,0.595277777777778,0.113055555555556,0.0181111111111111,0.015,0.00133333333333333,0,0,0.000277777777777778,0,0,0
179,0.00333333333333333,0.274388888888889,0.630666666666667,0.0622222222222222,0.0146666666666667,0.0135,0.000611111111111111,0,0,0.000611111111111111,0,0,0
180,0.00366666666666667,0.400666666666667,0.484722222222222,0.0811666666666667,0.0205555555555556,0.00772222222222222,0.000666666666666667,0,0,0.000833333333333333,0,0,0
181,0.0119444444444444,0.317777777777778,0.509722222222222,0.128111111111111,0.0247777777777778,0.00705555555555556,0.000333333333333333,0,0,0.000111111111111111,0.000166666666666667,0,0
182,0.00611111111111111,0.284888888888889,0.571888888888889,0.117888888888889,0.011,0.00733333333333333,0.000666666666666667,0,0,0.000222222222222222,0,0,0
183,0.00327777777777778,0.233944444444444,0.603277777777778,0.1505,0.003,0.00577777777777778,0.000111111111111111,0,0,0.000111111111111111,0,0,0
184,0.00688888888888889,0.229444444444444,0.693555555555556,0.0445,0.0121666666666667,0.0118333333333333,0.00127777777777778,0,0,0.000333333333333333,0,0,0
185,0.00188888888888889,0.357722222222222,0.498166666666667,0.1165,0.0145555555555556,0.00694444444444444,0.00105555555555556,0,0,0.00311111111111111,0,0,0
186,0.00538888888888889,0.362555555555556,0.486777777777778,0.124944444444444,0.00838888888888889,0.00883333333333333,0.00111111111111111,0,0,0.00188888888888889,0,0,0.000111111111111111
187,0.0135555555555556,0.322888888888889,0.584333333333333,0.0475,0.00605555555555556,0.0113333333333333,0.00261111111111111,5.55555555555556e-05,0,0.0116111111111111,0,0,5.55555555555556e-05
188,0.00566666666666667,0.316277777777778,0.580666666666667,0.0641111111111111,0.012,0.0122777777777778,0.00516666666666667,0,0,0.00383333333333333,0,0,0
189,0.00305555555555556,0.314222222222222,0.566944444444444,0.0812222222222222,0.0152222222222222,0.0122222222222222,0.00572222222222222,0,0,0.00138888888888889,0,0,0
190,0.004,0.346055555555556,0.503277777777778,0.122722222222222,0.00655555555555556,0.0106666666666667,0.0025,0,0,0.00405555555555556,0.000111111111111111,0,5.55555555555556e-05
191,0.000722222222222222,0.193111111111111,0.649222222222222,0.127611111111111,0.0104444444444444,0.0168888888888889,0.000666666666666667,0,0,0.00133333333333333,0,0,0
192,0.00211111111111111,0.0677777777777778,0.726166666666667,0.175277777777778,0.00611111111111111,0.0156666666666667,0.000111111111111111,0,0,0.00672222222222222,0,0,0
193,0.00133333333333333,0.281277777777778,0.664777777777778,0.0261111111111111,0.0126666666666667,0.0131666666666667,0,0,0,0.000666666666666667,0,0,0
194,0.001,0.168388888888889,0.686166666666667,0.110166666666667,0.0134444444444444,0.0131111111111111,0,0,0,0.00766666666666667,5.55555555555556e-05,0,0
195,0.00277777777777778,0.233666666666667,0.590388888888889,0.135666666666667,0.0109444444444444,0.0221111111111111,0,0,0,0.00444444444444444,0,0,0
196,0.00111111111111111,0.303611111111111,0.597833333333333,0.0643333333333333,0.0186666666666667,0.0133888888888889,0,0,0,0.00105555555555556,0,0,0
197,0.00783333333333333,0.00227777777777778,0.810777777777778,0.150611111111111,0.00911111111111111,0.0174444444444444,0,0,0,0.00183333333333333,0.000111111111111111,0,0
198,0.00527777777777778,0.267,0.625277777777778,0.0904444444444444,0.00172222222222222,0.01,5.55555555555556e-05,0,0,0.000222222222222222,0,0,0
199,0.00566666666666667,0.207222222222222,0.699111111111111,0.0505555555555556,0.00366666666666667,0.0332777777777778,0,0,0,5e-04,0,0,0
200,0.0147777777777778,0.326055555555556,0.591277777777778,0.0327777777777778,0.00794444444444444,0.0267777777777778,0,0,0,0.000388888888888889,0,0,0
201,0.00361111111111111,0.279944444444444,0.605611111111111,0.0721111111111111,0.0155555555555556,0.0225555555555556,0.000277777777777778,0,0,0.000333333333333333,0,0,0
202,0.000388888888888889,0.0533888888888889,0.835,0.0572222222222222,0.0462222222222222,0.00605555555555556,0.000111111111111111,0,0,0.00161111111111111,0,0,0
203,0.000611111111111111,0.353055555555556,0.556,0.0472222222222222,0.0285,0.0112777777777778,0.0015,0,0,0.00183333333333333,0,0,0
204,0.01,0.761611111111111,0.194,0.006,0.0237222222222222,0.00383333333333333,0.000833333333333333,0,0,0,0,0,0
205,0.00933333333333333,0.721722222222222,0.218388888888889,0.0100555555555556,0.0306111111111111,0.00866666666666667,0.00105555555555556,0,0,0.000166666666666667,0,0,0
206,0.00872222222222222,0.807277777777778,0.1485,0.00611111111111111,0.0215555555555556,0.00611111111111111,0.00155555555555556,0,0,5.55555555555556e-05,0.000111111111111111,0,0
207,0.00122222222222222,0.356222222222222,0.577222222222222,0.034,0.0181666666666667,0.0125555555555556,0.000333333333333333,0,0,0.000277777777777778,0,0,0
208,0.00227777777777778,0.3325,0.598611111111111,0.0432222222222222,0.0139444444444444,0.00916666666666667,5.55555555555556e-05,0,0,0.000222222222222222,0,0,0
209,0.00422222222222222,0.333777777777778,0.592666666666667,0.0531666666666667,0.00933333333333333,0.00677777777777778,0,0,0,5.55555555555556e-05,0,0,0
210,0.00277777777777778,0.502055555555556,0.424833333333333,0.0461111111111111,0.0112777777777778,0.0121666666666667,0.000111111111111111,0,0,0.000666666666666667,0,0,0
211,0.00355555555555556,0.285055555555556,0.628611111111111,0.0531666666666667,0.0100555555555556,0.0181111111111111,0.00105555555555556,0,0,0.000388888888888889,0,0,0
212,0.00127777777777778,0.407944444444444,0.536555555555556,0.0255,0.0161111111111111,0.00972222222222222,0.00283333333333333,0,0,5.55555555555556e-05,0,0,0
213,0.00783333333333333,0.341777777777778,0.599611111111111,0.0296111111111111,0.0120555555555556,0.00788888888888889,0.00116666666666667,0,0,0,5.55555555555556e-05,0,0
214,0.000611111111111111,0.396555555555556,0.559722222222222,0.0224444444444444,0.0107222222222222,0.00972222222222222,0.000166666666666667,0,0,5.55555555555556e-05,0,0,0
215,0.00538888888888889,0.467722222222222,0.482666666666667,0.0166666666666667,0.0138888888888889,0.0131666666666667,0.000277777777777778,0,0,0.000111111111111111,0,0,0
216,0.0134354811045681,0.319307072208564,0.614944828769081,0.0224686981876394,0.0157223715053456,0.0136069978846264,5.71722600194386e-05,0,0,0.00040020582013607,0,0,0
217,0.0211666666666667,0.173222222222222,0.738166666666667,0.0347777777777778,0.0161666666666667,0.0156666666666667,0,0,0,0.000833333333333333,0,0,0
218,0.000833333333333333,0.231055555555556,0.671222222222222,0.0679444444444444,0.00688888888888889,0.0217777777777778,0.000111111111111111,0,0,0.000166666666666667,0,0,0
219,0.00222222222222222,0.225,0.707722222222222,0.0290555555555556,0.00694444444444444,0.0276111111111111,0.00127777777777778,0,0,0.000166666666666667,0,0,0
220,0.00483333333333333,0.227277777777778,0.677888888888889,0.0601666666666667,0.00683333333333333,0.0216111111111111,0.00122222222222222,0,0,0.000166666666666667,0,0,0
221,0.00377777777777778,0.211,0.725333333333333,0.0349444444444444,0.00744444444444444,0.017,0.000333333333333333,0,0,0.000166666666666667,0,0,0
222,0.000722222222222222,0.204222222222222,0.668333333333333,0.0916666666666667,0.00588888888888889,0.0282777777777778,0.000166666666666667,0,0,0.000722222222222222,0,0,0
223,0.00572222222222222,0.389777777777778,0.525833333333333,0.0541666666666667,0.0137777777777778,0.00811111111111111,0.00188888888888889,0,0,0.000666666666666667,0,0,5.55555555555556e-05
224,0.00116666666666667,0.0808333333333333,0.808388888888889,0.0826111111111111,0.00522222222222222,0.0206666666666667,0.000111111111111111,0,0,0.001,0,0,0
225,0.00888888888888889,0.165388888888889,0.724777777777778,0.0663333333333333,0.0187222222222222,0.0144444444444444,5.55555555555556e-05,0,0,0.00127777777777778,5.55555555555556e-05,5.55555555555556e-05,0
226,0.012,0.301388888888889,0.628833333333333,0.0227777777777778,0.0109444444444444,0.0232222222222222,0.000611111111111111,0,0,0.000222222222222222,0,0,0
227,0.0184444444444444,0.393,0.517444444444444,0.0198333333333333,0.0191666666666667,0.0241111111111111,0.00666666666666667,0,0,0.00127777777777778,5.55555555555556e-05,0,0
228,0.00983333333333333,0.542333333333333,0.386944444444444,0.0141666666666667,0.0191666666666667,0.0200555555555556,0.00733333333333333,0,0,0.000166666666666667,0,0,0
229,0.0095,0.491277777777778,0.432166666666667,0.0246111111111111,0.0174444444444444,0.0193333333333333,0.00538888888888889,0,0,0.000277777777777778,0,0,0
230,0.015,0.375055555555556,0.536222222222222,0.0419444444444444,0.0121111111111111,0.0165555555555556,0.00288888888888889,0,0,0.000166666666666667,0,0,0
231,0.02,0.272277777777778,0.6215,0.0657222222222222,0.00566666666666667,0.0136111111111111,0.000888888888888889,0,0,0.000333333333333333,0,0,0
232,0.0232777777777778,0.208888888888889,0.668777777777778,0.0811111111111111,0.00561111111111111,0.0115555555555556,0,0,0,0.000611111111111111,0,0,0
233,0.0233333333333333,0.233722222222222,0.609944444444445,0.0706111111111111,0.0108888888888889,0.0156111111111111,0.000166666666666667,0,0,0.0356666666666667,5.55555555555556e-05,0,0
234,0.0757222222222222,0.246055555555556,0.474222222222222,0.0796666666666667,0.00211111111111111,0.0181111111111111,0,0,0,0.104111111111111,0,0,0
235,0.00277777777777778,0.0125,0.848055555555556,0.118833333333333,0.00666666666666667,0.00677777777777778,0,0,0,0.00438888888888889,0,0,0
236,0.0176111111111111,0.018,0.776833333333333,0.133944444444444,0.0471111111111111,0.00544444444444444,5.55555555555556e-05,0,0,0.000888888888888889,0.000111111111111111,0,0
237,0.00372222222222222,0.286333333333333,0.622555555555556,0.0705,0.013,0.00344444444444444,0,0,0,0.000444444444444444,0,0,0
238,0.00327777777777778,0.386777777777778,0.537055555555556,0.0529444444444444,0.0107222222222222,0.00761111111111111,0.000388888888888889,0,0,0.00122222222222222,0,0,0
239,0.00922222222222222,0.374666666666667,0.462444444444444,0.120277777777778,0.0151111111111111,0.0167777777777778,0.000611111111111111,0,0,0.000888888888888889,0,0,0
240,0.00422222222222222,0.347111111111111,0.532777777777778,0.0893333333333333,0.0111666666666667,0.0144444444444444,0.000777777777777778,0,0,0.000166666666666667,0,0,0
241,0.00422222222222222,0.5775,0.370111111111111,0.0267222222222222,0.0109444444444444,0.00305555555555556,0.00644444444444444,0,0,0.001,0,0,0
242,0.0433333333333333,0.387666666666667,0.452277777777778,0.0952777777777778,0.0122777777777778,0.00627777777777778,5e-04,0,0,0.00238888888888889,0,0,0
243,0.00105555555555556,0.4725,0.432277777777778,0.0555,0.0125,0.0188333333333333,0.00116666666666667,0,0,0.00616666666666667,0,0,0
244,0.00291898441372473,0.513686181637936,0.3936222944319,0.0501184116318775,0.0158065759762075,0.0154210497328854,0.00121165390758385,0,0,0.00721484826788566,0,0,0
245,0.00709416394169484,0.566202959596519,0.341129523915092,0.0480518760738236,0.018400487723771,0.00969905226403591,0.00144100205065676,0,0,0.00798093443440669,0,0,0
246,0.00972222222222222,0.591777777777778,0.316388888888889,0.0455,0.0196666666666667,0.00683333333333333,0.00166666666666667,0,0,0.00844444444444444,0,0,0
247,0.00623087621696801,0.588539638386648,0.336856745479833,0.0347148817802503,0.0190820584144645,0.0078442280945758,0.00239221140472879,0,0,0.00433936022253129,0,0,0
248,0.00294444444444444,0.581777777777778,0.357777777777778,0.0267222222222222,0.018,0.00922222222222222,0.00316666666666667,0,0,0.000388888888888889,0,0,0
249,0.0023115024766098,0.6168409466153,0.326031920748487,0.029389102916896,0.0159053384700055,0.00627407815079802,0.0026967528893781,0,0,0.000550357732526142,0,0,0
250,0.00205555555555556,0.6335,0.304166666666667,0.0394444444444444,0.0137222222222222,0.00377777777777778,0.00205555555555556,0,0,0.00127777777777778,0,0,0
251,0.005,0.0367777777777778,0.665,0.266388888888889,0.0055,0.0125,5.55555555555556e-05,0,0,0.00877777777777778,0,0,0
252,0.000388888888888889,0.151777777777778,0.674555555555556,0.148888888888889,0.00494444444444444,0.0104444444444444,0.00533333333333333,0,0,0.00366666666666667,0,0,0
253,0.00261111111111111,0.367444444444444,0.558944444444444,0.0540555555555556,0.00938888888888889,0.00494444444444444,0.000388888888888889,0,0,0.00222222222222222,0,0,0
254,0.00344444444444444,0.0928333333333333,0.7665,0.111444444444444,0.00427777777777778,0.0171111111111111,0.001,0,0,0.00338888888888889,0,0,0
255,0.00494444444444444,0.474222222222222,0.420888888888889,0.0569444444444444,0.0167222222222222,0.0189444444444444,0.00661111111111111,0,0,0.000722222222222222,0,0,0
256,0.00238888888888889,0.27,0.573,0.108944444444444,0.0202777777777778,0.0192777777777778,0.00527777777777778,0,0,5e-04,0,0,0
257,0.00261111111111111,0.0631111111111111,0.784555555555556,0.118333333333333,0.00583333333333333,0.0223333333333333,0.00216666666666667,0.000333333333333333,0,0.000722222222222222,0,0,0
258,0.003,0.414833333333333,0.472833333333333,0.0768888888888889,0.00616666666666667,0.0128888888888889,0.00272222222222222,5.55555555555556e-05,0,0.0106111111111111,0,0,0
259,0.00266666666666667,0.673444444444444,0.2425,0.0471666666666667,0.00661111111111111,0.00494444444444444,0.00366666666666667,0,0,0.019,0,0,0
260,0.00168995042812078,0.710680486705723,0.216989634970708,0.0383618747183416,0.00698512843623254,0.00315457413249211,0.00354889589905363,0,0,0.0185894547093285,0,0,0
261,0.000954144917775158,0.723578604703373,0.211539540887916,0.0340124600101027,0.0073525284840321,0.00218892069371948,0.00325531795476231,0,0,0.017118482348319,0,0,0
262,0.000833333333333333,0.725111111111111,0.214888888888889,0.0314444444444444,0.00761111111111111,0.00205555555555556,0.00322222222222222,0,0,0.0148333333333333,0,0,0
263,0.0017292352317733,0.680091482121939,0.271936185641769,0.0258269649132593,0.00786523121548502,0.00234283483014448,0.00312377977352597,0,0,0.00708428627210353,0,0,0
264,0.00394444444444444,0.630111111111111,0.328111111111111,0.0223888888888889,0.00827777777777778,0.003,0.00322222222222222,0,0,0.000944444444444444,0,0,0
265,0.00664451827242525,0.648781838316722,0.276578073089701,0.0405869324473976,0.0125138427464009,0.00271317829457364,0.00409745293466224,0,0,0.00808416389811739,0,0,0
266,0.0107222222222222,0.683444444444444,0.203277777777778,0.0597777777777778,0.0191111111111111,0.00255555555555556,0.00555555555555556,0,0,0.0155555555555556,0,0,0
267,0.0160555555555556,0.760055555555556,0.173055555555556,0.00933333333333333,0.0239444444444444,0.0015,0.00605555555555556,0,0,0.01,0,0,0
268,0.0179444444444444,0.542777777777778,0.3365,0.0747222222222222,0.0231666666666667,0.00344444444444444,5e-04,0,0,0.000888888888888889,5.55555555555556e-05,0,0
269,0.0365555555555556,0.565555555555556,0.310111111111111,0.0549444444444444,0.0277777777777778,0.00377777777777778,0.000722222222222222,0,0,0.000555555555555556,0,0,0
270,0.031,0.358111111111111,0.470333333333333,0.0927222222222222,0.0264444444444444,0.00427777777777778,0.000611111111111111,0,0,0.0164444444444444,0,5.55555555555556e-05,0
271,0.0274444444444444,0.171722222222222,0.601611111111111,0.141722222222222,0.023,0.00533333333333333,0.000166666666666667,0,0,0.0289444444444444,0,5.55555555555556e-05,0
272,0.0025,0.0035,0.721166666666667,0.245333333333333,0.00594444444444444,0.0192222222222222,0,0,0,0.00222222222222222,0,0,0
273,0.00373339189634347,0.192434391127704,0.618754803996925,0.164598660371143,0.00587460195454046,0.0126276490611617,0.000109805644010102,0,0,0.00181179312616669,0,0,0
274,0.00888888888888889,0.398055555555556,0.513,0.0652777777777778,0.0065,0.00622222222222222,0.000277777777777778,0,0,0.00177777777777778,0,0,0
275,0.0332222222222222,0.499777777777778,0.4145,0.0328888888888889,0.0105555555555556,0.00572222222222222,0,0,0,0.00333333333333333,0,0,0
276,0.00577777777777778,0.367388888888889,0.5705,0.0306666666666667,0.00616666666666667,0.0105,0.000166666666666667,0,0,0.00872222222222222,0.000111111111111111,0,0
277,0.00744444444444444,0.429166666666667,0.508722222222222,0.024,0.00827777777777778,0.00905555555555555,0.000666666666666667,0,0,0.0123333333333333,0,0.000333333333333333,0
278,0.0101666666666667,0.503222222222222,0.436722222222222,0.0142222222222222,0.0125555555555556,0.00611111111111111,0.00144444444444444,0,0,0.0148888888888889,0,0.000666666666666667,0
279,0.0106666666666667,0.522666666666667,0.412722222222222,0.0125555555555556,0.0128888888888889,0.00638888888888889,0.00177777777777778,0,0,0.0194444444444444,0,0.000888888888888889,0
280,0.00877777777777778,0.264666666666667,0.561,0.107166666666667,0.00922222222222222,0.0144444444444444,0.000111111111111111,0,0,0.0346111111111111,0,0,0
281,0.0600555555555556,0.444055555555556,0.442611111111111,0.0362222222222222,0.00722222222222222,0.00633333333333333,0.000277777777777778,0,0,0.00322222222222222,0,0,0
282,0.0115,0.132666666666667,0.776833333333333,0.0380555555555556,0.00566666666666667,0.0342777777777778,0,0,0,0.001,0,0,0
283,0.0253333333333333,0.330444444444444,0.599944444444444,0.0102222222222222,0.00655555555555556,0.0263333333333333,0.000388888888888889,0,0,0.000777777777777778,0,0,0
284,0.00505555555555556,0.297555555555556,0.604833333333333,0.0486111111111111,0.009,0.0341666666666667,0.000333333333333333,0,0,0.000444444444444444,0,0,0
285,0.00677777777777778,0.390444444444444,0.539944444444444,0.0217777777777778,0.0122777777777778,0.0275,0.001,0,0,0.000277777777777778,0,0,0
286,0.0126666666666667,0.146611111111111,0.722277777777778,0.0475555555555556,0.0156666666666667,0.0532777777777778,0.00172222222222222,0,0,0.000222222222222222,0,0,0
287,0.00683333333333333,0.390555555555556,0.499166666666667,0.0724444444444444,0.0169444444444444,0.0133333333333333,0.000611111111111111,0,0,0.000111111111111111,0,0,0
288,0.00505555555555556,0.389111111111111,0.547944444444444,0.0352222222222222,0.00755555555555556,0.0142222222222222,0.000722222222222222,0,0,0.000166666666666667,0,0,0
289,0.00805555555555556,0.404444444444444,0.532888888888889,0.0426111111111111,0.00672222222222222,0.00494444444444444,0.000277777777777778,0,0,0,5.55555555555556e-05,0,0
290,0.0102777777777778,0.348444444444444,0.538166666666667,0.0772222222222222,0.00822222222222222,0.0141111111111111,0.00127777777777778,0,0,0.00116666666666667,0,0,0
291,0.00816666666666667,0.377222222222222,0.546,0.0459444444444444,0.00927777777777778,0.0117777777777778,0.0015,0,0,0.000111111111111111,0,0,0
292,0.00711111111111111,0.338555555555556,0.525722222222222,0.108277777777778,0.00805555555555556,0.00972222222222222,0.001,0,0,0.00155555555555556,0,0,0
293,0.00604793126836988,0.317714221116889,0.54589645037305,0.10993669455121,0.00796970382093602,0.0102306127063079,0.000734795387745874,0,0,0.00146959077549175,0,0,0
294,0.00488215488215488,0.290909090909091,0.572951739618406,0.109315375982043,0.00819304152637486,0.0117845117845118,0.000617283950617284,0,0,0.00134680134680135,0,0,0
295,0.00378197997775306,0.271023359288098,0.594493882091212,0.107508342602892,0.00828698553948832,0.0132369299221357,0.00050055617352614,0,0,0.00116796440489433,0,0,0
296,0.00366666666666667,0.266,0.5995,0.106111111111111,0.00861111111111111,0.0144444444444444,5e-04,0,0,0.00116666666666667,0,0,0
297,0.0116111111111111,0.428722222222222,0.476722222222222,0.0452777777777778,0.0220555555555556,0.0115555555555556,0.00172222222222222,0,0,0.00233333333333333,0,0,0
298,0.00661111111111111,0.551611111111111,0.369222222222222,0.0295555555555556,0.0232777777777778,0.0165,0.00227777777777778,0,0,0.000944444444444444,0,0,0
299,0.0055347459048471,0.410633420920221,0.502376027282384,0.0445015933359423,0.015542013753005,0.0161010789959188,0.00134175658299324,0,0,0.00396936322468832,0,0,0
300,0.005,0.266555555555556,0.639388888888889,0.0597222222222222,0.00755555555555555,0.0141666666666667,0.000555555555555556,0,0,0.00705555555555556,0,0,0
301,0.00311111111111111,0.377444444444444,0.568222222222222,0.0297222222222222,0.0143333333333333,0.004,0.002,0,0,0.00116666666666667,0,0,0
302,0.00194444444444444,0.308833333333333,0.614888888888889,0.0517222222222222,0.0134444444444444,0.00811111111111111,5e-04,0,0,0.000555555555555556,0,0,0
303,0.00333333333333333,0.308833333333333,0.604277777777778,0.0376111111111111,0.0286666666666667,0.0172777777777778,0,0,0,0,0,0,0
304,0.00733333333333333,0.0660555555555555,0.769166666666667,0.129055555555556,0.00444444444444444,0.0228333333333333,0,0,0,0.00111111111111111,0,0,0
305,0.00372222222222222,0.348555555555556,0.563444444444444,0.0627222222222222,0.0128333333333333,0.00755555555555556,5.55555555555556e-05,0,0,0.00111111111111111,0,0,0
306,0.000722222222222222,0.140444444444444,0.674277777777778,0.164777777777778,0.00361111111111111,0.0127777777777778,0,0,0,0.00338888888888889,0,0,0
307,0.00211111111111111,0.0591666666666667,0.711388888888889,0.170666666666667,0.00938888888888889,0.0367222222222222,5.55555555555556e-05,0,0,0.0105,0,0,0
308,0.00327777777777778,0.245166666666667,0.597833333333333,0.108666666666667,0.0110555555555556,0.0238888888888889,0.00277777777777778,5.55555555555556e-05,0,0.00727777777777778,0,0,0
309,0.00316666666666667,0.443111111111111,0.465777777777778,0.0561666666666667,0.0156111111111111,0.00755555555555556,0.00544444444444444,5.55555555555556e-05,0,0.00311111111111111,0,0,0
310,0.00488888888888889,0.200833333333333,0.683555555555556,0.0855555555555556,0.0110555555555556,0.01,0.000222222222222222,0,0,0.00383333333333333,0,0,0
311,0.015,0.0195,0.741444444444444,0.201722222222222,0.00611111111111111,0.00988888888888889,0.00138888888888889,0,0,0.00494444444444444,0,0,0
312,0.00588888888888889,0.566388888888889,0.329222222222222,0.0405,0.0416111111111111,0.0115555555555556,0.00333333333333333,0,0,0.00138888888888889,0.000111111111111111,0,0
313,0.00577777777777778,0.277722222222222,0.587166666666667,0.0548333333333333,0.00822222222222222,0.0640555555555555,0.000222222222222222,0,0,0.002,0,0,0
314,0.009,0.356,0.581555555555555,0.0375,0.012,0.00294444444444444,5.55555555555556e-05,0,0,0.000944444444444444,0,0,0
315,0.0251666666666667,0.506,0.370722222222222,0.0458888888888889,0.0377777777777778,0.0141111111111111,5.55555555555556e-05,0,0,0.000277777777777778,0,0,0
316,0.00172222222222222,0.1865,0.590388888888889,0.181166666666667,0.0208333333333333,0.0167777777777778,0.00161111111111111,0,0,0.001,0,0,0
317,0.00166666666666667,0.511222222222222,0.362166666666667,0.0922777777777778,0.0208888888888889,0.00644444444444444,0.00355555555555556,0,0,0.00177777777777778,0,0,0
318,0.0223888888888889,0.458,0.394277777777778,0.110166666666667,0.0120555555555556,0.00177777777777778,0,0,0,0.00127777777777778,0,5.55555555555556e-05,0
319,0.0211111111111111,0.389333333333333,0.452388888888889,0.122444444444444,0.0111666666666667,0.00155555555555556,5.55555555555556e-05,0,0,0.00188888888888889,0,5.55555555555556e-05,0
320,0.016,0.276722222222222,0.539444444444445,0.153166666666667,0.0105,0.00216666666666667,0,0,0,0.002,0,0,0
321,0.00772222222222222,0.1245,0.659055555555556,0.188444444444444,0.0139444444444444,0.003,0,0,0,0.00333333333333333,0,0,0
322,0.00294444444444444,0.0381111111111111,0.730666666666667,0.204611111111111,0.0150555555555556,0.00411111111111111,0,0,0,0.0045,0,0,0
323,0.011,0.136833333333333,0.704722222222222,0.106,0.0273333333333333,0.00611111111111111,0.000166666666666667,0,0,0.00783333333333333,0,0,0
324,0.0123888888888889,0.281555555555556,0.537722222222222,0.153,0.00611111111111111,0.00644444444444444,5.55555555555556e-05,0,0,0.00272222222222222,0,0,0
325,0.0141111111111111,0.424222222222222,0.494722222222222,0.019,0.045,0.000888888888888889,0.000388888888888889,0,0,0.00166666666666667,0,0,0
326,0.00816666666666667,0.357777777777778,0.529722222222222,0.0730555555555556,0.026,0.00322222222222222,0.000777777777777778,0,0,0.00127777777777778,0,0,0
327,0.00277777777777778,0.454722222222222,0.464333333333333,0.0560555555555556,0.0148333333333333,0.00505555555555556,0.00166666666666667,0,0,0.000555555555555556,0,0,0
328,0.00244444444444444,0.115,0.7615,0.107111111111111,0.00561111111111111,0.00783333333333333,0,0,0,5e-04,0,0,0
329,0.00427777777777778,0.300888888888889,0.5635,0.110666666666667,0.0145,0.00583333333333333,0.000222222222222222,0,0,0.000111111111111111,0,0,0
330,0.00272222222222222,0.254277777777778,0.663333333333333,0.0548888888888889,0.0127222222222222,0.0109444444444444,0.001,0,0,0.000111111111111111,0,0,0
331,0.0109444444444444,0.138388888888889,0.557277777777778,0.261333333333333,0.00622222222222222,0.0138333333333333,0.0102222222222222,0,0,0.00177777777777778,0,0,0
332,0.0108333333333333,0.138222222222222,0.592,0.235277777777778,0.00761111111111111,0.00805555555555556,0.00438888888888889,0,0,0.00355555555555556,5.55555555555556e-05,0,0
333,0.00827777777777778,0.172777777777778,0.609222222222222,0.187111111111111,0.0120555555555556,0.00438888888888889,0.00127777777777778,0,0,0.00483333333333333,5.55555555555556e-05,0,0
334,0.0025,0.372777777777778,0.519222222222222,0.0775,0.0135555555555556,0.0120555555555556,0.00127777777777778,0,0,0.00111111111111111,0,0,0
335,0.00116666666666667,0.125777777777778,0.692833333333333,0.158111111111111,0.0113333333333333,0.01,0.000555555555555556,0,0,0.000222222222222222,0,0,0
336,0.00277777777777778,0.282055555555556,0.530055555555556,0.147833333333333,0.0278888888888889,0.0085,0.000388888888888889,0,0,5e-04,0,0,0
337,0.0122777777777778,0.00666666666666667,0.714833333333333,0.247777777777778,0.0110555555555556,0.00677777777777778,0,0,0,0.000611111111111111,0,0,0
338,0.000666666666666667,0.125888888888889,0.723944444444444,0.135333333333333,0.00594444444444444,0.00783333333333333,0.000333333333333333,0,0,5.55555555555556e-05,0,0,0
339,0.00544444444444444,0.111333333333333,0.659888888888889,0.198722222222222,0.0165555555555556,0.00572222222222222,0.00188888888888889,0,0,0.000444444444444444,0,0,0
340,0.0122777777777778,0.382777777777778,0.514333333333333,0.0738333333333333,0.0124444444444444,0.00222222222222222,0.00161111111111111,0.000222222222222222,0,0.000222222222222222,0,5.55555555555556e-05,0
341,0.00355555555555556,0.208166666666667,0.635722222222222,0.142166666666667,0.00666666666666667,0.0035,0.000166666666666667,0,0,5.55555555555556e-05,0,0,0
342,0.0025,0.108666666666667,0.742333333333333,0.105777777777778,0.0143333333333333,0.0261111111111111,0.000277777777777778,0,0,0,0,0,0
343,0.00683333333333333,0.244555555555556,0.626888888888889,0.0946666666666667,0.0192777777777778,0.00594444444444444,0.00138888888888889,0,0,0.000444444444444444,0,0,0
344,0.00772222222222222,0.282777777777778,0.548444444444444,0.113333333333333,0.0396111111111111,0.00744444444444444,0.000666666666666667,0,0,0,0,0,0
345,0.0137222222222222,0.355444444444444,0.520722222222222,0.0816111111111111,0.0148333333333333,0.0119444444444444,0.00116666666666667,0,0,5e-04,0,0,0
346,0.00955555555555556,0.488055555555556,0.372777777777778,0.0812777777777778,0.0368333333333333,0.0075,0.00366666666666667,0,0,0.000277777777777778,0,5.55555555555556e-05,0
347,0.0151111111111111,0.291611111111111,0.562388888888889,0.103555555555556,0.0160555555555556,0.00933333333333333,0.00183333333333333,0,0,0.000111111111111111,0,0,0
348,0.0188333333333333,0.153722222222222,0.640888888888889,0.143944444444444,0.0173333333333333,0.0232777777777778,0.000666666666666667,0,0,0.00111111111111111,0,0,0
349,0.0015,0.0828333333333333,0.739277777777778,0.128388888888889,0.0333333333333333,0.0138888888888889,0.000111111111111111,0,0,0.000666666666666667,0,0,0
350,0.00238888888888889,0.0992222222222222,0.651666666666667,0.224611111111111,0.0103888888888889,0.0114444444444444,0.000277777777777778,0,0,0,0,0,0
351,0.0065,0.0385,0.779666666666667,0.155277777777778,0.00216666666666667,0.0177222222222222,0,5.55555555555556e-05,0,0.000111111111111111,0,0,0
352,0.00261111111111111,0.135388888888889,0.679166666666667,0.143055555555556,0.0287222222222222,0.0107222222222222,0.000333333333333333,0,0,0,0,0,0
353,0.00294444444444444,0.458722222222222,0.409444444444444,0.0999444444444444,0.0197777777777778,0.00594444444444444,0.00283333333333333,0,0,0.000388888888888889,0,0,0
354,0.00427777777777778,0.296388888888889,0.583611111111111,0.0961666666666667,0.0123888888888889,0.00627777777777778,0.000555555555555556,0,0,0.000222222222222222,0,0,0
355,0.00305555555555556,0.456222222222222,0.477833333333333,0.0314444444444444,0.0135555555555556,0.0135555555555556,0.00411111111111111,0,0,0.000222222222222222,0,0,0
356,0.00105555555555556,0.112,0.749222222222222,0.0965,0.0146666666666667,0.0244444444444444,5.55555555555556e-05,0,0,0.00205555555555556,0,0,0
357,0.00288888888888889,0.1585,0.652722222222222,0.153388888888889,0.0173333333333333,0.00877777777777778,0.00427777777777778,0,0,0.00211111111111111,0,0,0
358,0.000666666666666667,0.282777777777778,0.6175,0.0876666666666667,0.00516666666666667,0.00561111111111111,0,0,0,0.000611111111111111,0,0,0
359,0.00272222222222222,0.397555555555556,0.495222222222222,0.078,0.0169444444444444,0.00844444444444445,0.000388888888888889,0,0,0.000722222222222222,0,0,0
360,0.00622222222222222,0.0381666666666667,0.731111111111111,0.207,0.00361111111111111,0.0132222222222222,0.000111111111111111,0,0,0.000555555555555556,0,0,0
361,0.0205555555555556,0.0417777777777778,0.603388888888889,0.293166666666667,0.00522222222222222,0.0184444444444444,0.00233333333333333,0,0,0.0151111111111111,0,0,0
362,0.0172222222222222,0.0567222222222222,0.629388888888889,0.2585,0.00466666666666667,0.0191666666666667,0.0025,0,0,0.0117777777777778,0,0,0
363,0.0133888888888889,0.0674444444444444,0.672722222222222,0.209388888888889,0.00438888888888889,0.0218888888888889,0.00188888888888889,0,0,0.00888888888888889,0,0,0
364,0.00144444444444444,0.0878888888888889,0.738111111111111,0.141555555555556,0.00288888888888889,0.0223888888888889,0.00116666666666667,0,0,0.00455555555555556,0,0,0
