"Time","Enterobacterales_A_737866","Lactobacillales","Veillonellales","Bacteroidales","Oscillospirales","Lachnospirales","Acidaminococcales","Burkholderiales_595427","Erysipelotrichales","Desulfovibrionales","UBA1381","Gammaproteobacteria_Class","Haloplasmatales_A","Peptostreptococcales","Fusobacteriales_993521","Tissierellales","Clostridiales","Christensenellales","Verrucomicrobiales","Bacteria_Kingdom","Selenomonadales","Coriobacteriales"
1,0.000166666666666667,0,0,0.801444444444444,0.00655555555555556,0.0632222222222222,0.000333333333333333,0,0.000277777777777778,0.00644444444444444,0,0,0,0.000166666666666667,0,0,0.000166666666666667,0,0.00172222222222222,0.1195,0,0
2,5.60161326462021e-05,0,0,0.677851221151692,0.0119874523862873,0.109063410262156,0.00851445216222272,0,0.000560161326462021,0.00672193591754425,0,0,0,0.00655388751960565,0,0,0.000168048397938606,0,0.0191015012323549,0.159421913511091,0,0
3,0,0,0,0.595839945590569,0.0160394468374518,0.136873724778962,0.0185898889140784,0,0.000736794377692133,0.00714123781455452,0,0,0,0.0106551802312401,0,0,0.000170029471775108,0,0.0366130129222399,0.177340739061437,0,0
4,0,0,0,0.5595,0.018,0.143444444444444,0.0293888888888889,0,0.000833333333333333,0.00733333333333333,0,0,0,0.0118888888888889,0,0,0.000222222222222222,0,0.0525555555555556,0.176833333333333,0,0
5,5.53464688952845e-05,0.000664157626743414,0,0.580805844587115,0.0194266105822449,0.119880451627186,0.0458268762452956,0,0.000664157626743414,0.00763781270754926,0,0,5.53464688952845e-05,0.00968563205667478,0,0,0.000110692937790569,0,0.0720611025016604,0.143125968563206,0,0
6,0.000113250283125708,0.00198187995469989,0,0.636636466591166,0.0242921857304643,0.0836919592298981,0.065911664779162,0,0.000453001132502831,0.00826727066817667,0,0,0.000169875424688562,0.00583238958097395,0,0,5.66251415628539e-05,0,0.0936579841449604,0.0789354473386183,0,0
7,0.000222222222222222,0.00272222222222222,0,0.684277777777778,0.0307777777777778,0.0669444444444444,0.0735555555555556,0,0.000444444444444444,0.00833333333333333,0,0,0.000388888888888889,0.00372222222222222,0,0,0,0,0.100722222222222,0.0278333333333333,0,0
8,0.000111111111111111,0.000111111111111111,0.000111111111111111,0.731888888888889,0.0625,0.105277777777778,0.0583333333333333,0,0.000777777777777778,0.00555555555555556,0,0,0.000666666666666667,0.00272222222222222,0,0,0,0,0.0223888888888889,0.00955555555555555,0,0
9,0.000222222222222222,0.00138888888888889,0,0.742166666666667,0.0362222222222222,0.0793333333333333,0.0552777777777778,0,0.000111111111111111,0.005,0,0,0.000166666666666667,0.000833333333333333,0,0,0,0,0.0172777777777778,0.062,0,0
10,0.000111111111111111,0.000277777777777778,5e-04,0.736388888888889,0.0368333333333333,0.118222222222222,0.0535555555555556,0,0.000388888888888889,0.0105,0,0,0.000722222222222222,0.00122222222222222,0,0.000111111111111111,0,0,0.0354444444444444,0.00572222222222222,0,0
11,0.000277777777777778,0.000888888888888889,0.000166666666666667,0.726666666666667,0.0690555555555556,0.131222222222222,0.0381111111111111,0,0.000277777777777778,0.006,0,0,5.55555555555556e-05,0.00105555555555556,0.000111111111111111,0,0.000111111111111111,0,0.0174444444444444,0.00838888888888889,0,0
12,0,0.000611111111111111,0,0.727777777777778,0.0343888888888889,0.100388888888889,0.0488333333333333,0,0.000166666666666667,0.0134444444444444,0,0,5.55555555555556e-05,0.00205555555555556,0,0,0,0,0.0555,0.0166666666666667,0.000111111111111111,0
13,0.000111111111111111,0.000833333333333333,0.000666666666666667,0.722444444444444,0.0502222222222222,0.0866111111111111,0.0345,0,0.000722222222222222,0.00961111111111111,0,0,0,0.00222222222222222,0,0.000111111111111111,0,0,0.0391666666666667,0.0527777777777778,0,0
14,0,0.000222222222222222,0.000611111111111111,0.746944444444445,0.0453888888888889,0.0898888888888889,0.0204444444444444,0,0.000333333333333333,0.00644444444444444,0,0,0,0.001,0.003,0.000333333333333333,0,0,0.0431666666666667,0.042,0,0
15,5.55555555555556e-05,0.000611111111111111,0.000166666666666667,0.673833333333333,0.0638888888888889,0.166944444444444,0.0442777777777778,0,0.000888888888888889,0.00194444444444444,0,0,0,0.000666666666666667,0.000888888888888889,0.000222222222222222,0,0,0.0392777777777778,0.00622222222222222,0,0
16,0,0,0.000111111111111111,0.674888888888889,0.0458333333333333,0.0778333333333333,0.0442777777777778,0,0.000888888888888889,0.00411111111111111,0,0,0,0.000444444444444444,0.000388888888888889,0.000611111111111111,0,0,0.0341111111111111,0.116388888888889,0,0
17,0.000278582571874304,0.000111433028749721,0.000111433028749721,0.71801872074883,0.0570537107198574,0.0785602852685536,0.0427345665255182,0,0.00105861377312235,0.00679741475373301,0,0,0.000111433028749721,0.000390015600624025,0.000390015600624025,0.000334299086249164,5.57165143748607e-05,0,0.0261867617561845,0.0676955649654558,0,0
18,0.000555555555555556,0.000277777777777778,0.000444444444444444,0.757388888888889,0.0675555555555555,0.0833888888888889,0.0393888888888889,0,0.00133333333333333,0.00844444444444445,0,0,0.000222222222222222,0.000333333333333333,0.000611111111111111,0.000111111111111111,0.000111111111111111,0,0.0210555555555556,0.0186666666666667,0,0
19,0,0.000333333333333333,0.000722222222222222,0.744555555555556,0.0363333333333333,0.0936111111111111,0.0347777777777778,0,0.00155555555555556,0.00588888888888889,0,0,0,0,0.00183333333333333,0.000611111111111111,0,0,0.0409444444444444,0.0376111111111111,0,0
20,0.000222222222222222,0.000388888888888889,0.000111111111111111,0.781444444444444,0.0365,0.123277777777778,0.0378333333333333,0,0.000666666666666667,0.00388888888888889,0,0,0,5.55555555555556e-05,5.55555555555556e-05,0,0,0,0.0121111111111111,0.00344444444444444,0,0
21,0,0,0,0.684444444444444,0.0550555555555556,0.164555555555556,0.0383888888888889,0,0.00177777777777778,0.0105555555555556,0,0,0,0,0,0,0,0,0.0385555555555556,0.00666666666666667,0,0
22,5.55555555555556e-05,0.000111111111111111,0.00227777777777778,0.695777777777778,0.0653333333333333,0.107111111111111,0.0317222222222222,0.00633333333333333,0.00305555555555556,0.00766666666666667,0,0.00105555555555556,0,0.00116666666666667,0.0263333333333333,0.00444444444444444,0,0,0,0.0441666666666667,0.000166666666666667,0.000277777777777778
23,0,0.000166666666666667,0.000222222222222222,0.716888888888889,0.0403888888888889,0.0625,0.0316111111111111,0,0.000944444444444444,0.0313888888888889,0,0,0,0.000555555555555556,0.000388888888888889,0,0,0,0.0686666666666667,0.0457777777777778,0,0
24,0.000277777777777778,0.000277777777777778,0.000222222222222222,0.802888888888889,0.0378333333333333,0.0732222222222222,0.0308333333333333,0,0.000888888888888889,0.00216666666666667,0,0,0,0.000777777777777778,0.000222222222222222,0.000111111111111111,0.000111111111111111,0,0.0313333333333333,0.0185,0,0
25,0,0.000833333333333333,0,0.628333333333333,0.0484444444444444,0.0979444444444444,0.0212222222222222,0,0.00333333333333333,0.00644444444444444,0,0,0.000611111111111111,0.00161111111111111,0.000888888888888889,0.000111111111111111,0,0,0.0304444444444444,0.159777777777778,0,0
26,0,0.000446677833612507,0,0.69570072585148,0.0635957565605807,0.0836404243439419,0.0256839754327191,0,0.00240089335566723,0.00742601898380793,0,0,0.000279173646007817,0.00117252931323283,0.000390843104410944,5.58347292015634e-05,5.58347292015634e-05,0,0.0341708542713568,0.0849804578447795,0,0
27,0,0.000166666666666667,0,0.763388888888889,0.0765,0.0703333333333333,0.0298888888888889,0,0.00155555555555556,0.00827777777777778,0,0,0,0.000666666666666667,0,0,0.000277777777777778,0,0.0396111111111111,0.00933333333333333,0,0
28,5.55555555555556e-05,0,0,0.762555555555556,0.0565,0.0652222222222222,0.0205,0,0.00111111111111111,0.0124444444444444,0,0,0,0.000944444444444444,0,0,0.000777777777777778,0,0.0432777777777778,0.0366111111111111,0,0
29,0.000111111111111111,0.000333333333333333,0.000722222222222222,0.721611111111111,0.0531111111111111,0.116666666666667,0.036,0,0.00116666666666667,0.00866666666666667,0,0,0,0.000333333333333333,0.000722222222222222,0,5.55555555555556e-05,0,0.0596666666666667,0.000833333333333333,0,0
30,0,0.000166666666666667,0,0.718833333333333,0.0257222222222222,0.0925,0.038,0,0.00172222222222222,0.00844444444444444,0,0,0.000111111111111111,0.00122222222222222,0.000166666666666667,0,0,0,0.0506666666666667,0.0623333333333333,0,0.000111111111111111
31,5.55555555555556e-05,0.000333333333333333,0,0.720944444444444,0.0432777777777778,0.112444444444444,0.0489444444444444,0,0.00116666666666667,0.00616666666666667,0,0,0.000388888888888889,5e-04,0,0,0.000333333333333333,0,0.0448888888888889,0.0205555555555556,0,0
32,0.000388888888888889,0.000277777777777778,0,0.718888888888889,0.0520555555555556,0.1105,0.0477222222222222,0.000277777777777778,0.000833333333333333,0.00544444444444444,0,0,0.000444444444444444,5e-04,0,0,0.000333333333333333,0,0.0456111111111111,0.0167222222222222,0,0
33,0.000888888888888889,0.000277777777777778,0,0.719444444444444,0.0588888888888889,0.108611111111111,0.0477777777777778,0.00122222222222222,0.00105555555555556,0.00561111111111111,0,5.55555555555556e-05,5e-04,0.000444444444444444,0,0,0.000222222222222222,0,0.0417222222222222,0.0132777777777778,0,0
34,0.00138888888888889,0.000277777777777778,0.000111111111111111,0.7185,0.0653888888888889,0.109111111111111,0.0457777777777778,0.00227777777777778,0.00105555555555556,0.00505555555555556,0,0.000222222222222222,0.000388888888888889,0.000388888888888889,0,0,0.000333333333333333,0,0.0397777777777778,0.00994444444444444,0,0
35,0.00188888888888889,0.000222222222222222,0.000333333333333333,0.717444444444444,0.0738888888888889,0.106944444444444,0.0457222222222222,0.004,0.000833333333333333,0.00422222222222222,0,0.000333333333333333,0.000277777777777778,0.000222222222222222,0,0,0.000222222222222222,0,0.0351111111111111,0.00833333333333333,0,0
36,0.00322222222222222,0.000333333333333333,0.000388888888888889,0.716666666666667,0.0783888888888889,0.107388888888889,0.0455555555555556,0.00538888888888889,0.000666666666666667,0.00394444444444444,0,0.000388888888888889,0.000388888888888889,0.000222222222222222,0,0,0.000222222222222222,0,0.0307777777777778,0.00605555555555556,0,0
37,0.00361111111111111,0.000277777777777778,0.000666666666666667,0.718222222222222,0.0827777777777778,0.106222222222222,0.0446111111111111,0.00711111111111111,0.000722222222222222,0.00344444444444444,5.55555555555556e-05,0.000666666666666667,0.000277777777777778,0.000111111111111111,0,0,5.55555555555556e-05,0,0.0264444444444444,0.00472222222222222,0,0
38,0.00477777777777778,0.000388888888888889,0.000833333333333333,0.721111111111111,0.0836666666666667,0.107444444444444,0.0436111111111111,0.00888888888888889,0.000888888888888889,0.00272222222222222,5.55555555555556e-05,0.000888888888888889,0.000277777777777778,0.000222222222222222,0,0,5.55555555555556e-05,0,0.0207777777777778,0.00338888888888889,0,0
39,0.00588888888888889,0.000388888888888889,0.00105555555555556,0.720611111111111,0.0888333333333333,0.106777777777778,0.0417222222222222,0.00994444444444444,0.000777777777777778,0.00205555555555556,5.55555555555556e-05,0.00127777777777778,0.000277777777777778,0.000111111111111111,0,0,0,0,0.0178333333333333,0.00238888888888889,0,0
40,0.00688888888888889,0.000277777777777778,0.00127777777777778,0.718555555555556,0.0900555555555556,0.109333333333333,0.0422777777777778,0.0119444444444444,0.001,0.00183333333333333,5.55555555555556e-05,0.00116666666666667,0.000111111111111111,0,0,0,0,0,0.0130555555555556,0.00216666666666667,0,0
41,0.0075,0.000444444444444444,0.00144444444444444,0.720777777777778,0.0931666666666667,0.1065,0.0399444444444444,0.0123333333333333,0.00105555555555556,0.00138888888888889,0.000111111111111111,0.00111111111111111,0.000111111111111111,0.000111111111111111,0,0,0,0,0.0121111111111111,0.00188888888888889,0,0
42,0.00772222222222222,5e-04,0.00155555555555556,0.723222222222222,0.0895,0.108666666666667,0.039,0.0125,0.00166666666666667,0.0015,0.000277777777777778,0.00155555555555556,0.000111111111111111,0.000111111111111111,0,0,0,0,0.0103333333333333,0.00177777777777778,0,0
43,0.0115,0.000444444444444444,0.00372222222222222,0.632,0.127277777777778,0.133777777777778,0.0428333333333333,0.0125,0.00522222222222222,0.00444444444444444,5e-04,0.00188888888888889,0,0,5e-04,0.000111111111111111,0.000111111111111111,0,0.0131111111111111,0.00916666666666667,0.000388888888888889,0
44,0.000333333333333333,0.000388888888888889,0.000388888888888889,0.572555555555556,0.147277777777778,0.129722222222222,0.0756111111111111,0.00861111111111111,0.00394444444444444,0.00372222222222222,0.000611111111111111,0.00133333333333333,0,0,0.000944444444444444,0,0,0,0.002,0.0523888888888889,0.000166666666666667,0
45,0,0,0,0.496777777777778,0.102388888888889,0.0622222222222222,0.0221666666666667,0.00366666666666667,0.00144444444444444,0.00322222222222222,0.000111111111111111,0.000111111111111111,0,0,0,0,0,0,0,0.307777777777778,0.000111111111111111,0
46,0.000444444444444444,0.000388888888888889,5.55555555555556e-05,0.564666666666667,0.138333333333333,0.158944444444444,0.0469444444444444,0.0215,0.00388888888888889,0.00872222222222222,0.000166666666666667,0.00272222222222222,0,0,0,0,0,0,0,0.0525,5e-04,0
47,0.000222222222222222,0.000277777777777778,5.55555555555556e-05,0.557888888888889,0.106333333333333,0.151666666666667,0.0458333333333333,0.0252777777777778,0.00305555555555556,0.00983333333333333,0.000166666666666667,0.00444444444444444,0.000111111111111111,0,0,0,5.55555555555556e-05,0,0,0.0941666666666667,0.000555555555555556,0
48,0,0,0,0.535055555555556,0.0674444444444444,0.131888888888889,0.041,0.0269444444444444,0.00183333333333333,0.0111111111111111,0.000277777777777778,0.00611111111111111,0.000222222222222222,0,0,0,0.000111111111111111,0,5.55555555555556e-05,0.177111111111111,0.000722222222222222,0
49,0,0,0,0.517722222222222,0.0643888888888889,0.0888333333333333,0.0386666666666667,0.00144444444444444,5e-04,0.00483333333333333,0.000277777777777778,0.000277777777777778,0,0,0.000222222222222222,0.000222222222222222,0,0,0,0.280555555555556,0.000222222222222222,0
50,0,0,0,0.638722222222222,0.0688888888888889,0.141333333333333,0.0404444444444444,0.00288888888888889,0.00311111111111111,0.0045,0,0.000388888888888889,5.55555555555556e-05,0.000222222222222222,0,0.000166666666666667,0.000111111111111111,0,0,0.0986666666666667,0.000388888888888889,0
51,0,0,0.000166666666666667,0.645166666666667,0.0926111111111111,0.117,0.0433888888888889,0.0055,0.00661111111111111,0.00355555555555556,0,0.000833333333333333,5.55555555555556e-05,0.000111111111111111,0.000111111111111111,0,0,0,0.000277777777777778,0.0842777777777778,0.000222222222222222,5.55555555555556e-05
52,0,0.000277777777777778,0.000166666666666667,0.621555555555556,0.0867777777777778,0.108833333333333,0.0606111111111111,0.00627777777777778,0.00616666666666667,0.00683333333333333,0,0.000944444444444444,5.55555555555556e-05,0.000388888888888889,5.55555555555556e-05,0.000166666666666667,0,0,0.000222222222222222,0.100166666666667,0.000277777777777778,0.000166666666666667
53,0,0.000888888888888889,0,0.606,0.0757222222222222,0.102055555555556,0.0697222222222222,0.00561111111111111,0.00477777777777778,0.0108888888888889,0,0.00111111111111111,5.55555555555556e-05,0.000666666666666667,0,0.000333333333333333,0,0,0,0.121888888888889,5.55555555555556e-05,0.000222222222222222
54,0.000666666666666667,0.000722222222222222,0,0.678,0.0953333333333333,0.155333333333333,0.0213888888888889,0.0121666666666667,0.00272222222222222,0.0055,0.00294444444444444,0.00244444444444444,5e-04,0.000944444444444444,0,0,5.55555555555556e-05,0,0,0.0211666666666667,0.000111111111111111,0
55,0.000444444444444444,0.00272222222222222,0.000222222222222222,0.560777777777778,0.134277777777778,0.202555555555556,0.016,0.00727777777777778,0.0174444444444444,0.00605555555555556,0.00761111111111111,0.000944444444444444,0.000277777777777778,0.000833333333333333,0.000111111111111111,0.000166666666666667,0.000444444444444444,0,0,0.0407222222222222,0.000111111111111111,0.000944444444444444
56,0.000333333333333333,0.00555555555555556,0.000444444444444444,0.462388888888889,0.158944444444444,0.242111111111111,0.014,0.00238888888888889,0.0304444444444444,0.00616666666666667,0.0115555555555556,0.000333333333333333,0.000222222222222222,0.00116666666666667,0.000111111111111111,0.000555555555555556,0.00116666666666667,0,0,0.0596666666666667,0.000166666666666667,0.00205555555555556
57,0,0.000777777777777778,0,0.629333333333333,0.0913333333333333,0.130611111111111,0.0409444444444444,0.0128888888888889,0.00672222222222222,0.00616666666666667,0.00427777777777778,0.00238888888888889,0.000388888888888889,0.000277777777777778,0,0,0,0,0.00733333333333333,0.0656666666666667,0.000444444444444444,0.000444444444444444
58,0.000166666666666667,0.000611111111111111,0.000166666666666667,0.601388888888889,0.103,0.182388888888889,0.0430555555555556,0.0205,0.00811111111111111,0.00583333333333333,0.00722222222222222,0.0035,0.000222222222222222,0.000222222222222222,0.00133333333333333,0.000277777777777778,0.000111111111111111,0,0.0116666666666667,0.00916666666666667,0.000722222222222222,0.000166666666666667
59,0.000166666666666667,0.000444444444444444,0.000166666666666667,0.6185,0.0906111111111111,0.165222222222222,0.0432777777777778,0.0204444444444444,0.00727777777777778,0.00638888888888889,0.006,0.00316666666666667,0.000111111111111111,0.000166666666666667,0.00105555555555556,0.000222222222222222,0.000111111111111111,0,0.0242777777777778,0.0111111111111111,0.000833333333333333,0.000166666666666667
60,0.000168199147790985,0.000392464678178964,0.00011213276519399,0.627719219555954,0.0738394258802422,0.171058533303431,0.0418255214173582,0.0293787844808253,0.00599910293787845,0.0065597667638484,0.00398071316438663,0.00532630634671451,0.000280331912984974,0.00252298721686477,0.000728862973760933,0.00011213276519399,0.000560663825969948,0,0.0196793002915452,0.00880242206772819,0.000616730208566943,0.000168199147790985
61,0.000279049001004576,0.000390668601406407,0.000167429400602746,0.617423819622726,0.0543029355954906,0.196171447706217,0.0381739033374261,0.0455407969639469,0.00468802321687688,0.006585556423708,0.00161848420582654,0.00932023663355285,0.000558098002009153,0.00714365442571716,0.000390668601406407,5.58098002009153e-05,0.00156267440562563,0,0.0108271012389776,0.00429735461547048,0.000167429400602746,0.000167429400602746
62,0.000388888888888889,0.000444444444444444,0.000277777777777778,0.607444444444444,0.0448333333333333,0.211944444444444,0.0362222222222222,0.0540555555555556,0.00416666666666667,0.00683333333333333,0.000611111111111111,0.0114444444444444,0.000777777777777778,0.00961111111111111,0.000277777777777778,0.000111111111111111,0.00216666666666667,0,0.00605555555555556,0.00194444444444444,0,0.000166666666666667
63,0.000277777777777778,0.000333333333333333,0.000166666666666667,0.605611111111111,0.0503888888888889,0.209277777777778,0.0371666666666667,0.0512222222222222,0.00438888888888889,0.00733333333333333,0.00116666666666667,0.011,0.000611111111111111,0.00938888888888889,0.000333333333333333,0,0.00188888888888889,0,0.00716666666666667,0.002,0,0.000111111111111111
64,0.000222222222222222,0.000333333333333333,0.000222222222222222,0.604722222222222,0.0551111111111111,0.206611111111111,0.0380555555555556,0.048,0.0045,0.00694444444444444,0.00211111111111111,0.0101666666666667,0.000611111111111111,0.0085,0.000388888888888889,5.55555555555556e-05,0.00155555555555556,0,0.00955555555555555,0.00205555555555556,0.000111111111111111,0
65,0.000222222222222222,0.000166666666666667,0.000222222222222222,0.605333333333333,0.0598333333333333,0.201111111111111,0.0375,0.0461111111111111,0.00455555555555556,0.00633333333333333,0.00433333333333333,0.00927777777777778,0.000333333333333333,0.00672222222222222,0.000444444444444444,0.000111111111111111,0.00122222222222222,0,0.0129444444444444,0.00272222222222222,0.000166666666666667,0.000111111111111111
66,0.000222222222222222,0.000166666666666667,0.000166666666666667,0.606944444444445,0.064,0.195722222222222,0.0372777777777778,0.0405555555555556,0.005,0.006,0.00611111111111111,0.00861111111111111,0.000388888888888889,0.00538888888888889,0.000555555555555556,0.000111111111111111,0.00116666666666667,0,0.0176666666666667,0.00322222222222222,0.000388888888888889,5.55555555555556e-05
67,0.000111111111111111,0.000166666666666667,0,0.616833333333333,0.0637777777777778,0.189111111111111,0.0365555555555556,0.0348888888888889,0.00488888888888889,0.00527777777777778,0.00811111111111111,0.00838888888888889,0.000277777777777778,0.00388888888888889,0.000444444444444444,0.000111111111111111,0.000722222222222222,0,0.0217777777777778,0.00383333333333333,0.000444444444444444,5.55555555555556e-05
68,0.000111111111111111,0.000166666666666667,0.000166666666666667,0.621444444444444,0.0677222222222222,0.180611111111111,0.0371111111111111,0.0307222222222222,0.00483333333333333,0.00472222222222222,0.00955555555555555,0.0065,0.000166666666666667,0.00305555555555556,5e-04,0.000166666666666667,5e-04,0,0.0265,0.00433333333333333,0.000722222222222222,0
69,0.000111111111111111,0.000111111111111111,0.000111111111111111,0.626888888888889,0.0696666666666667,0.173333333333333,0.0370555555555556,0.0281666666666667,0.00572222222222222,0.00427777777777778,0.0117777777777778,0.00566666666666667,5.55555555555556e-05,0.00183333333333333,0.000444444444444444,0.000222222222222222,0.000111111111111111,0,0.0292777777777778,0.00411111111111111,0.000722222222222222,0
70,5.55555555555556e-05,5.55555555555556e-05,0.000222222222222222,0.635333333333333,0.0692222222222222,0.167111111111111,0.0371666666666667,0.0237222222222222,0.00566666666666667,0.004,0.0121111111111111,0.00494444444444444,0,0.00138888888888889,0.000555555555555556,0.000111111111111111,5.55555555555556e-05,0,0.0321666666666667,0.005,0.000722222222222222,0
71,0.000166666666666667,5.55555555555556e-05,0.000333333333333333,0.6385,0.0709444444444444,0.160388888888889,0.0383888888888889,0.0219444444444444,0.00588888888888889,0.00466666666666667,0.0135,0.00316666666666667,0,0.00127777777777778,0.000611111111111111,0.000166666666666667,0,0,0.0341666666666667,0.00455555555555556,0.000888888888888889,0
72,0.00216666666666667,5e-04,5e-04,0.766555555555556,0.0488888888888889,0.0885,0.0443888888888889,0.0207222222222222,0.00283333333333333,0.00461111111111111,0.000444444444444444,0.00161111111111111,0.00105555555555556,0.00272222222222222,0.000111111111111111,0.000888888888888889,0.000444444444444444,0,0.0110555555555556,0.00133333333333333,0.000333333333333333,0
73,0.00177777777777778,0.000277777777777778,0.000277777777777778,0.766777777777778,0.0537222222222222,0.0835555555555555,0.0446666666666667,0.0197777777777778,0.00244444444444444,0.00522222222222222,0.000555555555555556,0.00155555555555556,0.001,0.00272222222222222,0,0.000722222222222222,5e-04,0,0.0123333333333333,0.00144444444444444,0.000277777777777778,0
74,0.00177777777777778,0.000333333333333333,0.000277777777777778,0.760111111111111,0.0573333333333333,0.0819444444444444,0.0442222222222222,0.0198333333333333,0.00238888888888889,0.00661111111111111,0.000444444444444444,0.00161111111111111,0.00105555555555556,0.00244444444444444,5.55555555555556e-05,0.000722222222222222,0.000444444444444444,0,0.0165,0.00127777777777778,0.000222222222222222,0
75,0.00144444444444444,0.000333333333333333,0.000222222222222222,0.751,0.0617222222222222,0.0832222222222222,0.0442777777777778,0.0183888888888889,0.00255555555555556,0.00761111111111111,0.000611111111111111,0.00177777777777778,0.000944444444444444,0.00255555555555556,0,0.000555555555555556,5e-04,0,0.0198888888888889,0.00183333333333333,0.000166666666666667,0
76,0.00133333333333333,0.000333333333333333,0.000166666666666667,0.736833333333333,0.0678333333333333,0.0813888888888889,0.0451666666666667,0.0177222222222222,0.00238888888888889,0.00983333333333333,0.000555555555555556,0.00155555555555556,0.000833333333333333,0.00216666666666667,0,0.000388888888888889,0.000722222222222222,0,0.0279444444444444,0.00244444444444444,0.000222222222222222,0
77,0.001,0.000222222222222222,5.55555555555556e-05,0.721555555555556,0.0741666666666667,0.0828333333333333,0.0437777777777778,0.0157777777777778,0.0025,0.0124444444444444,0.000777777777777778,0.00166666666666667,0.000833333333333333,0.00238888888888889,0,0.000388888888888889,0.000777777777777778,0,0.0352222222222222,0.00327777777777778,0.000111111111111111,5.55555555555556e-05
78,0.000888888888888889,0.000333333333333333,0.000111111111111111,0.708777777777778,0.0798333333333333,0.0815555555555556,0.0437222222222222,0.0147777777777778,0.002,0.0147222222222222,0.000722222222222222,0.00166666666666667,0.000722222222222222,0.002,0,0.000166666666666667,0.000833333333333333,0,0.0424444444444444,0.00433333333333333,0.000166666666666667,0.000111111111111111
79,0.000611111111111111,0.000222222222222222,0,0.695555555555556,0.0845555555555556,0.0853888888888889,0.0412222222222222,0.0129444444444444,0.002,0.0167777777777778,0.000888888888888889,0.00172222222222222,0.000611111111111111,0.00188888888888889,0,0,0.000888888888888889,0,0.0485555555555556,0.00594444444444444,0.000166666666666667,0
80,0.000388888888888889,0.000222222222222222,0,0.685,0.0896666666666667,0.0843333333333333,0.0407222222222222,0.011,0.00205555555555556,0.0185,0.000833333333333333,0.0015,0.000444444444444444,0.00166666666666667,0,0,0.000944444444444444,0,0.0545,0.00788888888888889,0.000166666666666667,0.000166666666666667
81,0.000166666666666667,0.000277777777777778,0,0.676222222222222,0.0942222222222222,0.0875555555555556,0.0380555555555556,0.00833333333333333,0.00211111111111111,0.0195,0.000944444444444444,0.00166666666666667,0.000333333333333333,0.00188888888888889,0,0,0.001,0,0.0566111111111111,0.0106666666666667,0.000166666666666667,0.000277777777777778
82,0,0.000277777777777778,0.000222222222222222,0.614944444444444,0.0581666666666667,0.1225,0.0235555555555556,0.00233333333333333,0.00422222222222222,0.0208333333333333,0.000611111111111111,0.000111111111111111,0,0.000888888888888889,0.00166666666666667,0.000222222222222222,0,0,0.0307222222222222,0.117277777777778,0.000222222222222222,0.00111111111111111
83,0.000722222222222222,0.00111111111111111,0.000277777777777778,0.730444444444444,0.0876666666666667,0.105333333333333,0.0426666666666667,0.00994444444444444,0.00311111111111111,0.00333333333333333,0.00327777777777778,0.00216666666666667,5.55555555555556e-05,0.000833333333333333,0,0.000166666666666667,0,0,0.00777777777777778,0.001,0.000111111111111111,0
84,0.00522222222222222,0.001,0.00127777777777778,0.710055555555556,0.107722222222222,0.109666666666667,0.0184444444444444,0.0223888888888889,0.00516666666666667,0.00133333333333333,0.00238888888888889,0.00361111111111111,0.000222222222222222,0.00105555555555556,0,0,0,0,0.000333333333333333,0.00961111111111111,0.000277777777777778,0.000222222222222222
85,0.000333333333333333,0.00183333333333333,0,0.659555555555556,0.0970555555555556,0.113555555555556,0.0599444444444444,0.0263333333333333,0.00277777777777778,0.00361111111111111,0.00194444444444444,0.00383333333333333,0.000111111111111111,0.00605555555555556,0,0,0.000111111111111111,0,0.0212777777777778,0.000777777777777778,0.000666666666666667,0.000111111111111111
86,0.000111111111111111,0.00161111111111111,0,0.667888888888889,0.0924444444444444,0.112388888888889,0.0577222222222222,0.0262777777777778,0.00261111111111111,0.00433333333333333,0.00205555555555556,0.004,0.000166666666666667,0.00577777777777778,0,0,0.000166666666666667,0,0.021,0.000611111111111111,0.000666666666666667,0.000111111111111111
87,5.55555555555556e-05,0.00111111111111111,0,0.6835,0.0838888888888889,0.1125,0.0535555555555556,0.025,0.00244444444444444,0.00466666666666667,0.00333333333333333,0.00416666666666667,0.000388888888888889,0.00455555555555556,0,0,0.000222222222222222,0,0.0191111111111111,0.000333333333333333,0.000777777777777778,0.000111111111111111
88,0,0.000833333333333333,5.55555555555556e-05,0.701333333333333,0.0767222222222222,0.113944444444444,0.0457222222222222,0.0241111111111111,0.0025,0.00477777777777778,0.00416666666666667,0.00422222222222222,5e-04,0.003,0,0,0.000388888888888889,0,0.0163888888888889,0.000333333333333333,0.000611111111111111,0.000111111111111111
89,0,5e-04,5.55555555555556e-05,0.710888888888889,0.0705555555555556,0.116555555555556,0.0417222222222222,0.0232222222222222,0.00288888888888889,0.00488888888888889,0.005,0.0045,0.000611111111111111,0.00222222222222222,0,0,0.000555555555555556,0,0.0141111111111111,0.000166666666666667,0.000833333333333333,0.000111111111111111
90,0,0.000388888888888889,0.000111111111111111,0.712944444444444,0.0692777777777778,0.1235,0.0389444444444444,0.0223333333333333,0.00311111111111111,0.00544444444444444,0.00511111111111111,0.00455555555555556,0.000833333333333333,0.00111111111111111,0,0,0.000555555555555556,0,0.0106111111111111,0.000166666666666667,0.000611111111111111,0.000111111111111111
91,0.000111111111111111,0.000277777777777778,0,0.600611111111111,0.106666666666667,0.199666666666667,0.0596666666666667,0.0121111111111111,0.00477777777777778,0.0045,0.000666666666666667,0.00272222222222222,0.000277777777777778,0.000277777777777778,0,0,0,0,0.00683333333333333,0,0.000777777777777778,0
92,0,0.000111111111111111,0,0.602888888888889,0.0756666666666667,0.190055555555556,0.0487222222222222,0.0157777777777778,0.00566666666666667,0.00594444444444444,0.00522222222222222,0.00155555555555556,0.000111111111111111,0,0,0,0,0,0.0448333333333333,0,0.000833333333333333,0.000388888888888889
93,0,0,0.000222222222222222,0.643722222222222,0.0630555555555556,0.142222222222222,0.06,0.0258333333333333,0.00866666666666667,0.00822222222222222,0.008,0.00416666666666667,0.000111111111111111,0.000277777777777778,0,0,0,0.000111111111111111,0.0318888888888889,0.000277777777777778,0.000277777777777778,0.000166666666666667
94,0,0,0.000111111111111111,0.647722222222222,0.0771111111111111,0.148444444444444,0.0561111111111111,0.0182222222222222,0.00755555555555556,0.00822222222222222,0.00666666666666667,0.00305555555555556,5.55555555555556e-05,0.000277777777777778,0,0,0,5.55555555555556e-05,0.0233333333333333,0.000222222222222222,5e-04,0.000166666666666667
95,0,0.000111111111111111,0,0.616722222222222,0.106555555555556,0.169777777777778,0.0553888888888889,0.0123888888888889,0.00688888888888889,0.00666666666666667,0.00544444444444444,0.0015,0.000277777777777778,0.000222222222222222,0,0,0,0.000222222222222222,0.0151666666666667,0.000277777777777778,0.000666666666666667,0.000388888888888889
96,0.000833333333333333,0.0121666666666667,0.000777777777777778,0.488222222222222,0.149777777777778,0.260444444444444,0.0202777777777778,0.0346111111111111,0.00672222222222222,0.00255555555555556,0.000388888888888889,0.00466666666666667,0.00866666666666667,0.00494444444444444,0.000111111111111111,0.000222222222222222,0.00172222222222222,0.000611111111111111,0.000888888888888889,0.000444444444444444,0,0.000222222222222222
97,0,0.000277777777777778,0,0.688666666666667,0.0855555555555556,0.149277777777778,0.0439444444444444,0.0085,0.00577777777777778,0.00783333333333333,0.001,0.00172222222222222,0.000222222222222222,0.000333333333333333,0,0,0,0.00111111111111111,0.00555555555555556,0,0.000222222222222222,0
98,0.000110454520351245,0.000938863422985586,0,0.718340973104324,0.0763240735627106,0.125089744297785,0.0401502181476777,0.015077042027945,0.00452863533440106,0.00712431656265533,0.000773181642458718,0.0024299994477274,0.000276136300878113,0.000994090683161208,0,0,0.000497045341580604,0.000773181642458718,0.00640636218037223,0,0.000165681780526868,0
99,0.000388996943595443,0.00255626562934148,0,0.724812447902195,0.0681300361211448,0.117365934981939,0.0338983050847458,0.0276187829952765,0.00338983050847458,0.00589052514587385,0.000388996943595443,0.00377882745207002,0.000444567935537649,0.00227841066963045,0,0,0.00155598777438177,0.000333425951653237,0.00683523200889136,0,0.000166712975826618,0.000111141983884412
100,0.000777777777777778,0.0035,0.000166666666666667,0.718888888888889,0.0645555555555556,0.119944444444444,0.0303888888888889,0.0343333333333333,0.003,0.00527777777777778,0.000222222222222222,0.00455555555555556,0.000777777777777778,0.00305555555555556,0,0,0.00211111111111111,0.000111111111111111,0.00788888888888889,5.55555555555556e-05,0.000111111111111111,0.000166666666666667
101,0.00138888888888889,0.00116666666666667,0.000222222222222222,0.631277777777778,0.0888333333333333,0.164444444444444,0.0531666666666667,0.0164444444444444,0.00744444444444444,0.00861111111111111,0.000333333333333333,0.00361111111111111,0.002,0.00161111111111111,0,0,0.000111111111111111,0.000333333333333333,0.0185,0.000222222222222222,0,0.000111111111111111
102,5.55555555555556e-05,0.00111111111111111,0,0.690222222222222,0.0763333333333333,0.151388888888889,0.0341666666666667,0.0105,0.00216666666666667,0.00638888888888889,0.000666666666666667,0.00122222222222222,0.000555555555555556,0.000388888888888889,0,0,0.000111111111111111,0.000222222222222222,0.024,0,0.000388888888888889,0
103,0,0.00144444444444444,0,0.719111111111111,0.0778333333333333,0.127555555555556,0.0333333333333333,0.00733333333333333,0.00266666666666667,0.00538888888888889,0.000722222222222222,0.0015,0,0.000388888888888889,5.55555555555556e-05,0,0,0.00216666666666667,0.0147777777777778,0.00533333333333333,0,5.55555555555556e-05
104,0.00311111111111111,5e-04,0,0.674777777777778,0.121666666666667,0.132,0.0350555555555556,0.00705555555555556,0.00305555555555556,0.00322222222222222,0.00422222222222222,0.00105555555555556,0.000722222222222222,0.000222222222222222,0,0,0.000222222222222222,0.00338888888888889,0.00922222222222222,0.000111111111111111,0.000166666666666667,5.55555555555556e-05
105,0.0035,5e-04,0,0.681222222222222,0.116888888888889,0.127388888888889,0.0349444444444444,0.00727777777777778,0.00288888888888889,0.00311111111111111,0.00422222222222222,0.00105555555555556,0.000611111111111111,0.000166666666666667,5.55555555555556e-05,0,0.000166666666666667,0.00333333333333333,0.0111111111111111,0.00122222222222222,0.000166666666666667,5.55555555555556e-05
106,0.00266666666666667,0.000444444444444444,0,0.689944444444444,0.112388888888889,0.118555555555556,0.0334444444444444,0.00755555555555556,0.00272222222222222,0.004,0.00433333333333333,0.000944444444444444,0.000722222222222222,0.000277777777777778,0.000222222222222222,0,0.000166666666666667,0.003,0.0143333333333333,0.00383333333333333,0.000222222222222222,0.000111111111111111
107,0.00238888888888889,0.000166666666666667,0,0.697388888888889,0.105055555555556,0.114277777777778,0.0300555555555556,0.00644444444444444,0.00266666666666667,0.00411111111111111,0.00433333333333333,0.000777777777777778,0.000444444444444444,5e-04,5e-04,0,0.000166666666666667,0.00266666666666667,0.0199444444444444,0.00777777777777778,0.000166666666666667,5.55555555555556e-05
108,0.00177777777777778,0.000166666666666667,0,0.706388888888889,0.0948888888888889,0.107111111111111,0.0279444444444444,0.00588888888888889,0.00233333333333333,0.0045,0.00427777777777778,5e-04,0.000388888888888889,0.000722222222222222,0.000666666666666667,0,0.000111111111111111,0.00255555555555556,0.0271111111111111,0.0123333333333333,0.000166666666666667,0.000111111111111111
109,0.00105555555555556,5.55555555555556e-05,0,0.714833333333333,0.0849444444444444,0.102,0.0247222222222222,0.0055,0.00211111111111111,0.00538888888888889,0.00355555555555556,5e-04,0.000277777777777778,0.000888888888888889,0.000944444444444444,0,5.55555555555556e-05,0.00183333333333333,0.0337222222222222,0.0173333333333333,0.000222222222222222,5.55555555555556e-05
110,0.000555555555555556,0,0,0.723055555555556,0.075,0.0990555555555555,0.021,0.00494444444444444,0.00194444444444444,0.0065,0.00377777777777778,0.000277777777777778,0.000111111111111111,0.00105555555555556,0.00122222222222222,0,0,0.00122222222222222,0.039,0.0211111111111111,0.000111111111111111,5.55555555555556e-05
111,0.000166666666666667,0,0,0.732,0.0689444444444444,0.0941666666666667,0.0188888888888889,0.00416666666666667,0.00222222222222222,0.00644444444444444,0.0035,0.000222222222222222,0,0.00105555555555556,0.00144444444444444,0,0,0.000833333333333333,0.0421666666666667,0.0235555555555556,0.000111111111111111,0.000111111111111111
112,0,0,0,0.732777777777778,0.0667777777777778,0.0923888888888889,0.0176111111111111,0.00422222222222222,0.00216666666666667,0.00677777777777778,0.00311111111111111,0.000166666666666667,0,0.00127777777777778,0.00122222222222222,0,0,0.000444444444444444,0.0452777777777778,0.0255,0.000166666666666667,0.000111111111111111
113,0.000111111111111111,0.000111111111111111,0,0.790444444444444,0.0535,0.121055555555556,0.019,0.00694444444444444,0.00294444444444444,0.0015,0.000222222222222222,0.00122222222222222,0,0.000111111111111111,0,0,0,0.000111111111111111,0.002,0.000444444444444444,0.000277777777777778,0
114,0.000111111111111111,0,0.000111111111111111,0.724333333333333,0.0628333333333333,0.141111111111111,0.0302777777777778,0.0295,0.005,0.000277777777777778,0,0.00422222222222222,0.000444444444444444,0.000222222222222222,0,0,0,0.000222222222222222,0,0.000166666666666667,0.00116666666666667,0
115,0,0.000277777777777778,0,0.721222222222222,0.061,0.125388888888889,0.0411666666666667,0.0195555555555556,0.00527777777777778,0.00477777777777778,0.00122222222222222,0.00322222222222222,5.55555555555556e-05,0,0,0,0,0.000388888888888889,0.0045,0.011,0.000666666666666667,0.000277777777777778
116,0.000111111111111111,5e-04,0.000611111111111111,0.769944444444444,0.0466111111111111,0.0894444444444444,0.0529444444444444,0.0196666666666667,0.0035,0.002,0.000333333333333333,0.00294444444444444,0.000277777777777778,0,0,0,0,0.000333333333333333,0.00633333333333333,0.00366666666666667,0.000777777777777778,0
117,0,0.000111111111111111,0,0.744555555555556,0.0782777777777778,0.0996666666666667,0.0304444444444444,0.0232222222222222,0.004,0.00383333333333333,0.000388888888888889,0.003,0,0.000277777777777778,0,0,0.000111111111111111,0.000277777777777778,0.00961111111111111,0.00183333333333333,0.000222222222222222,5.55555555555556e-05
118,0,0,0,0.614,0.104555555555556,0.183555555555556,0.0201111111111111,0.0191111111111111,0.00555555555555556,0.0112222222222222,0.0015,0.00305555555555556,0,0.00172222222222222,0,0,0.000333333333333333,0.000722222222222222,0.0315,0.00166666666666667,0.000111111111111111,0.00111111111111111
119,0,5.55555555555556e-05,0,0.660111111111111,0.117388888888889,0.154055555555556,0.0199444444444444,0.00933333333333333,0.00755555555555555,0.00372222222222222,0.00216666666666667,0.00211111111111111,0.000277777777777778,0.000888888888888889,0,5.55555555555556e-05,0,5.55555555555556e-05,0.00127777777777778,0.0200555555555556,0.000777777777777778,0.000166666666666667
120,0,0.000222222222222222,0,0.723388888888889,0.103666666666667,0.124555555555556,0.0159444444444444,0.0136111111111111,0.00583333333333333,0.00238888888888889,0.00133333333333333,0.00194444444444444,0.000111111111111111,0.002,0,0,0,0.000388888888888889,0.00366666666666667,0,0.000444444444444444,0.000388888888888889
121,0,0,0,0.747277777777778,0.0523888888888889,0.105277777777778,0.0259444444444444,0.0158888888888889,0.0108888888888889,0.0111111111111111,0.000611111111111111,0.00172222222222222,0,0.00466666666666667,0,0,0,0.000166666666666667,0.0234444444444444,0.000222222222222222,0.000222222222222222,0.000166666666666667
122,0,0.000222222222222222,0.000611111111111111,0.700888888888889,0.0576111111111111,0.0971111111111111,0.00966666666666667,0.00638888888888889,0.004,0.0339444444444444,0.000555555555555556,0.00122222222222222,0,0.00188888888888889,0.00405555555555556,0.001,0,0.00133333333333333,0.0307222222222222,0.0465555555555556,0.000333333333333333,0.000944444444444444
123,0.000111111111111111,0.000222222222222222,0.000888888888888889,0.644333333333333,0.1015,0.140777777777778,0.0408888888888889,0.0182222222222222,0.00777777777777778,0.0104444444444444,0.00111111111111111,0.00211111111111111,0.000277777777777778,0.000722222222222222,5.55555555555556e-05,0.000166666666666667,0,0.000666666666666667,0.0286666666666667,0.000277777777777778,0.000333333333333333,0.000277777777777778
124,0,5e-04,0,0.6535,0.0830555555555555,0.155666666666667,0.0863888888888889,0.00833333333333333,0.00322222222222222,0.002,0.00144444444444444,0.00144444444444444,0.000277777777777778,0.00155555555555556,0,0,0,0.000666666666666667,0.000222222222222222,0.000277777777777778,0.00144444444444444,0
125,0,0.00127777777777778,0,0.592111111111111,0.0860555555555556,0.139222222222222,0.0103333333333333,0.0139444444444444,0.00777777777777778,0.0287777777777778,0.00133333333333333,0.00261111111111111,0,0.000277777777777778,0.001,0.000555555555555556,0,5e-04,0.0470555555555556,0.0665555555555556,0,0.000444444444444444
126,0.000277777777777778,0.000166666666666667,0,0.584166666666667,0.134111111111111,0.205555555555556,0.0327777777777778,0.012,0.0121666666666667,0.00872222222222222,0.003,0.0025,0.000277777777777778,0.000611111111111111,0,5.55555555555556e-05,0.000111111111111111,0.00127777777777778,0.000444444444444444,0.000111111111111111,0.000166666666666667,0.000833333333333333
127,0,0.000555555555555556,0.000111111111111111,0.561055555555556,0.129888888888889,0.1595,0.0271111111111111,0.00572222222222222,0.00333333333333333,0.00555555555555556,0.00216666666666667,0.000166666666666667,0,0.0045,0.00111111111111111,0.00144444444444444,0,0.00133333333333333,0,0.0951666666666667,0.000111111111111111,0.00105555555555556
128,0,0.000222222222222222,0.000777777777777778,0.706888888888889,0.0932777777777778,0.144777777777778,0.0248333333333333,0.00783333333333333,0.00566666666666667,0.00366666666666667,0.000666666666666667,0.001,5.55555555555556e-05,0.000333333333333333,0.00216666666666667,0.00311111111111111,0,0.000722222222222222,0.000277777777777778,0.000722222222222222,0.000166666666666667,0.000888888888888889
129,0,0.000611111111111111,0,0.770888888888889,0.0843333333333333,0.0858888888888889,0.0238333333333333,0.0110555555555556,0.00588888888888889,0.00777777777777778,0.000888888888888889,0.00272222222222222,0.000111111111111111,0.000222222222222222,0.000222222222222222,0.000333333333333333,0,0.000555555555555556,0.00344444444444444,0.000666666666666667,0.000277777777777778,5.55555555555556e-05
130,0.000222222222222222,0.000388888888888889,0,0.653111111111111,0.128388888888889,0.147055555555556,0.0203888888888889,0.0280555555555556,0.00288888888888889,0.00355555555555556,0.000333333333333333,0.00422222222222222,0.000722222222222222,0.0025,0,0,0.000222222222222222,0.000388888888888889,0.00694444444444444,0.000388888888888889,0.000222222222222222,0
131,0,0.000166666666666667,0.000111111111111111,0.759666666666667,0.0573888888888889,0.101722222222222,0.0183888888888889,0.0168888888888889,0.00316666666666667,0.005,0.000666666666666667,0.00161111111111111,0.000222222222222222,0.002,0,0,0,0.000833333333333333,0.0265555555555556,0.00483333333333333,0.000111111111111111,0.000333333333333333
132,0.000333333333333333,0.000111111111111111,0.000277777777777778,0.713444444444444,0.0791666666666667,0.140888888888889,0.0226111111111111,0.00605555555555556,0.0085,0.00277777777777778,0.000611111111111111,0.000777777777777778,0,0.000611111111111111,0,0,0.000277777777777778,0.000555555555555556,0.0220555555555556,0,5e-04,0
133,0,0.001,0.000555555555555556,0.532611111111111,0.153055555555556,0.215,0.0313888888888889,0.004,0.0167222222222222,0.0118333333333333,0.0015,0.000666666666666667,0,5e-04,0,0.000777777777777778,0,0.0015,0.0246666666666667,0.002,0.000166666666666667,0.00105555555555556
134,0,0,0,0.725666666666667,0.0628888888888889,0.113388888888889,0.0363888888888889,0.007,0.00594444444444444,0.00522222222222222,0.000833333333333333,0.00155555555555556,0,0.000555555555555556,0,0,0,0.000888888888888889,0.0385,0,0.001,0.000166666666666667
135,0,0.00183333333333333,0.000444444444444444,0.656666666666667,0.116,0.162166666666667,0.0228333333333333,0.00577777777777778,0.00505555555555556,0.0110555555555556,0.00122222222222222,0.000444444444444444,0.000555555555555556,0.000222222222222222,0.000666666666666667,0.00166666666666667,0,0.00144444444444444,0.00816666666666667,0.00227777777777778,0.000111111111111111,0.000555555555555556
136,0,0.000555555555555556,0,0.708111111111111,0.0561111111111111,0.145611111111111,0.0283888888888889,0.00827777777777778,0.00611111111111111,0.0136111111111111,0.000888888888888889,0.000777777777777778,0.000277777777777778,0,0,0.000111111111111111,0,0.000555555555555556,0.0300555555555556,5.55555555555556e-05,0.000277777777777778,0.000111111111111111
137,0,0.000111111111111111,0,0.644777777777778,0.121055555555556,0.171611111111111,0.0136666666666667,0.00372222222222222,0.00705555555555556,0.0155555555555556,0.003,0.000777777777777778,0,0.000444444444444444,0.000166666666666667,0.000222222222222222,0.000166666666666667,0.00188888888888889,0.0141666666666667,0.000888888888888889,0.000333333333333333,0.000277777777777778
138,0,0.001,0,0.678055555555556,0.106777777777778,0.154055555555556,0.034,0.00466666666666667,0.00838888888888889,0.00588888888888889,0.00133333333333333,0.000555555555555556,5.55555555555556e-05,0.000388888888888889,0,0,0,0.000888888888888889,0.00338888888888889,0,0.000444444444444444,0.000111111111111111
139,0,0.000611111111111111,0.003,0.673333333333333,0.072,0.139277777777778,0.0338333333333333,0.00255555555555556,0.00805555555555556,0.00972222222222222,0.00172222222222222,0.000555555555555556,0.000111111111111111,0.000777777777777778,0.0045,0.006,0,0.00177777777777778,0.0396111111111111,0.00127777777777778,0.000277777777777778,0.000388888888888889
140,5e-04,0.000611111111111111,5.55555555555556e-05,0.630555555555556,0.101555555555556,0.186055555555556,0.0408333333333333,0.00822222222222222,0.00744444444444444,0.00355555555555556,0.00138888888888889,0.00111111111111111,0.000222222222222222,0.000333333333333333,0,0.000166666666666667,0,0.001,0.0156111111111111,0.000166666666666667,5e-04,0
141,0,0,0,0.671277777777778,0.0767777777777778,0.139166666666667,0.0512222222222222,0.017,0.00455555555555556,0.00744444444444444,0.000722222222222222,0.00233333333333333,0.000222222222222222,0.00194444444444444,0,0,0,0.000833333333333333,0.0251666666666667,0.000555555555555556,0.000611111111111111,0.000111111111111111
142,0,0.000222222222222222,0,0.7145,0.0851111111111111,0.119555555555556,0.0337777777777778,0.0217222222222222,0.00461111111111111,0.00644444444444444,0.000222222222222222,0.00327777777777778,0.000111111111111111,0.00111111111111111,0,0,0,0.000277777777777778,0.00822222222222222,5.55555555555556e-05,5e-04,0.000277777777777778
143,0,0.000833333333333333,0.000111111111111111,0.654666666666667,0.0903888888888889,0.137666666666667,0.0314444444444444,0.00705555555555556,0.00316666666666667,0.0168888888888889,0.000611111111111111,0.000833333333333333,0.000555555555555556,5e-04,0,0,0,0.00177777777777778,0.0136111111111111,0.0387777777777778,0.000111111111111111,0.000944444444444444
144,0.000111111111111111,0.000333333333333333,0.00272222222222222,0.510055555555556,0.107055555555556,0.285555555555556,0.0153333333333333,0.00961111111111111,0.00833333333333333,0.0257777777777778,0.00461111111111111,0.00127777777777778,0.000111111111111111,0.000333333333333333,0.00333333333333333,0.00394444444444444,0,0.00261111111111111,0.0129444444444444,0.00377777777777778,0.000166666666666667,0.000888888888888889
145,0,0.000888888888888889,0.000166666666666667,0.576888888888889,0.105277777777778,0.204222222222222,0.0216666666666667,0.00666666666666667,0.00416666666666667,0.0116111111111111,0.000277777777777778,0.001,0.000277777777777778,0.00188888888888889,0,0,0.000222222222222222,0.00266666666666667,0.053,0.00716666666666667,0.000333333333333333,0.00116666666666667
146,5.55555555555556e-05,0.000388888888888889,0,0.626,0.117722222222222,0.137277777777778,0.0165,0.0285555555555556,0.00411111111111111,0.0244444444444444,0.000666666666666667,0.00366666666666667,0,5e-04,0.000166666666666667,0,0.000166666666666667,0.002,0.0328333333333333,0.00366666666666667,0,0.00127777777777778
147,0,0.000166666666666667,0.000777777777777778,0.636611111111111,0.110555555555556,0.168111111111111,0.02,0.00322222222222222,0.00527777777777778,0.00805555555555556,0.00411111111111111,0.000611111111111111,0.000166666666666667,0.000333333333333333,0.00338888888888889,0.000888888888888889,0,0.000333333333333333,0.0332777777777778,0.00338888888888889,0.000166666666666667,0
148,0.000111111111111111,0.000611111111111111,0.000722222222222222,0.601888888888889,0.0985555555555555,0.218,0.0232222222222222,0.00833333333333333,0.00794444444444444,0.0045,0.00216666666666667,0.00194444444444444,0.000333333333333333,5e-04,0,0,0,0.000833333333333333,0.0257777777777778,0.00272222222222222,0.000333333333333333,0.000444444444444444
149,0.00344444444444444,0.00105555555555556,0.000222222222222222,0.532944444444444,0.153944444444444,0.239333333333333,0.0208333333333333,0.00677777777777778,0.0119444444444444,0.0105555555555556,0.00122222222222222,0.00144444444444444,0.000277777777777778,0.000944444444444444,0,0.000722222222222222,0,0.000333333333333333,0.007,0.00155555555555556,0.000277777777777778,0.000555555555555556
150,0.000333333333333333,0.00172222222222222,0.000944444444444444,0.643833333333333,0.127222222222222,0.144111111111111,0.0225555555555556,0.0188888888888889,0.0122222222222222,0.0085,0.00127777777777778,0.00238888888888889,0,0.000111111111111111,0.00188888888888889,0.00338888888888889,0,0.000833333333333333,0.00811111111111111,0.000111111111111111,0.000277777777777778,0.000666666666666667
151,0.000666666666666667,0.000277777777777778,0,0.636277777777778,0.137333333333333,0.168555555555556,0.0161666666666667,0.0123888888888889,0.00266666666666667,0.00638888888888889,0.000944444444444444,0.00211111111111111,0.000111111111111111,0.00294444444444444,0.000166666666666667,0.000222222222222222,0,0.000777777777777778,0.0113333333333333,0.000166666666666667,0.000388888888888889,0.000111111111111111
152,0.000111111111111111,5e-04,0.000277777777777778,0.402,0.170333333333333,0.298333333333333,0.0173333333333333,0.0113888888888889,0.00983333333333333,0.0220555555555556,0.00111111111111111,0.002,0,0.00183333333333333,0.000222222222222222,0.00288888888888889,0,0.00222222222222222,0.0459444444444444,0.00244444444444444,0.000166666666666667,0.00855555555555556
153,0,0.000111111111111111,0,0.639166666666667,0.0993888888888889,0.176388888888889,0.0296111111111111,0.00972222222222222,0.00427777777777778,0.00516666666666667,0.00316666666666667,0.00133333333333333,0,0.000166666666666667,0,0.000111111111111111,0,0.000611111111111111,0.0274444444444444,0.000222222222222222,0.00294444444444444,0.000111111111111111
154,0.000444444444444444,5e-04,0.000166666666666667,0.653333333333333,0.113777777777778,0.1635,0.0285555555555556,0.0118333333333333,0.00844444444444444,0.00361111111111111,0.00211111111111111,0.00205555555555556,0,0,0,0,0,0.000666666666666667,0.00905555555555556,0.000111111111111111,0.00177777777777778,0
155,0.000777777777777778,0.000944444444444444,0.000555555555555556,0.647333333333333,0.129,0.160611111111111,0.0269444444444444,0.0118888888888889,0.0127777777777778,0.00305555555555556,0.00116666666666667,0.00255555555555556,5.55555555555556e-05,0,0,0,0,0.000611111111111111,0.00116666666666667,0.000111111111111111,0.000333333333333333,0
156,0,0.000555555555555556,0.000277777777777778,0.577833333333333,0.0985555555555555,0.171222222222222,0.0292222222222222,0.00327777777777778,0.00877777777777778,0.0168888888888889,0.00194444444444444,5e-04,0.000333333333333333,0.000666666666666667,0.00127777777777778,0.00127777777777778,0,0.00138888888888889,0.0722777777777778,0.0125555555555556,0,0.000888888888888889
157,0.000111111111111111,0.000222222222222222,0,0.642555555555556,0.0766111111111111,0.190777777777778,0.0372222222222222,0.006,0.00955555555555556,0.00738888888888889,0.000888888888888889,0.00116666666666667,0.000111111111111111,5.55555555555556e-05,0,0,0.000111111111111111,0.000833333333333333,0.0259444444444444,0,0,0.000444444444444444
158,0,0.000222222222222222,0,0.597666666666667,0.122888888888889,0.171555555555556,0.0255555555555556,0.0115555555555556,0.00666666666666667,0.0242222222222222,0.000888888888888889,0.00216666666666667,0.000444444444444444,0.00127777777777778,0,0,0,0.00138888888888889,0.0327777777777778,0,5.55555555555556e-05,0.000444444444444444
159,0.000111111111111111,5e-04,0,0.575833333333333,0.124333333333333,0.1745,0.0236666666666667,0.0149444444444444,0.00938888888888889,0.0166666666666667,0.009,0.00277777777777778,0,0.00183333333333333,0,0,0,0.000722222222222222,0.0442777777777778,0.000111111111111111,0.000333333333333333,0.000444444444444444
160,0.00194444444444444,0.000611111111111111,0,0.616833333333333,0.1075,0.149777777777778,0.0241666666666667,0.0145,0.00872222222222222,0.0155555555555556,0.00538888888888889,0.00294444444444444,0.000555555555555556,0.00222222222222222,0,0,0,0.000777777777777778,0.0476111111111111,0.000111111111111111,0.000222222222222222,0.000388888888888889
161,0.00394444444444444,0.000777777777777778,0,0.650166666666667,0.0936111111111111,0.128833333333333,0.0243333333333333,0.0141111111111111,0.00827777777777778,0.0158888888888889,0.00144444444444444,0.003,0.000944444444444444,0.00227777777777778,0,0,0,0.001,0.0507777777777778,5.55555555555556e-05,0,0.000444444444444444
162,0.00333333333333333,0.000722222222222222,0,0.650333333333333,0.0950555555555556,0.133166666666667,0.0227777777777778,0.0136666666666667,0.00833333333333333,0.0162777777777778,0.00138888888888889,0.003,0.001,0.00194444444444444,0,0,0,0.000833333333333333,0.0475,0.000166666666666667,0,0.000388888888888889
163,0.0025,5e-04,0,0.642,0.0937222222222222,0.148888888888889,0.0208888888888889,0.0144444444444444,0.00805555555555556,0.0165,0.00155555555555556,0.00294444444444444,0.000666666666666667,0.00172222222222222,0,0,5.55555555555556e-05,0.00111111111111111,0.043,0.000277777777777778,0.000111111111111111,0.000777777777777778
164,0.00133333333333333,0.000833333333333333,0,0.635222222222222,0.0946666666666667,0.166111111111111,0.0175555555555556,0.014,0.00777777777777778,0.0163888888888889,0.00161111111111111,0.00261111111111111,0.000388888888888889,0.00122222222222222,5.55555555555556e-05,0.000222222222222222,0.000222222222222222,0.00144444444444444,0.0367222222222222,0.000333333333333333,0.000222222222222222,0.000666666666666667
165,0.000444444444444444,0.000611111111111111,0,0.630833333333333,0.0975555555555556,0.179944444444444,0.0155555555555556,0.0149444444444444,0.00705555555555556,0.0153888888888889,0.00177777777777778,0.00261111111111111,0.000111111111111111,0.000888888888888889,5.55555555555556e-05,0.000222222222222222,0.000166666666666667,0.00155555555555556,0.0276666666666667,0.000611111111111111,0.000388888888888889,0.00111111111111111
166,5.55555555555556e-05,0.000888888888888889,0,0.635611111111111,0.100111111111111,0.181277777777778,0.0140555555555556,0.0166666666666667,0.00705555555555556,0.0162777777777778,0.00172222222222222,0.00216666666666667,0,0.000611111111111111,0.000111111111111111,0.000388888888888889,0.000277777777777778,0.00161111111111111,0.0183888888888889,5e-04,0.000444444444444444,0.00105555555555556
167,0,0.000611111111111111,0.000111111111111111,0.640666666666667,0.159722222222222,0.116777777777778,0.0383888888888889,0.0287222222222222,0.00544444444444444,0.00283333333333333,0.000222222222222222,0.00377777777777778,0.000944444444444444,0.000333333333333333,0,0,0.000111111111111111,0.000444444444444444,0.000888888888888889,0,0,0
168,0,0.00111111111111111,0.000111111111111111,0.671722222222222,0.1425,0.110611111111111,0.0350555555555556,0.0240555555555556,0.00455555555555556,0.00322222222222222,0.000277777777777778,0.00394444444444444,0.000777777777777778,0.000277777777777778,0,0,0,0.000333333333333333,0.00138888888888889,0,5.55555555555556e-05,0
169,0,0.00188888888888889,5.55555555555556e-05,0.698833333333333,0.120166666666667,0.107888888888889,0.0323888888888889,0.0213888888888889,0.00394444444444444,0.00566666666666667,0.000333333333333333,0.00288888888888889,0.000388888888888889,0.000222222222222222,0,5.55555555555556e-05,5.55555555555556e-05,0.000222222222222222,0.00333333333333333,0,0.000222222222222222,5.55555555555556e-05
170,0,0.00222222222222222,0,0.712,0.106166666666667,0.112944444444444,0.0311111111111111,0.0151111111111111,0.00416666666666667,0.00805555555555556,0.000388888888888889,0.003,0.000111111111111111,0,0,5.55555555555556e-05,0,0.000444444444444444,0.00366666666666667,0,0.000444444444444444,0.000111111111111111
171,0,0.00255555555555556,0,0.716722222222222,0.0951111111111111,0.123611111111111,0.0295555555555556,0.0107777777777778,0.00383333333333333,0.00883333333333333,5e-04,0.00255555555555556,0,0,0,0,0,5e-04,0.00477777777777778,0,5e-04,0.000166666666666667
172,0.003,0.00166666666666667,0.000111111111111111,0.657722222222222,0.094,0.184555555555556,0.0290555555555556,0.00916666666666667,0.00505555555555556,0.011,0.00105555555555556,0.00211111111111111,0,0,0,0,0,0.000722222222222222,0.000388888888888889,0,0.000222222222222222,0.000111111111111111
173,0.000166666666666667,0.00277777777777778,5.55555555555556e-05,0.610111111111111,0.167666666666667,0.171333333333333,0.0174444444444444,0.00644444444444444,0.00783333333333333,0.008,0.00166666666666667,0.00161111111111111,0.000666666666666667,0.000333333333333333,0,0,0,0.001,0.00205555555555556,0,0.000111111111111111,0
174,0,0.001,0.000166666666666667,0.515888888888889,0.126944444444444,0.266833333333333,0.0248888888888889,0.00805555555555556,0.00711111111111111,0.00927777777777778,0.00383333333333333,0.00144444444444444,0,0.000277777777777778,0.00183333333333333,0,0,0.001,0.0309444444444444,0.000277777777777778,0.000222222222222222,0
175,0,0.001,0.000111111111111111,0.523333333333333,0.110722222222222,0.241444444444444,0.0312222222222222,0.00733333333333333,0.00594444444444444,0.00944444444444444,0.00305555555555556,0.00122222222222222,0,0.000166666666666667,0.00133333333333333,0,0,0.00111111111111111,0.0615555555555556,0.000833333333333333,0.000166666666666667,0
176,0,0.000674498341858243,5.62081951548536e-05,0.554269012422011,0.104041369231634,0.208869653195436,0.0273733910404137,0.00567702771064021,0.00562081951548536,0.0150637963015008,0.00252936878196841,0.00101174751278736,0,0.000112416390309707,0.000843122927322804,0,0,0.00224832780619414,0.0680119161373728,0.00320386712382665,0.000168624585464561,0.000224832780619414
177,0,0.000222965440356745,0,0.583389074693422,0.103846153846154,0.172240802675585,0.0193422519509476,0.00351170568561873,0.00618729096989967,0.0250278706800446,0.00206243032329989,0.000780379041248607,0,0.000111482720178372,0.000445930880713489,0.000111482720178372,0,0.00423634336677815,0.0707357859531773,0.00674470457079153,0.000167224080267559,0.00072463768115942
178,0,5.55555555555556e-05,0,0.5985,0.102444444444444,0.154444444444444,0.0151666666666667,0.0025,0.00672222222222222,0.0303333333333333,0.00155555555555556,0.000611111111111111,0,0.000222222222222222,0.000277777777777778,0.000277777777777778,0,0.00533333333333333,0.0715555555555556,0.00855555555555556,0.000166666666666667,0.00105555555555556
179,0,0.000111111111111111,0.000444444444444444,0.718777777777778,0.0661111111111111,0.139611111111111,0.0227222222222222,0.00388888888888889,0.00744444444444444,0.00638888888888889,0.000611111111111111,0.000444444444444444,5.55555555555556e-05,0.000222222222222222,0.000333333333333333,0.00361111111111111,0,0.00138888888888889,0.0197777777777778,0.00672222222222222,0.000222222222222222,0.001
180,0,0,0,0.702,0.0932777777777778,0.114166666666667,0.0299444444444444,0.0107222222222222,0.00477777777777778,0.0138333333333333,0.000833333333333333,0.001,0.000111111111111111,0,0,0,0,0.00194444444444444,0.0265,0,5e-04,0.000166666666666667
181,0,0.000111111111111111,0.000166666666666667,0.546111111111111,0.137944444444444,0.2065,0.0321111111111111,0.0121666666666667,0.0075,0.0106111111111111,0.0055,0.00161111111111111,0.000277777777777778,0.000388888888888889,0.000166666666666667,0.000777777777777778,0,0.00188888888888889,0.0342222222222222,0.000833333333333333,0.000388888888888889,0.000444444444444444
182,0.000111111111111111,0,0.000111111111111111,0.678166666666667,0.0591111111111111,0.205777777777778,0.0183333333333333,0.00966666666666667,0.0111111111111111,0.00338888888888889,0.00511111111111111,0.000555555555555556,0.000277777777777778,0.000277777777777778,0,0,0,0.000277777777777778,0.00716666666666667,0,0.000388888888888889,0.000166666666666667
183,0.000166666666666667,0.00411111111111111,0,0.758333333333333,0.0540555555555556,0.104277777777778,0.0335,0.0303333333333333,0.00361111111111111,0.00422222222222222,0.000166666666666667,0.00483333333333333,0.000222222222222222,5e-04,0,0,0.000166666666666667,0.000166666666666667,0.000666666666666667,0,5e-04,0.000166666666666667
184,0.000166666666666667,0.000722222222222222,0,0.728444444444444,0.0916666666666667,0.0927777777777778,0.0309444444444444,0.0273888888888889,0.00394444444444444,0.0112777777777778,5e-04,0.00455555555555556,0.000111111111111111,0.000277777777777778,0,0.000166666666666667,0,0.000611111111111111,0.004,0.00127777777777778,0.000388888888888889,5e-04
185,0.000444444444444444,0.00133333333333333,0.000111111111111111,0.646166666666667,0.152,0.132277777777778,0.0176666666666667,0.0103888888888889,0.00561111111111111,0.00877777777777778,0.000277777777777778,0.00155555555555556,0.000555555555555556,0.000666666666666667,0,0.000111111111111111,0,0.00116666666666667,0.0197777777777778,0,0.000166666666666667,0.000111111111111111
