"Time","Bacteroidia","Clostridia_258483","Negativicutes","Gammaproteobacteria","Bacilli","Desulfovibrionia","Actinomycetia","Verrucomicrobiae","Coriobacteriia","Campylobacteria","Bacteria_Kingdom","Fusobacteriia"
0,0.727111111111111,0.194611111111111,0.0112222222222222,0,0.000277777777777778,0.0134444444444444,0,0.000333333333333333,0,0.000111111111111111,0.0528888888888889,0
1,0.643555555555556,0.308944444444444,0.0147222222222222,0.00133333333333333,0.00161111111111111,0.0113888888888889,0.00122222222222222,0,0,0.000111111111111111,0.0171111111111111,0
2,0.675222222222222,0.216944444444444,0.0129444444444444,0,0.000111111111111111,0.0114444444444444,0.00133333333333333,0,0,0,0.082,0
3,0.707555555555556,0.243444444444444,0.0316111111111111,0.00161111111111111,0.000777777777777778,0.00722222222222222,0,0,0,0,0.00777777777777778,0
4,0.448944444444444,0.454388888888889,0.0380555555555556,0.000777777777777778,0.00383333333333333,0.00544444444444444,0.00611111111111111,0,0.00222222222222222,0.000166666666666667,0.0400555555555556,0
5,0.586055555555556,0.2895,0.0595,5.55555555555556e-05,0.00372222222222222,0.00433333333333333,0.00255555555555556,0,0.000555555555555556,0.000166666666666667,0.0535555555555556,0
6,0.639388888888889,0.297722222222222,0.0309444444444444,0.000666666666666667,0.00283333333333333,0.00555555555555556,0.00172222222222222,0,0.000277777777777778,0.000222222222222222,0.0206666666666667,0
7,0.7245,0.219111111111111,0.0328333333333333,0.00116666666666667,0.000611111111111111,0.0143333333333333,0.000555555555555556,0,0,0,0.00688888888888889,0
8,0.774611111111111,0.1925,0.018,0,0.000277777777777778,0.0126666666666667,0,0,0,0,0.00194444444444444,0
9,0.462388888888889,0.401555555555556,0.0220555555555556,5.55555555555556e-05,0.0025,0.00838888888888889,0.0106666666666667,0,5e-04,0.00244444444444444,0.0893333333333333,0
10,0.772722222222222,0.185555555555556,0.0258888888888889,0.000388888888888889,0.000555555555555556,0.00977777777777778,0,0,0,0.000111111111111111,0.005,0
11,0.527333333333333,0.296555555555556,0.0355555555555556,5.55555555555556e-05,0.00211111111111111,0.00633333333333333,0.0103888888888889,0,0.000444444444444444,0.00227777777777778,0.118888888888889,0
12,0.634277777777778,0.3125,0.0361666666666667,0.00305555555555556,0.000666666666666667,0.00572222222222222,0.00222222222222222,0,0.00105555555555556,0.000888888888888889,0.00338888888888889,0
13,0.654944444444444,0.314777777777778,0.0122222222222222,0.000388888888888889,0.00244444444444444,0.0136111111111111,0.000111111111111111,0,0,0.000111111111111111,0.00138888888888889,0
14,0.486222222222222,0.444333333333333,0.028,0.000222222222222222,0.00238888888888889,0.00994444444444444,0.0151111111111111,0,0.00233333333333333,0.00383333333333333,0.00761111111111111,0
15,0.522166666666667,0.384333333333333,0.0320555555555556,0.000111111111111111,0.00183333333333333,0.00877777777777778,0.00755555555555556,0,0.001,0.00338888888888889,0.0387222222222222,0
16,0.543388888888889,0.407388888888889,0.0238888888888889,0.000277777777777778,0.000944444444444444,0.00816666666666667,0.00494444444444444,0.000166666666666667,0.00127777777777778,0.00233333333333333,0.00722222222222222,0
17,0.484555555555556,0.376166666666667,0.0346111111111111,0.000222222222222222,0.00216666666666667,0.00561111111111111,0.00738888888888889,0.00777777777777778,0.00188888888888889,0.00138888888888889,0.0782222222222222,0
18,0.546055555555556,0.302,0.045,0.000277777777777778,0.000722222222222222,0.00433333333333333,0.0145555555555556,0.0495,0.00122222222222222,0.00333333333333333,0.0325555555555556,0
19,0.686777777777778,0.286222222222222,0.0186666666666667,0.000444444444444444,0.000833333333333333,0.00488888888888889,5.55555555555556e-05,0.00183333333333333,0,0.000111111111111111,0.000166666666666667,0
20,0.538222222222222,0.368777777777778,0.0463333333333333,0.000111111111111111,0.000888888888888889,0.00461111111111111,0.00972222222222222,0.00372222222222222,0.00772222222222222,0.00394444444444444,0.0158333333333333,0
21,0.697111111111111,0.277722222222222,0.0153888888888889,0.000833333333333333,0.000611111111111111,0.00611111111111111,0,0.00155555555555556,0,0.000111111111111111,0.000555555555555556,0
22,0.666222222222222,0.300166666666667,0.0229444444444444,0.000388888888888889,5e-04,0.0045,0,0.0045,0,0.000277777777777778,5e-04,0
23,0.609333333333333,0.334555555555556,0.0195555555555556,0.000777777777777778,0.00244444444444444,0.00605555555555556,5e-04,0.0236111111111111,0,0.000666666666666667,0.0025,0
24,0.704666666666667,0.262666666666667,0.0166111111111111,0.000333333333333333,0.00177777777777778,0.00488888888888889,0,0.00822222222222222,5.55555555555556e-05,0.000166666666666667,0.000611111111111111,0
25,0.718833333333333,0.246777777777778,0.0158888888888889,0.000277777777777778,0.00138888888888889,0.00672222222222222,0,0.00916666666666667,5.55555555555556e-05,0.000222222222222222,0.000666666666666667,0
26,0.619833333333333,0.346666666666667,0.0155,5e-04,0.00116666666666667,0.00772222222222222,0.000111111111111111,0.00794444444444444,0,0.000444444444444444,0.000111111111111111,0
27,0.587722222222222,0.365222222222222,0.0205555555555556,0.000222222222222222,0.00127777777777778,0.00911111111111111,0.000166666666666667,0.0116111111111111,0.000444444444444444,0.00144444444444444,0.00222222222222222,0
28,0.694944444444444,0.280777777777778,0.0176666666666667,0.000333333333333333,0.000611111111111111,0.00177777777777778,0,0.0035,0,5.55555555555556e-05,0.000333333333333333,0
29,0.6985,0.262611111111111,0.0157777777777778,0.000333333333333333,0.000833333333333333,0.00394444444444444,0.000166666666666667,0.0144444444444444,0,0.000888888888888889,0.0025,0
30,0.691111111111111,0.271833333333333,0.0215,0.000166666666666667,0.00261111111111111,0.00722222222222222,0,0.00516666666666667,0,0.000166666666666667,0.000222222222222222,0
31,0.680611111111111,0.278333333333333,0.021,0.00177777777777778,0.00216666666666667,0.00644444444444445,0,0.00916666666666667,0,0.000222222222222222,0.000277777777777778,0
32,0.483944444444444,0.430555555555556,0.0429444444444444,0,0.000777777777777778,0.00577777777777778,0.0158333333333333,0.00227777777777778,0.00338888888888889,0.0102777777777778,0.00411111111111111,5.55555555555556e-05
33,0.488666666666667,0.425444444444444,0.0430555555555556,0,0.000555555555555556,0.00605555555555556,0.0158333333333333,0.0025,0.00338888888888889,0.0102777777777778,0.00411111111111111,5.55555555555556e-05
34,0.487611111111111,0.429888888888889,0.0418888888888889,0.000388888888888889,0.000722222222222222,0.00605555555555556,0.0151666666666667,0.00227777777777778,0.00327777777777778,0.00866666666666667,0.00394444444444444,5.55555555555556e-05
35,0.492,0.430222222222222,0.0391666666666667,0.000944444444444444,0.000888888888888889,0.00622222222222222,0.0127222222222222,0.00316666666666667,0.00294444444444444,0.00788888888888889,0.00366666666666667,0.000111111111111111
36,0.497833333333333,0.434055555555556,0.0349444444444444,0.00111111111111111,0.00105555555555556,0.00583333333333333,0.0103333333333333,0.00266666666666667,0.00222222222222222,0.00622222222222222,0.00344444444444444,0.000222222222222222
37,0.504888888888889,0.432666666666667,0.0311666666666667,0.00205555555555556,0.000944444444444444,0.00616666666666667,0.00788888888888889,0.00338888888888889,0.00166666666666667,0.00505555555555556,0.00383333333333333,0.000277777777777778
38,0.518444444444444,0.427222222222222,0.0279444444444444,0.003,0.00111111111111111,0.00594444444444444,0.00483333333333333,0.00327777777777778,0.001,0.00311111111111111,0.00372222222222222,0.000388888888888889
39,0.531333333333333,0.421333333333333,0.024,0.00338888888888889,0.00127777777777778,0.006,0.00227777777777778,0.00405555555555556,0.000388888888888889,0.00172222222222222,0.00388888888888889,0.000333333333333333
40,0.547722222222222,0.410388888888889,0.0216111111111111,0.0035,0.00127777777777778,0.00533333333333333,0.000611111111111111,0.00433333333333333,5.55555555555556e-05,0.000722222222222222,0.00411111111111111,0.000333333333333333
41,0.564944444444444,0.394222222222222,0.0202777777777778,0.00383333333333333,0.00122222222222222,0.00516666666666667,0,0.00472222222222222,0,0.000333333333333333,0.005,0.000277777777777778
42,0.646777777777778,0.287277777777778,0.0252777777777778,0.000722222222222222,0.00133333333333333,0.00472222222222222,0.000166666666666667,0.0257777777777778,0,0.000666666666666667,0.00694444444444444,0.000333333333333333
43,0.682,0.234055555555556,0.0356666666666667,0.000777777777777778,0.00266666666666667,0.00366666666666667,0,0.027,0,0.000333333333333333,0.0138333333333333,0
44,0.526666666666667,0.342055555555556,0.0424444444444444,0.000166666666666667,0.00238888888888889,0.00488888888888889,0.00183333333333333,0.0226111111111111,0.000888888888888889,0.00461111111111111,0.0513333333333333,0.000111111111111111
45,0.682,0.264833333333333,0.0156111111111111,0.000333333333333333,0.00266666666666667,0.00433333333333333,0,0.0180555555555556,0,0.000111111111111111,0.0120555555555556,0
46,0.635,0.278055555555556,0.0233333333333333,0.00177777777777778,0.00794444444444444,0.0118333333333333,0,0.0351111111111111,0,0.000388888888888889,0.00633333333333333,0.000222222222222222
47,0.677374379566115,0.244325469856673,0.0225308125592549,0.00117115609837711,0.00702693659026267,0.00875578606881936,0,0.0314539066421282,0,0.000223077352071831,0.00702693659026267,0.000111538676035915
48,0.713388888888889,0.216888888888889,0.0217222222222222,0.000444444444444444,0.00638888888888889,0.00572222222222222,0,0.0276111111111111,0,0.000111111111111111,0.00772222222222222,0
49,0.677722222222222,0.236,0.0255,0.000166666666666667,0.00661111111111111,0.008,0,0.0392777777777778,0,0.000555555555555556,0.00616666666666667,0
50,0.406166666666667,0.488555555555556,0.0238333333333333,0.000666666666666667,0.0165,0.00772222222222222,0.00933333333333333,0.0111666666666667,0.00527777777777778,0.0149444444444444,0.00505555555555556,0.0107777777777778
51,0.591333333333333,0.339166666666667,0.0202777777777778,0.00216666666666667,0.0113333333333333,0.00733333333333333,0.00438888888888889,0.00833333333333333,0.00194444444444444,0.00622222222222222,0.00277777777777778,0.00472222222222222
52,0.732833333333333,0.223611111111111,0.0166666666666667,0.00344444444444444,0.00711111111111111,0.00661111111111111,0,0.00761111111111111,0.000166666666666667,0,0.00161111111111111,0.000333333333333333
53,0.380166666666667,0.5265,0.0272222222222222,0,0.00883333333333333,0.00594444444444444,0.00922222222222222,0.00172222222222222,0.00488888888888889,0.00372222222222222,0.0281111111111111,0.00366666666666667
54,0.459388888888889,0.457277777777778,0.0291111111111111,0.000277777777777778,0.0075,0.00655555555555556,0.00655555555555556,0.00322222222222222,0.00361111111111111,0.00277777777777778,0.0209444444444444,0.00277777777777778
55,0.608388888888889,0.323,0.0296666666666667,0.000833333333333333,0.00594444444444444,0.00822222222222222,0.00194444444444444,0.00827777777777778,0.00138888888888889,0.000888888888888889,0.0103333333333333,0.00111111111111111
56,0.697777777777778,0.244277777777778,0.0274444444444444,0.001,0.00333333333333333,0.00883333333333333,0.000111111111111111,0.014,0.000166666666666667,5.55555555555556e-05,0.00283333333333333,0.000166666666666667
57,0.741888888888889,0.197444444444444,0.0211666666666667,0.000222222222222222,0.000944444444444444,0.005,0,0.0318888888888889,0,0,0.00144444444444444,0
58,0.719611111111111,0.224777777777778,0.0185555555555556,0.000555555555555556,0.00227777777777778,0.00605555555555556,0.000222222222222222,0.0255555555555556,0,0.000111111111111111,0.00205555555555556,0.000222222222222222
59,0.718277777777778,0.218055555555556,0.0303333333333333,0.00116666666666667,0.00333333333333333,0.00594444444444444,0.000222222222222222,0.0215,0.000111111111111111,0.000111111111111111,0.000944444444444444,0
60,0.624722222222222,0.323888888888889,0.0191111111111111,0.00111111111111111,0.00522222222222222,0.00938888888888889,0.000111111111111111,0.0148888888888889,0,0,0.00155555555555556,0
61,0.663722222222222,0.290777777777778,0.0243888888888889,0.000444444444444444,0.00444444444444444,0.00616666666666667,0.000166666666666667,0.00888888888888889,0,0,0.001,0
62,0.709611111111111,0.248388888888889,0.0246111111111111,0.000444444444444444,0.00316666666666667,0.00594444444444444,0.000111111111111111,0.00694444444444444,0.000166666666666667,0,0.000611111111111111,0
63,0.681111111111111,0.285444444444444,0.0206111111111111,0.000444444444444444,0.00272222222222222,0.00566666666666667,0.000111111111111111,0.00355555555555556,5.55555555555556e-05,0,0.000277777777777778,0
64,0.630722222222222,0.346833333333333,0.0135,0.000388888888888889,0.00244444444444444,0.00516666666666667,0.000166666666666667,0.000444444444444444,5.55555555555556e-05,0,0.000277777777777778,0
65,0.617611111111111,0.354722222222222,0.0193888888888889,0.000555555555555556,0.00405555555555556,0.00288888888888889,0.000166666666666667,0.000222222222222222,0.000111111111111111,0,0.000277777777777778,0
66,0.661444444444445,0.311166666666667,0.017,0.000555555555555556,0.00294444444444444,0.00622222222222222,0.000166666666666667,0,0.000333333333333333,5.55555555555556e-05,0.000111111111111111,0
67,0.62,0.345,0.0216111111111111,0.00211111111111111,0.00377777777777778,0.00655555555555556,0.000277777777777778,0,0.000111111111111111,0,5e-04,0
68,0.599777777777778,0.370277777777778,0.0187222222222222,0.00377777777777778,0.00372222222222222,0.00322222222222222,5e-04,0,0,0,0,0
69,0.560055555555556,0.408111111111111,0.0203888888888889,0.00544444444444444,0.00272222222222222,0.00238888888888889,0.000277777777777778,0.000111111111111111,0.000222222222222222,0,0.000277777777777778,0
70,0.663166666666667,0.318722222222222,0.0109444444444444,0.000611111111111111,0.00105555555555556,0.00377777777777778,0.000222222222222222,0,0,0,0.000333333333333333,0
71,0.633611111111111,0.339444444444444,0.0191666666666667,0.00188888888888889,0.002,0.00316666666666667,0.000111111111111111,0,5.55555555555556e-05,0,0.000555555555555556,0
72,0.374722222222222,0.522611111111111,0.041,0,0.00505555555555556,0.00461111111111111,0.0167222222222222,0,0.005,0.0195555555555556,0.00444444444444444,0.00594444444444444
73,0.716555555555556,0.245277777777778,0.0210555555555556,0.000222222222222222,0.00383333333333333,0.00794444444444444,5.55555555555556e-05,0,0.000388888888888889,0,0.00466666666666667,0
74,0.724611111111111,0.240666666666667,0.0205555555555556,0.000222222222222222,0.00255555555555556,0.00694444444444444,5.55555555555556e-05,0,0.000111111111111111,0,0.00427777777777778,0
75,0.733444444444444,0.235111111111111,0.0182777777777778,0.000166666666666667,0.00261111111111111,0.00677777777777778,0.000111111111111111,0,0.000111111111111111,0,0.00338888888888889,0
76,0.738388888888889,0.233777777777778,0.0169444444444444,0.000277777777777778,0.00205555555555556,0.00605555555555556,0.000111111111111111,0,0.000166666666666667,0,0.00222222222222222,0
77,0.742222222222222,0.2315,0.0162222222222222,0.000166666666666667,0.002,0.00594444444444444,0.000166666666666667,0,0.000111111111111111,0,0.00166666666666667,0
78,0.743888888888889,0.232166666666667,0.0151111111111111,0.000333333333333333,0.00188888888888889,0.00577777777777778,0.000111111111111111,0,0.000166666666666667,0,0.000555555555555556,0
79,0.742611111111111,0.235111111111111,0.0143333333333333,0.000277777777777778,0.00205555555555556,0.00522222222222222,5.55555555555556e-05,0,0.000222222222222222,0,0.000111111111111111,0
80,0.599722222222222,0.359722222222222,0.0207777777777778,0.000333333333333333,0.0035,0.00555555555555555,0.000888888888888889,0.000111111111111111,0.000388888888888889,0.00483333333333333,0.00372222222222222,0.000333333333333333
81,0.737277777777778,0.233166666666667,0.0195555555555556,0.000277777777777778,0.00444444444444444,0.00477777777777778,5.55555555555556e-05,0,5.55555555555556e-05,0,0.000388888888888889,0
82,0.696388888888889,0.273833333333333,0.0229444444444444,0,0.00277777777777778,0.00355555555555556,0.000333333333333333,0,0.000166666666666667,0,0,0
83,0.754777777777778,0.211333333333333,0.0272222222222222,0.00122222222222222,0.00155555555555556,0.00316666666666667,0.000333333333333333,0,0,0,0,0
84,0.6285,0.224055555555556,0.0457777777777778,0.000388888888888889,0.00266666666666667,0.00827777777777778,0.000777777777777778,0,0.000444444444444444,0.0274444444444444,0.00322222222222222,0.0584444444444444
85,0.646888888888889,0.258611111111111,0.0357777777777778,0.000333333333333333,0.00283333333333333,0.00755555555555555,0.000777777777777778,5.55555555555556e-05,0.000222222222222222,0.0152222222222222,0.002,0.0297222222222222
86,0.673555555555556,0.293888888888889,0.0222222222222222,0.000333333333333333,0.00205555555555556,0.00688888888888889,0.000166666666666667,0.000111111111111111,0.000111111111111111,0.000333333333333333,0.000222222222222222,0.000111111111111111
87,0.760111111111111,0.205944444444444,0.0233888888888889,0.000611111111111111,0.00166666666666667,0.00705555555555556,0.000111111111111111,0,0.000111111111111111,0.000388888888888889,0.000388888888888889,0.000222222222222222
88,0.739888888888889,0.2275,0.0174444444444444,0.00138888888888889,0.00272222222222222,0.009,5.55555555555556e-05,0,0.000222222222222222,0.000222222222222222,0.00138888888888889,0.000166666666666667
89,0.724277777777778,0.244833333333333,0.0197222222222222,5e-04,0.00288888888888889,0.00738888888888889,0.000333333333333333,0,0,0,5.55555555555556e-05,0
90,0.728222222222222,0.246,0.0177222222222222,5e-04,0.00311111111111111,0.00377777777777778,0.000166666666666667,0,0.000166666666666667,0,0.000333333333333333,0
91,0.707111111111111,0.261,0.0187777777777778,0.00127777777777778,0.006,0.0045,0,5e-04,5.55555555555556e-05,0.000111111111111111,0.000666666666666667,0
92,0.734333333333333,0.234333333333333,0.0183333333333333,0.000666666666666667,0.005,0.00627777777777778,5.55555555555556e-05,5e-04,0.000111111111111111,0,0.000388888888888889,0
93,0.722777777777778,0.245722222222222,0.0173888888888889,0.000222222222222222,0.00283333333333333,0.00744444444444444,0.000111111111111111,0.00177777777777778,0.000666666666666667,0,0.000944444444444444,0.000111111111111111
94,0.605944444444445,0.311444444444444,0.0176111111111111,0.000277777777777778,0.00872222222222222,0.00866666666666667,0.001,0.00172222222222222,0.000888888888888889,0.00111111111111111,0.0284444444444444,0.0141111111111111
95,0.487555555555556,0.377611111111111,0.0184444444444444,0.000222222222222222,0.0141666666666667,0.00822222222222222,0.00227777777777778,0.00155555555555556,0.00172222222222222,0.00227777777777778,0.057,0.0288333333333333
96,0.625222222222222,0.337722222222222,0.0121666666666667,0.00327777777777778,0.0107222222222222,0.00988888888888889,0.000222222222222222,0.000166666666666667,0.000111111111111111,0,5e-04,0
97,0.491166666666667,0.4335,0.0199444444444444,0.00311111111111111,0.012,0.00994444444444444,0.00133333333333333,0.00111111111111111,0.00144444444444444,0.00155555555555556,0.0238888888888889,0.001
98,0.621777777777778,0.340333333333333,0.0122777777777778,0.00627777777777778,0.005,0.00277777777777778,0.000111111111111111,0,0.000166666666666667,0.000277777777777778,0.0108333333333333,0.000166666666666667
99,0.677388888888889,0.259222222222222,0.0273333333333333,0.00511111111111111,0.00283333333333333,0.00516666666666667,0.000111111111111111,0,0,0,0.0228333333333333,0
100,0.426,0.0771111111111111,0.00894444444444444,0,0.00161111111111111,0.00438888888888889,0,0,0,0.000222222222222222,0.481055555555556,0.000666666666666667
101,0.66,0.243777777777778,0.0173333333333333,0.00566666666666667,0.00338888888888889,0.00555555555555555,0.000111111111111111,0,0,5.55555555555556e-05,0.0586666666666667,0.00544444444444444
102,0.653333333333333,0.208888888888889,0.0151111111111111,0.00438888888888889,0.00405555555555556,0.00522222222222222,0,0,5.55555555555556e-05,0.000111111111111111,0.105833333333333,0.003
103,0.700611111111111,0.242055555555556,0.0126666666666667,0.0181666666666667,0.00661111111111111,0.00661111111111111,0,0.000222222222222222,0.000166666666666667,0,0.0123888888888889,5e-04
104,0.709222222222222,0.233777777777778,0.0162777777777778,0.00833333333333333,0.00561111111111111,0.00977777777777778,0,0.000111111111111111,0.000111111111111111,0.000166666666666667,0.0129444444444444,0.00366666666666667
105,0.399722222222222,0.483388888888889,0.0213333333333333,0.005,0.0131111111111111,0.00772222222222222,0.00727777777777778,5.55555555555556e-05,0.0045,0.02,0.0327777777777778,0.00383333333333333
106,0.407388888888889,0.477666666666667,0.0212222222222222,0.00661111111111111,0.0127777777777778,0.00744444444444444,0.00705555555555556,0.000111111111111111,0.00333333333333333,0.0193333333333333,0.0324444444444444,0.00355555555555556
107,0.4335,0.456055555555556,0.0207777777777778,0.0104444444444444,0.0122222222222222,0.00722222222222222,0.00533333333333333,5.55555555555556e-05,0.00355555555555556,0.0177222222222222,0.0283888888888889,0.00366666666666667
108,0.462333333333333,0.437833333333333,0.0203888888888889,0.0169444444444444,0.00944444444444444,0.00666666666666667,0.005,5.55555555555556e-05,0.00277777777777778,0.0132222222222222,0.0225,0.00222222222222222
109,0.512111111111111,0.402666666666667,0.0191111111111111,0.0234444444444444,0.00644444444444444,0.00566666666666667,0.003,0,0.00166666666666667,0.00927777777777778,0.0143333333333333,0.00183333333333333
110,0.550777777777778,0.372388888888889,0.0185555555555556,0.0322222222222222,0.00411111111111111,0.00533333333333333,0.00122222222222222,0,0.000944444444444444,0.00522222222222222,0.00805555555555556,0.000888888888888889
111,0.586055555555556,0.342111111111111,0.0183888888888889,0.0409444444444444,0.0025,0.00544444444444444,0.000444444444444444,0,0.000166666666666667,0.00133333333333333,0.00233333333333333,0.000277777777777778
112,0.596166666666667,0.3305,0.0185,0.0479444444444444,0.00177777777777778,0.00483333333333333,0.000111111111111111,0,0,0,0.000166666666666667,0
113,0.6485,0.270111111111111,0.0213333333333333,0.0511666666666667,0.00222222222222222,0.00511111111111111,0.000111111111111111,0.000111111111111111,0.000388888888888889,5.55555555555556e-05,0.000888888888888889,0
114,0.673333333333333,0.241611111111111,0.023,0.0495555555555556,0.00444444444444444,0.00577777777777778,0.000388888888888889,0.000277777777777778,0.000166666666666667,0.000277777777777778,0.00116666666666667,0
115,0.669222222222222,0.262,0.0152222222222222,0.0365555555555556,0.00838888888888889,0.00766666666666667,0.000166666666666667,0.000111111111111111,0.000222222222222222,0,0.000444444444444444,0
116,0.662277777777778,0.282777777777778,0.0177777777777778,0.0213888888888889,0.00816666666666667,0.00605555555555556,0.000166666666666667,0.000222222222222222,0.000722222222222222,5.55555555555556e-05,0.000388888888888889,0
117,0.657388888888889,0.300111111111111,0.0204444444444444,0.0113888888888889,0.00477777777777778,0.00411111111111111,0.000166666666666667,0.000388888888888889,0.000666666666666667,0.000111111111111111,0.000444444444444444,0
118,0.707111111111111,0.262055555555556,0.0116111111111111,0.0106111111111111,0.00244444444444444,0.00533333333333333,0,0.000277777777777778,0.000277777777777778,0,0.000277777777777778,0
119,0.705,0.256444444444444,0.0146666666666667,0.00877777777777778,0.00222222222222222,0.00416666666666667,0.000222222222222222,0.00766666666666667,0.000166666666666667,0,0.000666666666666667,0
120,0.700777777777778,0.254277777777778,0.0178333333333333,0.00783333333333333,0.00216666666666667,0.00338888888888889,0.000333333333333333,0.0121666666666667,0.000111111111111111,0,0.00111111111111111,0
121,0.666833333333333,0.293222222222222,0.0178333333333333,0.0075,0.00255555555555556,0.00427777777777778,0.000222222222222222,0.00622222222222222,0,0,0.00133333333333333,0
122,0.636111111111111,0.303166666666667,0.0223888888888889,0.0121666666666667,0.00372222222222222,0.00577777777777778,0.001,0.0109444444444444,0.000222222222222222,0,0.0045,0
123,0.648833333333333,0.312111111111111,0.00816666666666667,0.0121111111111111,0.00488888888888889,0.00638888888888889,0.000833333333333333,0.00522222222222222,0.000222222222222222,0.000444444444444444,0.000777777777777778,0
124,0.653166666666667,0.287333333333333,0.0181666666666667,0.0205555555555556,0.003,0.0101111111111111,0.000166666666666667,0.00588888888888889,0.000111111111111111,5.55555555555556e-05,0.00144444444444444,0
125,0.616055555555556,0.340277777777778,0.0165,0.0186111111111111,0.002,0.00488888888888889,0,0.0015,0,0,0.000166666666666667,0
126,0.540944444444444,0.423333333333333,0.0112222222222222,0.0117222222222222,0.00738888888888889,0.00438888888888889,0.000166666666666667,0.000444444444444444,0.000166666666666667,0.000166666666666667,5.55555555555556e-05,0
127,0.700722222222222,0.250666666666667,0.027,0.009,0.00283333333333333,0.00938888888888889,5.55555555555556e-05,0.000111111111111111,0.000111111111111111,0,0.000111111111111111,0
128,0.396055555555556,0.481944444444444,0.0195555555555556,0.0075,0.0103333333333333,0.00622222222222222,0.0238333333333333,0.000166666666666667,0.00244444444444444,0.0328888888888889,0.019,0
129,0.675,0.278444444444444,0.0244444444444444,0.00738888888888889,0.00222222222222222,0.00922222222222222,0.000111111111111111,0.00116666666666667,5.55555555555556e-05,0.000333333333333333,0.00161111111111111,0
130,0.394055555555556,0.515333333333333,0.0262777777777778,0.005,0.0133333333333333,0.00661111111111111,0.0153888888888889,5e-04,0.00383333333333333,0.0155555555555556,0.00366666666666667,0
131,0.671666666666667,0.277166666666667,0.0271666666666667,0.00605555555555556,0.00338888888888889,0.0114444444444444,0.000111111111111111,0.00122222222222222,0.000166666666666667,5.55555555555556e-05,0.00122222222222222,0
132,0.699166666666667,0.265444444444444,0.0166666666666667,0.00533333333333333,0.00372222222222222,0.0085,0,0.000388888888888889,0.000277777777777778,0,5e-04,0
133,0.703555555555556,0.266388888888889,0.0151666666666667,0.0045,0.00272222222222222,0.00533333333333333,0,0.00161111111111111,0.000222222222222222,0,5e-04,0
134,0.711444444444444,0.2405,0.0216666666666667,0.0055,0.00227777777777778,0.00455555555555556,0,0.008,0.000111111111111111,0,0.00594444444444444,0
135,0.711833333333333,0.236111111111111,0.0158333333333333,0.00977777777777778,0.00372222222222222,0.00916666666666667,5.55555555555556e-05,0.00927777777777778,0.000277777777777778,0.000166666666666667,0.00377777777777778,0
136,0.712444444444444,0.241888888888889,0.0150555555555556,0.00833333333333333,0.00483333333333333,0.00783333333333333,5.55555555555556e-05,0.00666666666666667,0.000166666666666667,0.000166666666666667,0.00255555555555556,0
137,0.6985,0.2625,0.0152222222222222,0.00522222222222222,0.00605555555555556,0.00794444444444444,0,0.00266666666666667,0.000111111111111111,0,0.00177777777777778,0
138,0.655222222222222,0.280166666666667,0.0259444444444444,0.00755555555555556,0.00366666666666667,0.00805555555555556,0.000166666666666667,0.00705555555555556,0,0.000388888888888889,0.0115,0
139,0.602555555555556,0.349888888888889,0.0233333333333333,0.00922222222222222,0.00655555555555555,0.00394444444444444,0.000111111111111111,0.00383333333333333,5.55555555555556e-05,5.55555555555556e-05,0.000444444444444444,0
140,0.630333333333333,0.329555555555556,0.0135555555555556,0.00933333333333333,0.0075,0.00477777777777778,5.55555555555556e-05,0.0035,0.000277777777777778,0.000166666666666667,0.000944444444444444,0
141,0.6295,0.319,0.0191666666666667,0.0177222222222222,0.00472222222222222,0.00683333333333333,0.000277777777777778,0.00188888888888889,0.000166666666666667,0,0.000666666666666667,0
142,0.640777777777778,0.311,0.0145555555555556,0.0130555555555556,0.00411111111111111,0.0075,0.000444444444444444,0.00722222222222222,0.000333333333333333,0.000111111111111111,0.000888888888888889,0
143,0.597444444444444,0.356222222222222,0.0141666666666667,0.0107777777777778,0.00372222222222222,0.00911111111111111,0.000555555555555556,0.00555555555555556,0.000388888888888889,0.000166666666666667,0.00188888888888889,0
144,0.636611111111111,0.316611111111111,0.0163888888888889,0.0130555555555556,0.00444444444444444,0.00705555555555556,0.000111111111111111,0.00505555555555556,0.000111111111111111,5.55555555555556e-05,5e-04,0
145,0.605722222222222,0.330722222222222,0.0182222222222222,0.0223333333333333,0.00455555555555556,0.00811111111111111,0.000166666666666667,0.00877777777777778,0.000222222222222222,0,0.00116666666666667,0
146,0.724111111111111,0.212944444444444,0.0183888888888889,0.0262777777777778,0.002,0.0114444444444444,0.000166666666666667,0.00383333333333333,0.000277777777777778,0,0.000444444444444444,0
147,0.643666666666667,0.3095,0.0161666666666667,0.0149444444444444,0.00405555555555556,0.0101666666666667,0.000111111111111111,0.000888888888888889,0.000111111111111111,0,0.000388888888888889,0
148,0.571722222222222,0.361888888888889,0.0197222222222222,0.0113888888888889,0.0122222222222222,0.0106666666666667,0.00166666666666667,0.00127777777777778,0.00155555555555556,0.00294444444444444,0.00461111111111111,0.000333333333333333
149,0.561833333333333,0.396388888888889,0.0177777777777778,0.00944444444444444,0.00311111111111111,0.00961111111111111,0,0.000777777777777778,5e-04,0.000111111111111111,0.000444444444444444,0
150,0.616722222222222,0.339277777777778,0.017,0.0103333333333333,0.00461111111111111,0.0112777777777778,0.000111111111111111,0.000388888888888889,0.000111111111111111,0,0.000166666666666667,0
151,0.396833333333333,0.506444444444444,0.0200555555555556,0.00661111111111111,0.0108333333333333,0.00922222222222222,0.0168333333333333,0.000333333333333333,0.00783333333333333,0.0171111111111111,0.00616666666666667,0.00161111111111111
152,0.559722222222222,0.3525,0.0213888888888889,0.00738888888888889,0.0100555555555556,0.0123888888888889,0.00222222222222222,0.0065,0.000888888888888889,0.00572222222222222,0.0200555555555556,0.00116666666666667
153,0.601,0.354666666666667,0.0142222222222222,0.00788888888888889,0.00783333333333333,0.0121111111111111,0.000444444444444444,0.000277777777777778,0.000444444444444444,0.000222222222222222,0.000611111111111111,0.000222222222222222
154,0.362388888888889,0.544444444444444,0.0196666666666667,0.00261111111111111,0.0115555555555556,0.004,0.0382222222222222,0.000222222222222222,0.00422222222222222,0.00283333333333333,0.00572222222222222,0.00411111111111111
155,0.427222222222222,0.492277777777778,0.0183888888888889,0.004,0.0106666666666667,0.00544444444444444,0.0285555555555556,5e-04,0.00305555555555556,0.0025,0.00433333333333333,0.003
156,0.566222222222222,0.380111111111111,0.0169444444444444,0.00661111111111111,0.00627777777777778,0.00811111111111111,0.00994444444444444,0.000833333333333333,0.00127777777777778,0.000611111111111111,0.002,0.00105555555555556
157,0.643833333333333,0.316,0.0153333333333333,0.00944444444444444,0.004,0.00888888888888889,0.000222222222222222,0.00105555555555556,0.000388888888888889,0,0.000833333333333333,0
158,0.632222222222222,0.331222222222222,0.00833333333333333,0.0126111111111111,0.00444444444444444,0.00805555555555556,0.000166666666666667,0.00155555555555556,0.000388888888888889,0.000111111111111111,0.000833333333333333,0
159,0.514611111111111,0.441666666666667,0.0136111111111111,0.0107222222222222,0.00855555555555556,0.00677777777777778,0.000777777777777778,0.00116666666666667,0.000222222222222222,0,0.00172222222222222,0
160,0.620444444444444,0.355777777777778,0.00866666666666667,0.00633333333333333,0.00377777777777778,0.00461111111111111,0.000277777777777778,0,0,0,0.000111111111111111,0
161,0.677444444444444,0.278888888888889,0.0085,0.0163888888888889,0.00516666666666667,0.0121666666666667,0.000277777777777778,5.55555555555556e-05,0.000222222222222222,0.000833333333333333,5.55555555555556e-05,0
162,0.653611111111111,0.300888888888889,0.0107222222222222,0.0141111111111111,0.00727777777777778,0.0121666666666667,0.000333333333333333,0.000111111111111111,0.000222222222222222,0.000555555555555556,0,0
163,0.610888888888889,0.343944444444444,0.0126666666666667,0.00972222222222222,0.00877777777777778,0.0119444444444444,0.000333333333333333,0.000222222222222222,0.000833333333333333,0.000222222222222222,0.000388888888888889,0
164,0.581166666666667,0.373277777777778,0.0142777777777778,0.00733333333333333,0.0111111111111111,0.00983333333333333,5e-04,0.000611111111111111,0.00105555555555556,0,0.000722222222222222,0
165,0.535666666666667,0.337611111111111,0.0271666666666667,0.00355555555555556,0.00672222222222222,0.00661111111111111,0.00544444444444444,0.000888888888888889,0.00244444444444444,0.00355555555555556,0.068,0.00227777777777778
166,0.499666666666667,0.302611111111111,0.0407222222222222,0.00183333333333333,0.00233333333333333,0.00372222222222222,0.0101666666666667,0.000944444444444444,0.00372222222222222,0.00588888888888889,0.123888888888889,0.0045
167,0.706611111111111,0.262722222222222,0.0113888888888889,0.00588888888888889,0.00572222222222222,0.00544444444444444,5.55555555555556e-05,0.000111111111111111,0,0.000166666666666667,0.00177777777777778,0
168,0.719,0.251166666666667,0.0113888888888889,0.007,0.0045,0.00594444444444444,0,0.000111111111111111,5.55555555555556e-05,0,0.000777777777777778,0
169,0.713944444444444,0.253055555555556,0.0123888888888889,0.00827777777777778,0.00422222222222222,0.00672222222222222,0,5.55555555555556e-05,0.000166666666666667,0,0.001,0
170,0.602055555555556,0.357388888888889,0.0107222222222222,0.0123888888888889,0.00633333333333333,0.00927777777777778,0.000888888888888889,0,0.000444444444444444,0.000222222222222222,0.000277777777777778,0
171,0.664555555555556,0.292944444444444,0.0125,0.0145555555555556,0.00238888888888889,0.0105555555555556,0.000111111111111111,0.000111111111111111,0.000222222222222222,0.000166666666666667,0.00188888888888889,0
172,0.522777777777778,0.429944444444444,0.0143888888888889,0.00994444444444444,0.00955555555555556,0.00877777777777778,0.00111111111111111,0.000111111111111111,0.000333333333333333,0.000555555555555556,0.00244444444444444,0
173,0.510722222222222,0.335,0.0250555555555556,0.00244444444444444,0.00338888888888889,0.00516666666666667,0.0177222222222222,0.00255555555555556,0.00227777777777778,0.0045,0.0897777777777778,0.000944444444444444
174,0.468833333333333,0.392833333333333,0.0324444444444444,0.000944444444444444,0.0035,0.004,0.0369444444444444,0.00222222222222222,0.00466666666666667,0.00627777777777778,0.0448333333333333,0.00205555555555556
175,0.580888888888889,0.387611111111111,0.0146111111111111,0.00572222222222222,0.00316666666666667,0.00655555555555556,0,0,0.000166666666666667,0.000166666666666667,0.00111111111111111,0
176,0.373833333333333,0.5055,0.0192222222222222,0.00411111111111111,0.00605555555555556,0.00472222222222222,0.0433888888888889,0.000277777777777778,0.00566666666666667,0.0228333333333333,0.0132222222222222,0.00116666666666667
177,0.485888888888889,0.262333333333333,0.0182777777777778,0.00177777777777778,0.00961111111111111,0.0112222222222222,0.0175,0.000166666666666667,0.00266666666666667,0.0169444444444444,0.0948888888888889,0.0787222222222222
178,0.526111111111111,0.313555555555556,0.0211111111111111,0.00338888888888889,0.00761111111111111,0.0110555555555556,0.00688888888888889,0.000277777777777778,0.00111111111111111,0.00861111111111111,0.0542222222222222,0.0460555555555556
179,0.571555555555555,0.384888888888889,0.0215,0.00633333333333333,0.00466666666666667,0.00827777777777778,0.000333333333333333,0.000222222222222222,0.000111111111111111,0.000666666666666667,0.00133333333333333,0
180,0.581944444444444,0.380444444444444,0.0165555555555556,0.00911111111111111,0.00494444444444444,0.00588888888888889,0.000111111111111111,0.000111111111111111,0,0,0.000888888888888889,0
181,0.564166666666667,0.400222222222222,0.0161111111111111,0.00861111111111111,0.00466666666666667,0.00316666666666667,0.000888888888888889,0,0.000166666666666667,0.000166666666666667,0.000833333333333333,0.001
182,0.544277777777778,0.423166666666667,0.0172222222222222,0.007,0.00383333333333333,0.00388888888888889,0,0,0.000166666666666667,0,0.000444444444444444,0
183,0.604055555555556,0.353,0.0233333333333333,0.00994444444444444,0.004,0.00333333333333333,0.000277777777777778,0.000111111111111111,5.55555555555556e-05,5.55555555555556e-05,0.00155555555555556,0
184,0.628611111111111,0.321277777777778,0.0224444444444444,0.0159444444444444,0.00444444444444444,0.00505555555555556,0.000166666666666667,0.000111111111111111,5.55555555555556e-05,0.000111111111111111,0.00161111111111111,0
185,0.646722222222222,0.299611111111111,0.0217777777777778,0.0177222222222222,0.00527777777777778,0.00738888888888889,5.55555555555556e-05,5.55555555555556e-05,0.000111111111111111,5.55555555555556e-05,0.00116666666666667,0
186,0.717722222222222,0.242555555555556,0.0172222222222222,0.0100555555555556,0.00472222222222222,0.00594444444444444,0,5.55555555555556e-05,5.55555555555556e-05,0.000222222222222222,0.00138888888888889,0
187,0.713555555555556,0.244555555555556,0.0163888888888889,0.0137777777777778,0.00344444444444444,0.00755555555555556,0,5.55555555555556e-05,0,0,0.000555555555555556,0.000111111111111111
188,0.705111111111111,0.247,0.0211111111111111,0.0137777777777778,0.00411111111111111,0.00711111111111111,5.55555555555556e-05,0.000388888888888889,0.000277777777777778,0.000111111111111111,0.000833333333333333,0.000111111111111111
189,0.682555555555556,0.2625,0.0253333333333333,0.0142222222222222,0.00505555555555556,0.00694444444444444,5.55555555555556e-05,0.00122222222222222,0.000388888888888889,0.000333333333333333,0.00105555555555556,0.000333333333333333
190,0.695,0.258888888888889,0.0201111111111111,0.0110555555555556,0.00416666666666667,0.00755555555555555,5.55555555555556e-05,0.00188888888888889,0.000222222222222222,0.000166666666666667,0.000722222222222222,0.000166666666666667
191,0.725,0.239666666666667,0.0136111111111111,0.00727777777777778,0.00433333333333333,0.00705555555555556,0,0.00233333333333333,0,0,0.000722222222222222,0
192,0.796444444444444,0.170944444444444,0.0141111111111111,0.00838888888888889,0.00283333333333333,0.00616666666666667,5.55555555555556e-05,0.000222222222222222,0,0,0.000833333333333333,0
193,0.659277777777778,0.270777777777778,0.0166111111111111,0.0359444444444444,0.00794444444444444,0.00416666666666667,5.55555555555556e-05,0.00111111111111111,0.000111111111111111,0.000666666666666667,0.00322222222222222,0.000111111111111111
194,0.646388888888889,0.285666666666667,0.027,0.0247222222222222,0.00466666666666667,0.00538888888888889,0,0.00416666666666667,5.55555555555556e-05,0,0.00172222222222222,0
195,0.736555555555556,0.230611111111111,0.015,0.00788888888888889,0.00233333333333333,0.00694444444444444,0,0.000111111111111111,0.000111111111111111,0,0.000444444444444444,0
196,0.658166666666667,0.3195,0.00944444444444444,0.00483333333333333,0.00122222222222222,0.00511111111111111,0,0.000166666666666667,0.000166666666666667,0,0.00138888888888889,0
197,0.719833333333333,0.226833333333333,0.0308333333333333,0.00761111111111111,0.00327777777777778,0.0101111111111111,0,0.000833333333333333,0.000166666666666667,0,5e-04,0
198,0.660888888888889,0.290333333333333,0.0252222222222222,0.008,0.00272222222222222,0.00622222222222222,0,0.00527777777777778,0,0.000111111111111111,0.00111111111111111,0
199,0.722944444444444,0.231777777777778,0.0221666666666667,0.0106666666666667,0.00261111111111111,0.00666666666666667,5.55555555555556e-05,0.00161111111111111,0.000888888888888889,0,0.000611111111111111,0
200,0.772388888888889,0.189833333333333,0.0192222222222222,0.0102777777777778,0.00233333333333333,0.00372222222222222,0.000222222222222222,0.000444444444444444,0.000222222222222222,0,0.00127777777777778,5.55555555555556e-05
201,0.742055555555556,0.216277777777778,0.0227777777777778,0.00944444444444444,0.00283333333333333,0.00522222222222222,0,0.000166666666666667,0.000444444444444444,0,0.000666666666666667,0
202,0.701611111111111,0.258111111111111,0.0183333333333333,0.0111111111111111,0.00444444444444444,0.00561111111111111,0.000222222222222222,0,0.000111111111111111,0,0.000444444444444444,0
203,0.6875,0.268888888888889,0.0191111111111111,0.0121111111111111,0.00488888888888889,0.00688888888888889,0.000166666666666667,0,0,0,0.000388888888888889,0
204,0.805,0.169833333333333,0.0115555555555556,0.00561111111111111,0.00194444444444444,0.00511111111111111,0.000111111111111111,0,0.000277777777777778,0.000111111111111111,0.000444444444444444,0
205,0.837,0.145166666666667,0.00916666666666667,0.003,0.00122222222222222,0.00394444444444444,5.55555555555556e-05,0,0,5.55555555555556e-05,0.000388888888888889,0
206,0.314111111111111,0.603277777777778,0.0158333333333333,0.005,0.0116666666666667,0.00638888888888889,0.0241666666666667,0,0.00538888888888889,0.00538888888888889,0.00705555555555556,0.00161111111111111
207,0.486111111111111,0.452388888888889,0.0147777777777778,0.00644444444444444,0.00977777777777778,0.00927777777777778,0.0116666666666667,5.55555555555556e-05,0.00216666666666667,0.00255555555555556,0.00388888888888889,0.000777777777777778
208,0.655,0.298333333333333,0.017,0.008,0.00722222222222222,0.0132777777777778,5.55555555555556e-05,0,0.000111111111111111,5.55555555555556e-05,0.000833333333333333,0
209,0.696611111111111,0.248833333333333,0.0206111111111111,0.0116666666666667,0.00972222222222222,0.0113333333333333,0.000111111111111111,0.000111111111111111,0.000277777777777778,0,0.000666666666666667,0
210,0.689444444444444,0.264666666666667,0.0227777777777778,0.00761111111111111,0.00816666666666667,0.00655555555555556,0,0.000277777777777778,0,0,0.000333333333333333,0
211,0.473166666666667,0.427277777777778,0.0330555555555556,0.0102777777777778,0.00672222222222222,0.0085,0.00883333333333333,0.000166666666666667,0.00216666666666667,0.0223333333333333,0.00411111111111111,0.00338888888888889
212,0.581111111111111,0.3095,0.03,0.00744444444444444,0.00883333333333333,0.0109444444444444,0.004,0.000777777777777778,0.000833333333333333,0.0171111111111111,0.026,0.00344444444444444
213,0.680611111111111,0.279777777777778,0.0228333333333333,0.00727777777777778,0.00244444444444444,0.00638888888888889,5.55555555555556e-05,0.000166666666666667,0.000111111111111111,0,0.000277777777777778,0
214,0.636111111111111,0.328222222222222,0.0128333333333333,0.00916666666666667,0.0065,0.006,0,0.000111111111111111,0.000277777777777778,0,0.000777777777777778,0
215,0.472888888888889,0.420333333333333,0.0179444444444444,0.00722222222222222,0.00627777777777778,0.006,0.00816666666666667,0.000166666666666667,0.0015,0.0392222222222222,0.0164444444444444,0.00372222222222222
216,0.655833333333333,0.309833333333333,0.0172777777777778,0.00783333333333333,0.000944444444444444,0.00705555555555556,0,0.000111111111111111,0,0,0.001,0
217,0.577277777777778,0.392555555555556,0.0123333333333333,0.00666666666666667,0.00438888888888889,0.00566666666666667,0,0.000111111111111111,5.55555555555556e-05,0,0.000944444444444444,0
218,0.716333333333333,0.255166666666667,0.0119444444444444,0.00677777777777778,0.002,0.00688888888888889,0,5.55555555555556e-05,0,0.000111111111111111,0.000666666666666667,0
219,0.399888888888889,0.470333333333333,0.0218333333333333,0.00766666666666667,0.00916666666666667,0.00683333333333333,0.0135,0.000222222222222222,0.00288888888888889,0.0497222222222222,0.0158333333333333,0.00127777777777778
220,0.546555555555556,0.354055555555556,0.0235,0.00738888888888889,0.00688888888888889,0.00755555555555555,0.008,0.001,0.00188888888888889,0.0308888888888889,0.0111666666666667,0.000722222222222222
221,0.764777777777778,0.188111111111111,0.0238333333333333,0.00794444444444444,0.0035,0.0085,0,0.00172222222222222,0,0,0.00138888888888889,0
222,0.713111111111111,0.252722222222222,0.0167777777777778,0.00444444444444444,0.00261111111111111,0.00916666666666667,0,0.000277777777777778,0,0,0.000888888888888889,0
223,0.764722222222222,0.208944444444444,0.0137777777777778,0.00333333333333333,0.00111111111111111,0.00627777777777778,0,0.000555555555555556,0,0.000111111111111111,0.00111111111111111,0
224,0.416166666666667,0.516444444444444,0.0128888888888889,0.00422222222222222,0.0163333333333333,0.00788888888888889,0.00261111111111111,0.00138888888888889,0.00227777777777778,0.002,0.0176666666666667,0.000111111111111111
225,0.617111111111111,0.3385,0.0160555555555556,0.00683333333333333,0.00333333333333333,0.00877777777777778,0,0.0045,0,0,0.00477777777777778,0
226,0.659944444444444,0.289388888888889,0.0184444444444444,0.0111111111111111,0.00572222222222222,0.0118888888888889,0.000111111111111111,0.00111111111111111,0.000111111111111111,0.000611111111111111,0.00155555555555556,0
227,0.677333333333333,0.2905,0.0128333333333333,0.00633333333333333,0.00355555555555556,0.00783333333333333,0.000111111111111111,0.000166666666666667,0.000111111111111111,0,0.00111111111111111,0
228,0.485166666666667,0.433555555555556,0.0267777777777778,0.00361111111111111,0.00572222222222222,0.00666666666666667,0.00727777777777778,0.000166666666666667,0.00144444444444444,0.00988888888888889,0.00416666666666667,0.0151111111111111
229,0.594666666666667,0.371833333333333,0.0122777777777778,0.00922222222222222,0.00338888888888889,0.00705555555555556,0.000277777777777778,0.000111111111111111,0.000333333333333333,0,0.000833333333333333,0
230,0.616055555555556,0.343,0.0171111111111111,0.0125,0.00211111111111111,0.00811111111111111,5.55555555555556e-05,0,0.000277777777777778,0,0.000722222222222222,0
231,0.644388888888889,0.303944444444444,0.0241111111111111,0.0136666666666667,0.00183333333333333,0.0106666666666667,0,0,0.000111111111111111,0,0.000944444444444444,0
232,0.613333333333333,0.338444444444444,0.018,0.0146111111111111,0.00466666666666667,0.00783333333333333,0.000111111111111111,0.000222222222222222,5.55555555555556e-05,0,0.00261111111111111,0
233,0.617444444444444,0.344777777777778,0.0161666666666667,0.0105,0.002,0.0055,0,5e-04,0.000277777777777778,0,0.00272222222222222,0
234,0.670333333333333,0.297833333333333,0.00966666666666667,0.00777777777777778,0.00455555555555556,0.00594444444444444,0.000333333333333333,0.000555555555555556,0.000944444444444444,5.55555555555556e-05,0.00188888888888889,0
235,0.692555555555556,0.2805,0.00611111111111111,0.00522222222222222,0.00572222222222222,0.00611111111111111,0.000444444444444444,0.000722222222222222,0.00161111111111111,5.55555555555556e-05,0.000944444444444444,0
236,0.712444444444444,0.242555555555556,0.0234444444444444,0.00511111111111111,0.00411111111111111,0.00855555555555556,0,0.00222222222222222,0.000277777777777778,0,0.00122222222222222,0
237,0.646055555555556,0.312611111111111,0.0195,0.00483333333333333,0.00938888888888889,0.00533333333333333,0,0.000666666666666667,0,0.000166666666666667,0.00133333333333333,0
238,0.710888888888889,0.251111111111111,0.0187777777777778,0.00527777777777778,0.00633333333333333,0.0055,0,0.000722222222222222,0.000333333333333333,5.55555555555556e-05,0.000833333333333333,0
239,0.624944444444444,0.313777777777778,0.0316111111111111,0.00722222222222222,0.0107777777777778,0.009,0,0,0,0.000166666666666667,0.00155555555555556,0.000722222222222222
240,0.671611111111111,0.286388888888889,0.0217777777777778,0.00377777777777778,0.00627777777777778,0.00933333333333333,0,0,0,0,0.000833333333333333,0
241,0.729444444444444,0.229166666666667,0.0226111111111111,0.00444444444444444,0.00516666666666667,0.00794444444444444,0.000111111111111111,0,0.000222222222222222,0,0.000888888888888889,0
242,0.689444444444444,0.265555555555556,0.0212777777777778,0.0085,0.00611111111111111,0.00761111111111111,0.000111111111111111,0,0.000166666666666667,0,0.00111111111111111,0
243,0.634277777777778,0.317555555555556,0.0183333333333333,0.0131111111111111,0.00777777777777778,0.00772222222222222,0.000111111111111111,0,0.000166666666666667,0,0.000777777777777778,0
244,0.598333333333333,0.367166666666667,0.0128888888888889,0.00877777777777778,0.00516666666666667,0.00638888888888889,0,0,0.000222222222222222,0,0.001,0
245,0.6595,0.296888888888889,0.0250555555555556,0.00616666666666667,0.00566666666666667,0.005,5.55555555555556e-05,0,5.55555555555556e-05,0.000222222222222222,0.00133333333333333,0
246,0.727166666666667,0.2355,0.0209444444444444,0.00438888888888889,0.00327777777777778,0.00588888888888889,0,0,0.000277777777777778,0.000277777777777778,0.00205555555555556,0
247,0.679277777777778,0.282277777777778,0.0197222222222222,0.00427777777777778,0.00616666666666667,0.00638888888888889,5.55555555555556e-05,0,0.000111111111111111,0,0.00172222222222222,0
248,0.437833333333333,0.4265,0.0168333333333333,0.00272222222222222,0.0110555555555556,0.00661111111111111,0.0123888888888889,0,0.00261111111111111,0.0551666666666667,0.0248333333333333,0.00316666666666667
249,0.672111111111111,0.223388888888889,0.0131666666666667,0.00366666666666667,0.00794444444444444,0.00594444444444444,0,0.00111111111111111,5.55555555555556e-05,0.000222222222222222,0.072,0.000111111111111111
250,0.6975,0.262055555555556,0.0167222222222222,0.00555555555555556,0.00522222222222222,0.0103888888888889,0,0.000388888888888889,0.000111111111111111,0,0.00183333333333333,0
251,0.668722222222222,0.289055555555556,0.0208333333333333,0.00511111111111111,0.004,0.00972222222222222,0.000111111111111111,0.000555555555555556,0.000222222222222222,0,0.0015,0
252,0.721166666666667,0.252111111111111,0.012,0.00455555555555556,0.00211111111111111,0.00655555555555556,0,0.000277777777777778,0,0,0.00122222222222222,0
253,0.685666666666667,0.284611111111111,0.0119444444444444,0.00772222222222222,0.00322222222222222,0.00477777777777778,0,0.000611111111111111,0.000166666666666667,0,0.00127777777777778,0
254,0.611833333333333,0.331833333333333,0.0148888888888889,0.006,0.00372222222222222,0.00511111111111111,0.00483333333333333,0.00394444444444444,0.000666666666666667,0.00272222222222222,0.0143333333333333,0
255,0.516666666666667,0.377944444444444,0.0188333333333333,0.00322222222222222,0.00472222222222222,0.00527777777777778,0.0104444444444444,0.00638888888888889,0.0015,0.00588888888888889,0.0489444444444445,0
256,0.565166666666667,0.187833333333333,0.0241111111111111,0.0025,0.00277777777777778,0.00172222222222222,0.000222222222222222,0.00188888888888889,0.000666666666666667,0,0.212888888888889,0
257,0.743833333333333,0.202833333333333,0.0120555555555556,0.0172222222222222,0.00305555555555556,0.00661111111111111,0.00133333333333333,0.00116666666666667,0.000277777777777778,5.55555555555556e-05,0.0113888888888889,0
258,0.728944444444444,0.218611111111111,0.0201111111111111,0.00988888888888889,0.00338888888888889,0.0135,0.000111111111111111,0.000166666666666667,0.000166666666666667,0,0.005,0
259,0.675722222222222,0.285944444444444,0.0126666666666667,0.014,0.00233333333333333,0.00572222222222222,5.55555555555556e-05,0.000111111111111111,0.000111111111111111,0,0.00333333333333333,0
260,0.658722222222222,0.2865,0.00955555555555556,0.00505555555555556,0.00566666666666667,0.00333333333333333,0.000166666666666667,0,5e-04,0.000111111111111111,0.0303888888888889,0
261,0.712833333333333,0.224888888888889,0.014,0.00483333333333333,0.00372222222222222,0.00427777777777778,0.000111111111111111,0,0.000388888888888889,5.55555555555556e-05,0.0348333333333333,5.55555555555556e-05
262,0.769833333333333,0.161,0.0181666666666667,0.00294444444444444,0.0015,0.005,0,0,5.55555555555556e-05,0,0.0413333333333333,0.000166666666666667
263,0.710111111111111,0.188277777777778,0.0156111111111111,0.00255555555555556,0.00155555555555556,0.00161111111111111,0,0,0,0,0.0802777777777778,0
264,0.744611111111111,0.179277777777778,0.0219444444444444,0.00355555555555556,0.00172222222222222,0.00288888888888889,0,0,0.000166666666666667,0.000222222222222222,0.0447777777777778,0.000833333333333333
265,0.716777777777778,0.202722222222222,0.0258888888888889,0.00572222222222222,0.00166666666666667,0.00416666666666667,0,0,0.000277777777777778,0.000222222222222222,0.0421111111111111,0.000444444444444444
266,0.6715,0.242277777777778,0.0284444444444444,0.0102777777777778,0.0025,0.00483333333333333,0.000111111111111111,0,0.000222222222222222,0.000222222222222222,0.0396111111111111,0
267,0.670833333333333,0.253277777777778,0.0250555555555556,0.0125555555555556,0.00361111111111111,0.00538888888888889,0.000222222222222222,0,5.55555555555556e-05,0.000166666666666667,0.0288333333333333,0
268,0.672722222222222,0.266166666666667,0.0199444444444444,0.0121666666666667,0.00522222222222222,0.00483333333333333,0.000222222222222222,0,0.000111111111111111,5.55555555555556e-05,0.0184444444444444,0
269,0.661277777777778,0.291388888888889,0.0145555555555556,0.0133333333333333,0.00533333333333333,0.00816666666666667,0,0,0.000111111111111111,0.000444444444444444,0.00538888888888889,0
270,0.525055555555555,0.381722222222222,0.0168333333333333,0.0116111111111111,0.0118333333333333,0.00711111111111111,0.000166666666666667,0.000111111111111111,0.000555555555555556,0.000222222222222222,0.0438333333333333,0.000944444444444444
271,0.3865,0.4695,0.0184444444444444,0.00944444444444444,0.0173888888888889,0.00672222222222222,0.000444444444444444,0.000111111111111111,0.000944444444444444,0.000111111111111111,0.0886666666666667,0.00172222222222222
272,0.603777777777778,0.350555555555556,0.0158333333333333,0.0148888888888889,0.00333333333333333,0.00972222222222222,0,0,0.000388888888888889,0,0.0015,0
273,0.634166666666667,0.319,0.0270555555555556,0.00944444444444444,0.00233333333333333,0.00572222222222222,5.55555555555556e-05,0.000222222222222222,0.000444444444444444,0,0.00155555555555556,0
274,0.642944444444444,0.305277777777778,0.0273333333333333,0.00911111111111111,0.00344444444444444,0.0095,5.55555555555556e-05,0.000166666666666667,0.000222222222222222,0.000111111111111111,0.00183333333333333,0
275,0.655666666666667,0.282055555555556,0.0286666666666667,0.0105,0.00544444444444444,0.0148333333333333,0,0.000166666666666667,0.000277777777777778,0.000333333333333333,0.00205555555555556,0
276,0.473666666666667,0.457222222222222,0.0160555555555556,0.00544444444444444,0.00511111111111111,0.0126111111111111,0.00922222222222222,0.000166666666666667,0.00316666666666667,0.0105555555555556,0.0055,0.000777777777777778
277,0.501166666666667,0.420611111111111,0.0178333333333333,0.00411111111111111,0.00455555555555556,0.0101666666666667,0.00977777777777778,0.00166666666666667,0.00277777777777778,0.00927777777777778,0.0165555555555556,0.00105555555555556
278,0.574222222222222,0.334888888888889,0.0205555555555556,0.00444444444444444,0.00455555555555556,0.00722222222222222,0.00844444444444444,0.00533333333333333,0.002,0.00616666666666667,0.0308333333333333,0.000944444444444444
279,0.622111111111111,0.279166666666667,0.0227777777777778,0.00455555555555556,0.00416666666666667,0.00488888888888889,0.00661111111111111,0.00816666666666667,0.00205555555555556,0.00288888888888889,0.041,0.00138888888888889
280,0.708222222222222,0.239833333333333,0.0131111111111111,0.00316666666666667,0.00272222222222222,0.00394444444444444,0.00255555555555556,0.00416666666666667,0.000611111111111111,0.000944444444444444,0.0198333333333333,0.000666666666666667
281,0.774833333333333,0.211722222222222,0.00405555555555556,0.00272222222222222,0.00166666666666667,0.00366666666666667,0,0.000222222222222222,5.55555555555556e-05,5.55555555555556e-05,0.000833333333333333,0
282,0.77728166693244,0.205283580502844,0.004464997608037,0.00377398607345984,0.00154148726944134,0.00590017541062032,0,0.00106309466858024,0,0,0.000637856801148142,0
283,0.765537617389469,0.206869262424818,0.00596180225809855,0.00596180225809855,0.00142450142450142,0.0101297879075657,0,0.00321831803313285,0.000158277936055714,0,0.000685871056241427,0
284,0.748026421781859,0.211911282960099,0.0081628269158477,0.00869985500241663,0.00134257021642232,0.0151441920412438,0,0.00579990333494442,0.000268514043284464,0,0.000644433703882713,0
285,0.727687905799494,0.21981952239463,0.0104544954330362,0.0116650159568615,0.00126554418399912,0.0195884230218994,0,0.00819852536590734,0.000440189281390998,0,0.000880378562781996,0
286,0.708111111111111,0.231666666666667,0.0122222222222222,0.0141111111111111,0.00138888888888889,0.0215,0,0.00922222222222222,0.000555555555555556,0,0.00122222222222222,0
287,0.663555555555556,0.266111111111111,0.0132777777777778,0.0261666666666667,0.00183333333333333,0.00688888888888889,5.55555555555556e-05,0.0065,0.000722222222222222,0.00644444444444444,0.00638888888888889,0.00183333333333333
288,0.622944444444444,0.2965,0.0149444444444444,0.0216666666666667,0.00216666666666667,0.00772222222222222,0.00138888888888889,0.00894444444444444,0.00133333333333333,0.0116666666666667,0.00722222222222222,0.00333333333333333
289,0.5275,0.366388888888889,0.022,0.0154444444444444,0.00383333333333333,0.01,0.00361111111111111,0.0163333333333333,0.002,0.0167777777777778,0.00927777777777778,0.00644444444444444
290,0.473166666666667,0.402444444444444,0.0245,0.00961111111111111,0.005,0.0111666666666667,0.00505555555555556,0.0233333333333333,0.00244444444444444,0.0216111111111111,0.0127777777777778,0.00844444444444444
291,0.539277777777778,0.3475,0.0219444444444444,0.00661111111111111,0.00388888888888889,0.0111111111111111,0.00327777777777778,0.0363888888888889,0.00155555555555556,0.0129444444444444,0.00972222222222222,0.00538888888888889
292,0.594875306739714,0.318153284254979,0.0207156308851224,0.00576385322148034,0.0031957998059693,0.00953033156422987,0.00114135707356046,0.0337271015237117,0.000513610683102209,0.00473663185527592,0.00547851395309022,0.00199737487873081
293,0.624055555555556,0.313555555555556,0.0193888888888889,0.006,0.00294444444444444,0.00672222222222222,0,0.0244444444444444,0.000166666666666667,5.55555555555556e-05,0.00255555555555556,0
294,0.630444444444444,0.329722222222222,0.0186111111111111,0.00644444444444444,0.00355555555555556,0.00444444444444444,0,0.005,0.000111111111111111,0,0.00161111111111111,0
295,0.787166666666667,0.188444444444444,0.0108888888888889,0.00505555555555556,0.00155555555555556,0.00322222222222222,0,0.00261111111111111,0,0,0.001,0
296,0.807722222222222,0.160722222222222,0.0147777777777778,0.00588888888888889,0.00238888888888889,0.00361111111111111,0,0.00405555555555556,5.55555555555556e-05,0.000166666666666667,0.000611111111111111,0
297,0.658666666666667,0.286666666666667,0.0212777777777778,0.0153888888888889,0.00866666666666667,0.00477777777777778,0.000111111111111111,0.00316666666666667,0.000111111111111111,0,0.00111111111111111,0
298,0.715388888888889,0.236777777777778,0.0185555555555556,0.0113333333333333,0.00805555555555556,0.00605555555555556,5.55555555555556e-05,0.00266666666666667,0.000166666666666667,0,0.000833333333333333,0
299,0.767833333333333,0.190666666666667,0.0181111111111111,0.00688888888888889,0.00677777777777778,0.00622222222222222,0,0.00188888888888889,0.000111111111111111,0.000222222222222222,0.00127777777777778,0
300,0.446944444444444,0.487277777777778,0.0170555555555556,0.0128888888888889,0.00838888888888889,0.0102222222222222,0.0025,0.000277777777777778,0.000111111111111111,0.00844444444444444,0.00572222222222222,0
301,0.610888888888889,0.353111111111111,0.0117222222222222,0.0143888888888889,0.00533333333333333,0.00327777777777778,0,0.000166666666666667,0,0,0.00105555555555556,0
302,0.655222222222222,0.311,0.0134444444444444,0.00872222222222222,0.00372222222222222,0.00566666666666667,0,0,0,5.55555555555556e-05,0.00216666666666667,0
303,0.602777777777778,0.349666666666667,0.0210555555555556,0.00983333333333333,0.00433333333333333,0.00561111111111111,0.00111111111111111,0,5.55555555555556e-05,0.00261111111111111,0.00294444444444444,0
304,0.608388888888889,0.343888888888889,0.0195,0.0107777777777778,0.00661111111111111,0.0045,0.000666666666666667,0.000611111111111111,0.000166666666666667,0.00211111111111111,0.00277777777777778,0
305,0.620611111111111,0.330333333333333,0.0195,0.0114444444444444,0.00877777777777778,0.00377777777777778,0.000166666666666667,0.00177777777777778,0.000166666666666667,0.000777777777777778,0.00261111111111111,0
306,0.631166666666667,0.319888888888889,0.0185555555555556,0.0123333333333333,0.00983333333333333,0.00316666666666667,0,0.00216666666666667,0.000222222222222222,0,0.00255555555555556,0
307,0.654,0.312111111111111,0.0158888888888889,0.00583333333333333,0.00622222222222222,0.00366666666666667,0,0.000555555555555556,0,0,0.00161111111111111,0
308,0.754277777777778,0.209333333333333,0.0138333333333333,0.0102222222222222,0.00583333333333333,0.00405555555555556,0,0,0,0,0.00244444444444444,0
309,0.708333333333333,0.250388888888889,0.0231666666666667,0.00627777777777778,0.00433333333333333,0.00416666666666667,0,5e-04,0.000111111111111111,0,0.00166666666666667,0
310,0.582111111111111,0.334,0.0217222222222222,0.00516666666666667,0.00455555555555556,0.00577777777777778,0.00383333333333333,0.00233333333333333,0.000166666666666667,0.0172777777777778,0.0222777777777778,0
311,0.417777777777778,0.443777777777778,0.0166111111111111,0.00466666666666667,0.00483333333333333,0.00683333333333333,0.00855555555555556,0.00427777777777778,0.000222222222222222,0.0405555555555556,0.0515,0
312,0.570055555555556,0.341722222222222,0.0193888888888889,0.00877777777777778,0.00316666666666667,0.0055,0.00377777777777778,0.003,0.000111111111111111,0.0185,0.0258888888888889,0
313,0.678666666666667,0.276222222222222,0.0206666666666667,0.0120555555555556,0.00238888888888889,0.004,0,0.00116666666666667,0.000111111111111111,0.000166666666666667,0.00455555555555556,0
314,0.555055555555556,0.411222222222222,0.0145,0.00961111111111111,0.00305555555555556,0.00416666666666667,0,0.000222222222222222,0.000111111111111111,0,0.00205555555555556,0
315,0.527444444444444,0.435333333333333,0.00766666666666667,0.0149444444444444,0.00366666666666667,0.00705555555555556,0,5e-04,0,0,0.00338888888888889,0
316,0.664555555555556,0.299222222222222,0.00961111111111111,0.0142222222222222,0.00461111111111111,0.00555555555555556,0,0.000222222222222222,0.000166666666666667,0.000111111111111111,0.00161111111111111,0
317,0.588388888888889,0.366666666666667,0.0146111111111111,0.0163333333333333,0.00561111111111111,0.00672222222222222,0,0.000555555555555556,0,0,0.001,0
318,0.467222222222222,0.447944444444444,0.0137222222222222,0.0195555555555556,0.0142777777777778,0.00566666666666667,0.00338888888888889,0.00177777777777778,0.000555555555555556,0.0186111111111111,0.00716666666666667,0
319,0.345,0.562666666666667,0.0172222222222222,0.00977777777777778,0.0125555555555556,0.00472222222222222,0.0293333333333333,0.00105555555555556,0.000833333333333333,0.0103333333333333,0.00644444444444444,0
320,0.632833333333333,0.3125,0.0182222222222222,0.0141666666666667,0.00383333333333333,0.0136666666666667,0,0.000333333333333333,0,0,0.00444444444444444,0
321,0.633,0.333388888888889,0.0104444444444444,0.00838888888888889,0.00527777777777778,0.00505555555555556,0.000111111111111111,0.000333333333333333,0.000111111111111111,0.000833333333333333,0.00305555555555556,0
322,0.651,0.299944444444444,0.0129444444444444,0.00833333333333333,0.00888888888888889,0.00566666666666667,0.000444444444444444,0.00138888888888889,0.000166666666666667,0.00522222222222222,0.006,0
323,0.775222222222222,0.177722222222222,0.0186111111111111,0.0120555555555556,0.00305555555555556,0.00855555555555556,0,0.00244444444444444,0,0,0.00233333333333333,0
324,0.834777777777778,0.144777777777778,0.00416666666666667,0.00588888888888889,0.00383333333333333,0.00322222222222222,0,0.000277777777777778,0,0,0.00161111111111111,0.00144444444444444
325,0.767555555555556,0.181166666666667,0.0262222222222222,0.0106111111111111,0.0025,0.00872222222222222,5.55555555555556e-05,0.000388888888888889,0,0,0.00244444444444444,0.000333333333333333
326,0.756555555555556,0.208111111111111,0.0169444444444444,0.00811111111111111,0.00183333333333333,0.00533333333333333,0,0.000166666666666667,0,0,0.00283333333333333,5.55555555555556e-05
327,0.627944444444444,0.279555555555556,0.0251666666666667,0.00788888888888889,0.00494444444444444,0.0137777777777778,0.00327777777777778,0.001,0.000277777777777778,0.00611111111111111,0.03,0
328,0.696,0.257888888888889,0.0168888888888889,0.0140555555555556,0.00211111111111111,0.00672222222222222,5.55555555555556e-05,0.000444444444444444,0.000111111111111111,0.000277777777777778,0.00522222222222222,0
329,0.570777777777778,0.330277777777778,0.0257222222222222,0.0202222222222222,0.00377777777777778,0.00716666666666667,0.00566666666666667,0.000222222222222222,0.000277777777777778,0.0192222222222222,0.0162222222222222,0
330,0.448111111111111,0.399222222222222,0.0376666666666667,0.0232222222222222,0.00505555555555556,0.00888888888888889,0.0111666666666667,0.000333333333333333,0.000333333333333333,0.0381111111111111,0.0268888888888889,0
331,0.649,0.298722222222222,0.0156111111111111,0.0142222222222222,0.00305555555555556,0.00933333333333333,0.000111111111111111,0.000666666666666667,0.000444444444444444,0.000833333333333333,0.00766666666666667,0
332,0.66865884417151,0.285886610373945,0.0129400153525606,0.0130496764996162,0.00279635924991775,0.0059217019410023,5.48305735277991e-05,0.000548305735277991,0.000383814014694594,0.000438644588222393,0.00910187520561465,0
333,0.690888888888889,0.265555555555556,0.0127777777777778,0.0124444444444444,0.00294444444444444,0.00305555555555556,0,0.000444444444444444,0.000388888888888889,0.000277777777777778,0.0110555555555556,0
334,0.823,0.150277777777778,0.0152222222222222,0.00505555555555556,0.000833333333333333,0.00344444444444444,0,0.000166666666666667,0,0,0.002,0
335,0.746666666666667,0.209388888888889,0.0284444444444444,0.00777777777777778,0.000888888888888889,0.00472222222222222,0,5.55555555555556e-05,0,0,0.00205555555555556,0
336,0.775773052795203,0.189640814966968,0.0209848442791317,0.00666185532670849,0.000999278299006273,0.0041636595791928,0,5.55154610559041e-05,0,5.55154610559041e-05,0.00166546383167712,0
337,0.794166666666667,0.178888888888889,0.0137777777777778,0.00583333333333333,0.00116666666666667,0.004,0,0.000111111111111111,0,0.000111111111111111,0.00194444444444444,0
338,0.703,0.246333333333333,0.0205555555555556,0.0157777777777778,0.00172222222222222,0.00927777777777778,0,0,0.000166666666666667,0,0.00305555555555556,0
339,0.68,0.250277777777778,0.0369444444444444,0.0163888888888889,0.00216666666666667,0.0106666666666667,0,0.000277777777777778,0.000222222222222222,5.55555555555556e-05,0.00294444444444444,0
340,0.653388888888889,0.263166666666667,0.0478888888888889,0.0185555555555556,0.003,0.0101111111111111,0,0.000611111111111111,0.000388888888888889,0.000333333333333333,0.00255555555555556,0
341,0.467944444444444,0.482666666666667,0.0184444444444444,0.0180555555555556,0.00233333333333333,0.00633333333333333,0.000111111111111111,0.000166666666666667,0.000388888888888889,0,0.00355555555555556,0
342,0.406944444444444,0.524833333333333,0.0157222222222222,0.0147222222222222,0.00472222222222222,0.00638888888888889,0.00761111111111111,0,5e-04,0.00222222222222222,0.0163333333333333,0
343,0.359388888888889,0.543611111111111,0.0170555555555556,0.0117777777777778,0.007,0.00594444444444444,0.0175,0,0.000833333333333333,0.00477777777777778,0.0321111111111111,0
344,0.776944444444444,0.193888888888889,0.005,0.0119444444444444,0.00222222222222222,0.00533333333333333,0,5.55555555555556e-05,0.000277777777777778,0,0.00416666666666667,0
345,0.647277777777778,0.310333333333333,0.00683333333333333,0.0225,0.00216666666666667,0.00788888888888889,0.000111111111111111,0,0.000166666666666667,0,0.00255555555555556,0
346,0.643777777777778,0.312611111111111,0.00977777777777778,0.0193888888888889,0.00244444444444444,0.00666666666666667,0.000166666666666667,0.000277777777777778,0.000166666666666667,0.000611111111111111,0.00405555555555556,0
347,0.657833333333333,0.294722222222222,0.0161111111111111,0.0133333333333333,0.00244444444444444,0.00633333333333333,0.000277777777777778,0.000555555555555556,0.000111111111111111,0.0015,0.00672222222222222,0
348,0.672722222222222,0.280666666666667,0.0196111111111111,0.00816666666666667,0.00238888888888889,0.006,0.000333333333333333,0.000833333333333333,0.000277777777777778,0.00155555555555556,0.00733333333333333,0
349,0.713222222222222,0.244666666666667,0.0198888888888889,0.0153333333333333,0.00188888888888889,0.00333333333333333,0,0,0.000111111111111111,0,0.00155555555555556,0
350,0.721166666666667,0.237444444444444,0.0191111111111111,0.0135,0.00172222222222222,0.00266666666666667,0,0.000277777777777778,0.000111111111111111,0,0.00394444444444444,0
351,0.731888888888889,0.225777777777778,0.0189444444444444,0.0109444444444444,0.00188888888888889,0.003,0,0.000444444444444444,0.000111111111111111,0.000277777777777778,0.00661111111111111,0
352,0.6515,0.292888888888889,0.0304444444444444,0.0115555555555556,0.00294444444444444,0.00638888888888889,0,0,0,0.000277777777777778,0.004,0
353,0.749833333333333,0.207722222222222,0.0233333333333333,0.00922222222222222,0.00355555555555556,0.00444444444444444,0,0,0.000111111111111111,0.000222222222222222,0.00155555555555556,0
354,0.814277777777778,0.157333333333333,0.0157777777777778,0.00655555555555556,0.00233333333333333,0.00244444444444444,0,0,0.000166666666666667,0.000111111111111111,0.000944444444444444,0
355,0.855166666666667,0.125833333333333,0.0095,0.00561111111111111,0.00161111111111111,0.001,0,0,0.000166666666666667,0.000222222222222222,0.000833333333333333,0
356,0.580888888888889,0.375166666666667,0.0193333333333333,0.0125555555555556,0.00605555555555556,0.00327777777777778,0.000111111111111111,0.000111111111111111,0,0.000388888888888889,0.002,0
357,0.607555555555556,0.355333333333333,0.0168333333333333,0.0105,0.0035,0.00394444444444444,0.000111111111111111,5.55555555555556e-05,0,0.000222222222222222,0.00177777777777778,0
358,0.646388888888889,0.322888888888889,0.0131111111111111,0.00983333333333333,0.00161111111111111,0.00388888888888889,0.000111111111111111,0,0,0.000222222222222222,0.00133333333333333,0
359,0.706722222222222,0.265277777777778,0.0130555555555556,0.00877777777777778,0.00194444444444444,0.00255555555555556,5.55555555555556e-05,0,0,5.55555555555556e-05,0.00105555555555556,0
360,0.767111111111111,0.206833333333333,0.0118888888888889,0.008,0.00305555555555556,0.00155555555555556,0,0,0,0,0.000944444444444444,0
361,0.671722222222222,0.300055555555556,0.0126666666666667,0.00794444444444444,0.00361111111111111,0.00261111111111111,0,0,0,0.000166666666666667,0.00122222222222222,0
362,0.609,0.331888888888889,0.0197222222222222,0.00988888888888889,0.00538888888888889,0.00555555555555556,0,0,0.000222222222222222,5e-04,0.0176666666666667,0
363,0.721722222222222,0.241,0.0218888888888889,0.00666666666666667,0.004,0.00211111111111111,0.000111111111111111,0,0.000166666666666667,0,0.00233333333333333,0
364,0.627611111111111,0.325611111111111,0.0262777777777778,0.00844444444444445,0.00627777777777778,0.00227777777777778,0,0,5.55555555555556e-05,0.000166666666666667,0.00327777777777778,0
365,0.703333333333333,0.258777777777778,0.0217222222222222,0.00627777777777778,0.00455555555555556,0.00311111111111111,0,0,0,0.000277777777777778,0.00194444444444444,0
366,0.786777777777778,0.186333333333333,0.0155,0.00422222222222222,0.00311111111111111,0.00327777777777778,0,0,0,0.000222222222222222,0.000555555555555556,0
367,0.804888888888889,0.176888888888889,0.00755555555555556,0.00361111111111111,0.00316666666666667,0.00294444444444444,0,0,0,0.000111111111111111,0.000833333333333333,0
368,0.821888888888889,0.165777777777778,0.0025,0.00305555555555556,0.00311111111111111,0.00238888888888889,0,0,0,0,0.00127777777777778,0
369,0.8205,0.160722222222222,0.00555555555555556,0.0035,0.00155555555555556,0.00772222222222222,0,0,0,0,0.000388888888888889,0
370,0.801,0.186,0.00138888888888889,0.00238888888888889,0.00477777777777778,0.00216666666666667,0,0,0.000166666666666667,0,0.00194444444444444,0
371,0.687833333333333,0.277444444444444,0.0108333333333333,0.0131666666666667,0.00155555555555556,0.00588888888888889,0,0,0,0,0.00327777777777778,0
372,0.705333333333333,0.268888888888889,0.00827777777777778,0.00655555555555556,0.00266666666666667,0.00416666666666667,0,0,0,0.000166666666666667,0.00372222222222222,0
373,0.730611111111111,0.241888888888889,0.00405555555555556,0.0156666666666667,0.00188888888888889,0.00394444444444444,0,0,0,0,0.00194444444444444,0
374,0.334722222222222,0.579333333333333,0.0158888888888889,0.0075,0.002,0.00327777777777778,0.02,0,0.00111111111111111,0.0219444444444444,0.0136111111111111,0
375,0.427777777777778,0.468555555555556,0.0127222222222222,0.00216666666666667,0.0045,0.006,0.00755555555555556,0.000333333333333333,0.00111111111111111,0.0186111111111111,0.0503888888888889,0
376,0.770888888888889,0.217388888888889,0.00183333333333333,0.00444444444444444,0.00194444444444444,0.00205555555555556,0,0,5.55555555555556e-05,0,0.00138888888888889,0
377,0.593222222222222,0.382833333333333,0.0141111111111111,0.00438888888888889,0.00144444444444444,0.00272222222222222,0,0,5.55555555555556e-05,5.55555555555556e-05,0.00116666666666667,0
378,0.385277777777778,0.497555555555556,0.0151111111111111,0.00644444444444444,0.00355555555555556,0.00405555555555556,0.0125555555555556,0,0.000611111111111111,0.0185,0.0562222222222222,0
379,0.716277777777778,0.260444444444444,0.0106666666666667,0.00527777777777778,0.00188888888888889,0.00261111111111111,0,0.000111111111111111,0.000166666666666667,0.000333333333333333,0.00222222222222222,0
380,0.695166666666667,0.274055555555556,0.0153888888888889,0.00572222222222222,0.00322222222222222,0.00388888888888889,0,0.000111111111111111,5.55555555555556e-05,0.000277777777777778,0.00211111111111111,0
381,0.673944444444444,0.286555555555556,0.0189444444444444,0.00694444444444444,0.00461111111111111,0.006,0,0.000166666666666667,0,0.000166666666666667,0.00266666666666667,0
382,0.775650329351345,0.194428938260578,0.0145696103606118,0.00703360500167467,0.00290275761973875,0.00374009154850955,0,5.58222619180529e-05,0,5.58222619180529e-05,0.00156302333370548,0
383,0.8665,0.112388888888889,0.0101111111111111,0.00716666666666667,0.00133333333333333,0.0015,0,0,0,0,0.001,0
384,0.811444444444444,0.163555555555556,0.0123888888888889,0.00638888888888889,0.00205555555555556,0.00222222222222222,0,0,0,0,0.00194444444444444,0
385,0.716555555555556,0.232722222222222,0.0351111111111111,0.008,0.000888888888888889,0.00494444444444444,0,0,0,0,0.00177777777777778,0
386,0.733166666666667,0.234166666666667,0.0137222222222222,0.0106666666666667,0.00194444444444444,0.00483333333333333,0,0,0,0,0.00144444444444444,0
387,0.551722222222222,0.384666666666667,0.0125,0.00994444444444444,0.00588888888888889,0.00444444444444444,0.00394444444444444,0,0.000277777777777778,0.0187777777777778,0.00761111111111111,0
388,0.375888888888889,0.528222222222222,0.0143333333333333,0.00927777777777778,0.00894444444444444,0.00466666666666667,0.00738888888888889,0,0.000611111111111111,0.0371111111111111,0.0132777777777778,0
389,0.592611111111111,0.351388888888889,0.0215555555555556,0.0121666666666667,0.00805555555555556,0.00894444444444444,0,0,0,0.000944444444444444,0.00433333333333333,0
390,0.510444444444444,0.448333333333333,0.00916666666666667,0.0116666666666667,0.00672222222222222,0.00922222222222222,0,0,0.000333333333333333,0,0.00388888888888889,0
391,0.6625,0.313777777777778,0.00472222222222222,0.007,0.006,0.00266666666666667,0,5.55555555555556e-05,0.000166666666666667,0,0.00311111111111111,0
392,0.659055555555556,0.317166666666667,0.00466666666666667,0.00633333333333333,0.00661111111111111,0.00311111111111111,0,0.000166666666666667,0.000166666666666667,0,0.00272222222222222,0
393,0.652166666666667,0.322722222222222,0.005,0.00611111111111111,0.00677777777777778,0.00433333333333333,0,0.000166666666666667,0.000166666666666667,0,0.00255555555555556,0
394,0.650666666666667,0.323,0.00566666666666667,0.00588888888888889,0.00733333333333333,0.00488888888888889,0,0.000277777777777778,0.000111111111111111,0,0.00216666666666667,0
395,0.638277777777778,0.332722222222222,0.00666666666666667,0.00661111111111111,0.00755555555555556,0.00538888888888889,0,5e-04,0.000111111111111111,0,0.00216666666666667,0
396,0.629722222222222,0.338888888888889,0.00772222222222222,0.00666666666666667,0.00822222222222222,0.00566666666666667,0,5e-04,5.55555555555556e-05,0,0.00255555555555556,0
397,0.644611111111111,0.321555555555556,0.0121111111111111,0.00927777777777778,0.00566666666666667,0.005,0,5e-04,0,0,0.00127777777777778,0
398,0.664388888888889,0.298388888888889,0.0165,0.0122777777777778,0.00333333333333333,0.00388888888888889,0,0.000111111111111111,0,0,0.00111111111111111,0
399,0.705277777777778,0.270555555555556,0.0095,0.008,0.00277777777777778,0.00261111111111111,5.55555555555556e-05,0,0,0,0.00122222222222222,0
400,0.733055555555556,0.253444444444444,0.00272222222222222,0.00444444444444444,0.00205555555555556,0.00238888888888889,0.000111111111111111,0,0,0,0.00177777777777778,0
401,0.440888888888889,0.440222222222222,0.0156666666666667,0.00811111111111111,0.00555555555555556,0.00422222222222222,0.00322222222222222,0.000611111111111111,0.000555555555555556,0.0496111111111111,0.0311666666666667,0
402,0.472833333333333,0.411944444444444,0.0221111111111111,0.00972222222222222,0.00461111111111111,0.00494444444444444,0.00261111111111111,5e-04,0.000444444444444444,0.0427777777777778,0.0273888888888889,0
403,0.5465,0.352,0.029,0.0108888888888889,0.00372222222222222,0.00566666666666667,0.00161111111111111,0.000555555555555556,0.000388888888888889,0.0302222222222222,0.0194444444444444,0
404,0.633722222222222,0.282944444444444,0.0346111111111111,0.0117777777777778,0.0025,0.00588888888888889,0.000833333333333333,0.000333333333333333,0.000333333333333333,0.0154444444444444,0.0115555555555556,0
405,0.702666666666667,0.228,0.0393333333333333,0.0129444444444444,0.0015,0.00588888888888889,0.000111111111111111,0.000444444444444444,0.000222222222222222,0.00422222222222222,0.00466666666666667,0
406,0.736944444444444,0.2005,0.0375,0.0141111111111111,0.00127777777777778,0.00655555555555556,0,0.000444444444444444,0.000222222222222222,0,0.00244444444444444,0
407,0.744555555555556,0.1975,0.0324444444444444,0.0152777777777778,0.00138888888888889,0.00572222222222222,0,5e-04,0.000166666666666667,0,0.00244444444444444,0
408,0.747222222222222,0.2005,0.0241666666666667,0.0174444444444444,0.00305555555555556,0.00422222222222222,0,0.000722222222222222,0.000222222222222222,0.000277777777777778,0.00216666666666667,0
409,0.747611111111111,0.202888888888889,0.0169444444444444,0.0197777777777778,0.00438888888888889,0.00411111111111111,0,0.000944444444444444,0.000166666666666667,0.000388888888888889,0.00277777777777778,0
410,0.743666666666667,0.211555555555556,0.0141666666666667,0.0185,0.00477777777777778,0.00266666666666667,0,0.0015,0.000166666666666667,5e-04,0.0025,0
411,0.736277777777778,0.221388888888889,0.0171111111111111,0.0157777777777778,0.00322222222222222,0.00361111111111111,0,0.000611111111111111,0,0.000222222222222222,0.00177777777777778,0
412,0.7435,0.219555555555556,0.0213888888888889,0.009,0.00244444444444444,0.00316666666666667,0,0,0,0,0.000833333333333333,0
413,0.787611111111111,0.181222222222222,0.0178888888888889,0.00561111111111111,0.00427777777777778,0.00166666666666667,0,0.000111111111111111,0,0.000166666666666667,0.00144444444444444,0
414,0.743333333333333,0.214444444444444,0.0192222222222222,0.00705555555555556,0.0102222222222222,0.00438888888888889,0,0,0,0,0.00133333333333333,0
415,0.611944444444444,0.354333333333333,0.015,0.00533333333333333,0.0100555555555556,0.00222222222222222,0,0,0.000111111111111111,0,0.000944444444444444,0
416,0.749277777777778,0.212722222222222,0.0187222222222222,0.0111666666666667,0.00394444444444444,0.00277777777777778,0,0.000111111111111111,0.000111111111111111,0,0.00116666666666667,0
417,0.799333333333333,0.182777777777778,0.00861111111111111,0.00477777777777778,0.00205555555555556,0.00111111111111111,0,0,0.000166666666666667,0,0.00116666666666667,0
418,0.677944444444444,0.279888888888889,0.0259444444444444,0.00716666666666667,0.005,0.00238888888888889,0,0,0,0,0.00166666666666667,0
419,0.576111111111111,0.350888888888889,0.0292222222222222,0.00627777777777778,0.00683333333333333,0.0025,0.00116666666666667,0,5.55555555555556e-05,0.0155,0.0113888888888889,0
420,0.4565,0.429388888888889,0.0318333333333333,0.005,0.00705555555555556,0.00211111111111111,0.00344444444444444,0,0.000111111111111111,0.0367222222222222,0.0277222222222222,0
421,0.41,0.460888888888889,0.0310555555555556,0.00411111111111111,0.00672222222222222,0.00183333333333333,0.00494444444444444,0,0.000166666666666667,0.0469444444444444,0.0332222222222222,0
422,0.415722222222222,0.454722222222222,0.0308333333333333,0.00416666666666667,0.00688888888888889,0.00211111111111111,0.00455555555555556,0,0.000166666666666667,0.0458888888888889,0.0348333333333333,0
423,0.433111111111111,0.440833333333333,0.0308888888888889,0.00416666666666667,0.00672222222222222,0.00194444444444444,0.00461111111111111,0,0.000111111111111111,0.0436666666666667,0.0337222222222222,0
424,0.442611111111111,0.435055555555556,0.0285,0.00388888888888889,0.00588888888888889,0.00194444444444444,0.00438888888888889,0,0.000111111111111111,0.0443333333333333,0.0330555555555556,0
425,0.466444444444444,0.419611111111111,0.0284444444444444,0.00394444444444444,0.005,0.00166666666666667,0.00316666666666667,0,0,0.0421666666666667,0.0293888888888889,0
426,0.490944444444444,0.4015,0.027,0.00427777777777778,0.00544444444444444,0.00177777777777778,0.00366666666666667,0,0.000166666666666667,0.0367222222222222,0.0283888888888889,0
427,0.518388888888889,0.381333333333333,0.0252777777777778,0.004,0.00472222222222222,0.00183333333333333,0.00305555555555556,0,0.000222222222222222,0.0353333333333333,0.0257777777777778,0
428,0.553166666666667,0.357555555555556,0.0234444444444444,0.00433333333333333,0.00438888888888889,0.00166666666666667,0.00255555555555556,0,0.000222222222222222,0.0291111111111111,0.0234444444444444,0
429,0.587666666666667,0.331111111111111,0.0208333333333333,0.00477777777777778,0.004,0.00216666666666667,0.00233333333333333,0,0.000166666666666667,0.0272777777777778,0.0196111111111111,0
430,0.615444444444444,0.314111111111111,0.0194444444444444,0.00438888888888889,0.00272222222222222,0.00183333333333333,0.00177777777777778,0,0.000222222222222222,0.0232222222222222,0.0167777777777778,0
431,0.648055555555556,0.290444444444444,0.0190555555555556,0.00383333333333333,0.00255555555555556,0.00216666666666667,0.00155555555555556,0,5.55555555555556e-05,0.0177222222222222,0.0145555555555556,0
432,0.681388888888889,0.266888888888889,0.0156666666666667,0.00461111111111111,0.00205555555555556,0.00183333333333333,0.00111111111111111,0,5.55555555555556e-05,0.014,0.0123333333333333,0
433,0.714666666666667,0.245166666666667,0.0128888888888889,0.00411111111111111,0.00183333333333333,0.00172222222222222,0.000888888888888889,0,5.55555555555556e-05,0.00972222222222222,0.00888888888888889,0
434,0.742333333333333,0.225166666666667,0.0113333333333333,0.00455555555555556,0.00183333333333333,0.00166666666666667,0.000388888888888889,0,5.55555555555556e-05,0.00633333333333333,0.00633333333333333,0
435,0.761722222222222,0.212722222222222,0.0103333333333333,0.00394444444444444,0.00144444444444444,0.00161111111111111,0.000277777777777778,0,0,0.00366666666666667,0.00427777777777778,0
436,0.781666666666667,0.197,0.00916666666666667,0.00455555555555556,0.000944444444444444,0.00166666666666667,5.55555555555556e-05,0,5.55555555555556e-05,0.00155555555555556,0.00333333333333333,0
437,0.792888888888889,0.189833333333333,0.00766666666666667,0.00427777777777778,0.001,0.00138888888888889,0,0,0.000111111111111111,0.000388888888888889,0.00244444444444444,0
438,0.797055555555556,0.186333333333333,0.00761111111111111,0.00405555555555556,0.00116666666666667,0.00127777777777778,0,0,0,0,0.0025,0
439,0.795333333333333,0.187833333333333,0.00183333333333333,0.00133333333333333,0.00122222222222222,0.00127777777777778,0,0.000111111111111111,0,0,0.0110555555555556,0
440,0.807444444444445,0.175055555555556,0.00188888888888889,0.00127777777777778,0.00127777777777778,0.002,0,0.000111111111111111,0,0,0.0109444444444444,0
441,0.824277777777778,0.158,0.00238888888888889,0.0015,0.00105555555555556,0.00338888888888889,0,0.000111111111111111,0,5.55555555555556e-05,0.00922222222222222,0
442,0.849722222222222,0.135333333333333,0.00405555555555556,0.00233333333333333,0.000888888888888889,0.00583333333333333,0,0.000111111111111111,0,0.000166666666666667,0.00144444444444444,0
